current directory: /Users/dalm1-tt/Downloads/hermes-frontend-old/STORM/vendor/bundle/ruby/2.6.0/gems/oj-3.14.2/ext/oj
/System/Library/Frameworks/Ruby.framework/Versions/2.6/usr/bin/ruby -I /System/Library/Frameworks/Ruby.framework/Versions/2.6/usr/lib/ruby/2.6.0 -r ./siteconf20250817-64949-16pdevl.rb extconf.rb
>>>>> Creating Makefile for ruby version 2.6.10 on universal.arm64e-darwin24 <<<<<
checking for rb_gc_mark_movable()... no
checking for stpcpy()... yes
checking for pthread_mutex_init()... yes
checking for rb_enc_interned_str()... no
checking for rb_ext_ractor_safe() in ruby.h... no
creating Makefile

current directory: /Users/dalm1-tt/Downloads/hermes-frontend-old/STORM/vendor/bundle/ruby/2.6.0/gems/oj-3.14.2/ext/oj
make "DESTDIR=" clean

current directory: /Users/dalm1-tt/Downloads/hermes-frontend-old/STORM/vendor/bundle/ruby/2.6.0/gems/oj-3.14.2/ext/oj
make "DESTDIR="
compiling cache.c
compiling cache8.c
compiling circarray.c
compiling code.c
code.c:10:18: warning: '(' and '{' tokens introducing statement expression appear in different macro expansion contexts [-Wcompound-token-split-by-macro]
   10 |     ID    ci   = rb_intern(classname);
      |                  ^~~~~~~~~~~~~~~~~~~~
/Library/Developer/CommandLineTools/SDKs/MacOSX.sdk/System/Library/Frameworks/Ruby.framework/Versions/2.6/usr/include/ruby-2.6.0/ruby/ruby.h:1826:23: note: expanded from macro 'rb_intern'
 1826 |         __extension__ (RUBY_CONST_ID_CACHE((ID), (str))) : \
      |                       ^
code.c:10:18: note: '{' token is here
   10 |     ID    ci   = rb_intern(classname);
      |                  ^~~~~~~~~~~~~~~~~~~~
/Library/Developer/CommandLineTools/SDKs/MacOSX.sdk/System/Library/Frameworks/Ruby.framework/Versions/2.6/usr/include/ruby-2.6.0/ruby/ruby.h:1826:24: note: expanded from macro 'rb_intern'
 1826 |         __extension__ (RUBY_CONST_ID_CACHE((ID), (str))) : \
      |                        ^~~~~~~~~~~~~~~~~~~~~~~~~~~~~~~~
/Library/Developer/CommandLineTools/SDKs/MacOSX.sdk/System/Library/Frameworks/Ruby.framework/Versions/2.6/usr/include/ruby-2.6.0/ruby/ruby.h:1811:5: note: expanded from macro 'RUBY_CONST_ID_CACHE'
 1811 |     {                                                   \
      |     ^
code.c:10:18: warning: '}' and ')' tokens terminating statement expression appear in different macro expansion contexts [-Wcompound-token-split-by-macro]
   10 |     ID    ci   = rb_intern(classname);
      |                  ^~~~~~~~~~~~~~~~~~~~
/Library/Developer/CommandLineTools/SDKs/MacOSX.sdk/System/Library/Frameworks/Ruby.framework/Versions/2.6/usr/include/ruby-2.6.0/ruby/ruby.h:1826:24: note: expanded from macro 'rb_intern'
 1826 |         __extension__ (RUBY_CONST_ID_CACHE((ID), (str))) : \
      |                        ^~~~~~~~~~~~~~~~~~~~~~~~~~~~~~~~
/Library/Developer/CommandLineTools/SDKs/MacOSX.sdk/System/Library/Frameworks/Ruby.framework/Versions/2.6/usr/include/ruby-2.6.0/ruby/ruby.h:1816:5: note: expanded from macro 'RUBY_CONST_ID_CACHE'
 1816 |     }
      |     ^
code.c:10:18: note: ')' token is here
   10 |     ID    ci   = rb_intern(classname);
      |                  ^~~~~~~~~~~~~~~~~~~~
/Library/Developer/CommandLineTools/SDKs/MacOSX.sdk/System/Library/Frameworks/Ruby.framework/Versions/2.6/usr/include/ruby-2.6.0/ruby/ruby.h:1826:56: note: expanded from macro 'rb_intern'
 1826 |         __extension__ (RUBY_CONST_ID_CACHE((ID), (str))) : \
      |                                                        ^
2 warnings generated.
compiling compat.c
compat.c:54:37: warning: '(' and '{' tokens introducing statement expression appear in different macro expansion contexts [-Wcompound-token-split-by-macro]
   54 |             rb_funcall(parent->val, rb_intern("[]="), 2, rkey, rstr);
      |                                     ^~~~~~~~~~~~~~~~
/Library/Developer/CommandLineTools/SDKs/MacOSX.sdk/System/Library/Frameworks/Ruby.framework/Versions/2.6/usr/include/ruby-2.6.0/ruby/ruby.h:1826:23: note: expanded from macro 'rb_intern'
 1826 |         __extension__ (RUBY_CONST_ID_CACHE((ID), (str))) : \
      |                       ^
/Library/Developer/CommandLineTools/SDKs/MacOSX.sdk/System/Library/Frameworks/Ruby.framework/Versions/2.6/usr/include/ruby-2.6.0/ruby/ruby.h:2602:20: note: expanded from macro 'rb_funcall'
 2602 |         rb_funcallv(recv, mid, \
      |                           ^~~
compat.c:54:37: note: '{' token is here
   54 |             rb_funcall(parent->val, rb_intern("[]="), 2, rkey, rstr);
      |                                     ^~~~~~~~~~~~~~~~
/Library/Developer/CommandLineTools/SDKs/MacOSX.sdk/System/Library/Frameworks/Ruby.framework/Versions/2.6/usr/include/ruby-2.6.0/ruby/ruby.h:1826:24: note: expanded from macro 'rb_intern'
 1826 |         __extension__ (RUBY_CONST_ID_CACHE((ID), (str))) : \
      |                        ^~~~~~~~~~~~~~~~~~~~~~~~~~~~~~~~
/Library/Developer/CommandLineTools/SDKs/MacOSX.sdk/System/Library/Frameworks/Ruby.framework/Versions/2.6/usr/include/ruby-2.6.0/ruby/ruby.h:1811:5: note: expanded from macro 'RUBY_CONST_ID_CACHE'
 1811 |     {                                                   \
      |     ^
/Library/Developer/CommandLineTools/SDKs/MacOSX.sdk/System/Library/Frameworks/Ruby.framework/Versions/2.6/usr/include/ruby-2.6.0/ruby/ruby.h:2602:20: note: expanded from macro 'rb_funcall'
 2602 |         rb_funcallv(recv, mid, \
      |                           ^~~
compat.c:54:37: warning: '}' and ')' tokens terminating statement expression appear in different macro expansion contexts [-Wcompound-token-split-by-macro]
   54 |             rb_funcall(parent->val, rb_intern("[]="), 2, rkey, rstr);
      |                                     ^~~~~~~~~~~~~~~~
/Library/Developer/CommandLineTools/SDKs/MacOSX.sdk/System/Library/Frameworks/Ruby.framework/Versions/2.6/usr/include/ruby-2.6.0/ruby/ruby.h:1826:24: note: expanded from macro 'rb_intern'
 1826 |         __extension__ (RUBY_CONST_ID_CACHE((ID), (str))) : \
      |                        ^~~~~~~~~~~~~~~~~~~~~~~~~~~~~~~~
/Library/Developer/CommandLineTools/SDKs/MacOSX.sdk/System/Library/Frameworks/Ruby.framework/Versions/2.6/usr/include/ruby-2.6.0/ruby/ruby.h:1816:5: note: expanded from macro 'RUBY_CONST_ID_CACHE'
 1816 |     }
      |     ^
/Library/Developer/CommandLineTools/SDKs/MacOSX.sdk/System/Library/Frameworks/Ruby.framework/Versions/2.6/usr/include/ruby-2.6.0/ruby/ruby.h:2602:20: note: expanded from macro 'rb_funcall'
 2602 |         rb_funcallv(recv, mid, \
      |                           ^~~
compat.c:54:37: note: ')' token is here
   54 |             rb_funcall(parent->val, rb_intern("[]="), 2, rkey, rstr);
      |                                     ^~~~~~~~~~~~~~~~
/Library/Developer/CommandLineTools/SDKs/MacOSX.sdk/System/Library/Frameworks/Ruby.framework/Versions/2.6/usr/include/ruby-2.6.0/ruby/ruby.h:1826:56: note: expanded from macro 'rb_intern'
 1826 |         __extension__ (RUBY_CONST_ID_CACHE((ID), (str))) : \
      |                                                        ^
/Library/Developer/CommandLineTools/SDKs/MacOSX.sdk/System/Library/Frameworks/Ruby.framework/Versions/2.6/usr/include/ruby-2.6.0/ruby/ruby.h:2602:20: note: expanded from macro 'rb_funcall'
 2602 |         rb_funcallv(recv, mid, \
      |                           ^~~
compat.c:82:28: warning: '(' and '{' tokens introducing statement expression appear in different macro expansion contexts [-Wcompound-token-split-by-macro]
   82 |             ID creatable = rb_intern("json_creatable?");
      |                            ^~~~~~~~~~~~~~~~~~~~~~~~~~~~
/Library/Developer/CommandLineTools/SDKs/MacOSX.sdk/System/Library/Frameworks/Ruby.framework/Versions/2.6/usr/include/ruby-2.6.0/ruby/ruby.h:1826:23: note: expanded from macro 'rb_intern'
 1826 |         __extension__ (RUBY_CONST_ID_CACHE((ID), (str))) : \
      |                       ^
compat.c:82:28: note: '{' token is here
   82 |             ID creatable = rb_intern("json_creatable?");
      |                            ^~~~~~~~~~~~~~~~~~~~~~~~~~~~
/Library/Developer/CommandLineTools/SDKs/MacOSX.sdk/System/Library/Frameworks/Ruby.framework/Versions/2.6/usr/include/ruby-2.6.0/ruby/ruby.h:1826:24: note: expanded from macro 'rb_intern'
 1826 |         __extension__ (RUBY_CONST_ID_CACHE((ID), (str))) : \
      |                        ^~~~~~~~~~~~~~~~~~~~~~~~~~~~~~~~
/Library/Developer/CommandLineTools/SDKs/MacOSX.sdk/System/Library/Frameworks/Ruby.framework/Versions/2.6/usr/include/ruby-2.6.0/ruby/ruby.h:1811:5: note: expanded from macro 'RUBY_CONST_ID_CACHE'
 1811 |     {                                                   \
      |     ^
compat.c:82:28: warning: '}' and ')' tokens terminating statement expression appear in different macro expansion contexts [-Wcompound-token-split-by-macro]
   82 |             ID creatable = rb_intern("json_creatable?");
      |                            ^~~~~~~~~~~~~~~~~~~~~~~~~~~~
/Library/Developer/CommandLineTools/SDKs/MacOSX.sdk/System/Library/Frameworks/Ruby.framework/Versions/2.6/usr/include/ruby-2.6.0/ruby/ruby.h:1826:24: note: expanded from macro 'rb_intern'
 1826 |         __extension__ (RUBY_CONST_ID_CACHE((ID), (str))) : \
      |                        ^~~~~~~~~~~~~~~~~~~~~~~~~~~~~~~~
/Library/Developer/CommandLineTools/SDKs/MacOSX.sdk/System/Library/Frameworks/Ruby.framework/Versions/2.6/usr/include/ruby-2.6.0/ruby/ruby.h:1816:5: note: expanded from macro 'RUBY_CONST_ID_CACHE'
 1816 |     }
      |     ^
compat.c:82:28: note: ')' token is here
   82 |             ID creatable = rb_intern("json_creatable?");
      |                            ^~~~~~~~~~~~~~~~~~~~~~~~~~~~
/Library/Developer/CommandLineTools/SDKs/MacOSX.sdk/System/Library/Frameworks/Ruby.framework/Versions/2.6/usr/include/ruby-2.6.0/ruby/ruby.h:1826:56: note: expanded from macro 'rb_intern'
 1826 |         __extension__ (RUBY_CONST_ID_CACHE((ID), (str))) : \
      |                                                        ^
compat.c:125:20: warning: '(' and '{' tokens introducing statement expression appear in different macro expansion contexts [-Wcompound-token-split-by-macro]
  125 |                    rb_intern("[]="),
      |                    ^~~~~~~~~~~~~~~~
/Library/Developer/CommandLineTools/SDKs/MacOSX.sdk/System/Library/Frameworks/Ruby.framework/Versions/2.6/usr/include/ruby-2.6.0/ruby/ruby.h:1826:23: note: expanded from macro 'rb_intern'
 1826 |         __extension__ (RUBY_CONST_ID_CACHE((ID), (str))) : \
      |                       ^
/Library/Developer/CommandLineTools/SDKs/MacOSX.sdk/System/Library/Frameworks/Ruby.framework/Versions/2.6/usr/include/ruby-2.6.0/ruby/ruby.h:2602:20: note: expanded from macro 'rb_funcall'
 2602 |         rb_funcallv(recv, mid, \
      |                           ^~~
compat.c:125:20: note: '{' token is here
  125 |                    rb_intern("[]="),
      |                    ^~~~~~~~~~~~~~~~
/Library/Developer/CommandLineTools/SDKs/MacOSX.sdk/System/Library/Frameworks/Ruby.framework/Versions/2.6/usr/include/ruby-2.6.0/ruby/ruby.h:1826:24: note: expanded from macro 'rb_intern'
 1826 |         __extension__ (RUBY_CONST_ID_CACHE((ID), (str))) : \
      |                        ^~~~~~~~~~~~~~~~~~~~~~~~~~~~~~~~
/Library/Developer/CommandLineTools/SDKs/MacOSX.sdk/System/Library/Frameworks/Ruby.framework/Versions/2.6/usr/include/ruby-2.6.0/ruby/ruby.h:1811:5: note: expanded from macro 'RUBY_CONST_ID_CACHE'
 1811 |     {                                                   \
      |     ^
/Library/Developer/CommandLineTools/SDKs/MacOSX.sdk/System/Library/Frameworks/Ruby.framework/Versions/2.6/usr/include/ruby-2.6.0/ruby/ruby.h:2602:20: note: expanded from macro 'rb_funcall'
 2602 |         rb_funcallv(recv, mid, \
      |                           ^~~
compat.c:125:20: warning: '}' and ')' tokens terminating statement expression appear in different macro expansion contexts [-Wcompound-token-split-by-macro]
  125 |                    rb_intern("[]="),
      |                    ^~~~~~~~~~~~~~~~
/Library/Developer/CommandLineTools/SDKs/MacOSX.sdk/System/Library/Frameworks/Ruby.framework/Versions/2.6/usr/include/ruby-2.6.0/ruby/ruby.h:1826:24: note: expanded from macro 'rb_intern'
 1826 |         __extension__ (RUBY_CONST_ID_CACHE((ID), (str))) : \
      |                        ^~~~~~~~~~~~~~~~~~~~~~~~~~~~~~~~
/Library/Developer/CommandLineTools/SDKs/MacOSX.sdk/System/Library/Frameworks/Ruby.framework/Versions/2.6/usr/include/ruby-2.6.0/ruby/ruby.h:1816:5: note: expanded from macro 'RUBY_CONST_ID_CACHE'
 1816 |     }
      |     ^
/Library/Developer/CommandLineTools/SDKs/MacOSX.sdk/System/Library/Frameworks/Ruby.framework/Versions/2.6/usr/include/ruby-2.6.0/ruby/ruby.h:2602:20: note: expanded from macro 'rb_funcall'
 2602 |         rb_funcallv(recv, mid, \
      |                           ^~~
compat.c:125:20: note: ')' token is here
  125 |                    rb_intern("[]="),
      |                    ^~~~~~~~~~~~~~~~
/Library/Developer/CommandLineTools/SDKs/MacOSX.sdk/System/Library/Frameworks/Ruby.framework/Versions/2.6/usr/include/ruby-2.6.0/ruby/ruby.h:1826:56: note: expanded from macro 'rb_intern'
 1826 |         __extension__ (RUBY_CONST_ID_CACHE((ID), (str))) : \
      |                                                        ^
/Library/Developer/CommandLineTools/SDKs/MacOSX.sdk/System/Library/Frameworks/Ruby.framework/Versions/2.6/usr/include/ruby-2.6.0/ruby/ruby.h:2602:20: note: expanded from macro 'rb_funcall'
 2602 |         rb_funcallv(recv, mid, \
      |                           ^~~
compat.c:142:20: warning: '(' and '{' tokens introducing statement expression appear in different macro expansion contexts [-Wcompound-token-split-by-macro]
  142 |                    rb_intern("[]="),
      |                    ^~~~~~~~~~~~~~~~
/Library/Developer/CommandLineTools/SDKs/MacOSX.sdk/System/Library/Frameworks/Ruby.framework/Versions/2.6/usr/include/ruby-2.6.0/ruby/ruby.h:1826:23: note: expanded from macro 'rb_intern'
 1826 |         __extension__ (RUBY_CONST_ID_CACHE((ID), (str))) : \
      |                       ^
/Library/Developer/CommandLineTools/SDKs/MacOSX.sdk/System/Library/Frameworks/Ruby.framework/Versions/2.6/usr/include/ruby-2.6.0/ruby/ruby.h:2602:20: note: expanded from macro 'rb_funcall'
 2602 |         rb_funcallv(recv, mid, \
      |                           ^~~
compat.c:142:20: note: '{' token is here
  142 |                    rb_intern("[]="),
      |                    ^~~~~~~~~~~~~~~~
/Library/Developer/CommandLineTools/SDKs/MacOSX.sdk/System/Library/Frameworks/Ruby.framework/Versions/2.6/usr/include/ruby-2.6.0/ruby/ruby.h:1826:24: note: expanded from macro 'rb_intern'
 1826 |         __extension__ (RUBY_CONST_ID_CACHE((ID), (str))) : \
      |                        ^~~~~~~~~~~~~~~~~~~~~~~~~~~~~~~~
/Library/Developer/CommandLineTools/SDKs/MacOSX.sdk/System/Library/Frameworks/Ruby.framework/Versions/2.6/usr/include/ruby-2.6.0/ruby/ruby.h:1811:5: note: expanded from macro 'RUBY_CONST_ID_CACHE'
 1811 |     {                                                   \
      |     ^
/Library/Developer/CommandLineTools/SDKs/MacOSX.sdk/System/Library/Frameworks/Ruby.framework/Versions/2.6/usr/include/ruby-2.6.0/ruby/ruby.h:2602:20: note: expanded from macro 'rb_funcall'
 2602 |         rb_funcallv(recv, mid, \
      |                           ^~~
compat.c:142:20: warning: '}' and ')' tokens terminating statement expression appear in different macro expansion contexts [-Wcompound-token-split-by-macro]
  142 |                    rb_intern("[]="),
      |                    ^~~~~~~~~~~~~~~~
/Library/Developer/CommandLineTools/SDKs/MacOSX.sdk/System/Library/Frameworks/Ruby.framework/Versions/2.6/usr/include/ruby-2.6.0/ruby/ruby.h:1826:24: note: expanded from macro 'rb_intern'
 1826 |         __extension__ (RUBY_CONST_ID_CACHE((ID), (str))) : \
      |                        ^~~~~~~~~~~~~~~~~~~~~~~~~~~~~~~~
/Library/Developer/CommandLineTools/SDKs/MacOSX.sdk/System/Library/Frameworks/Ruby.framework/Versions/2.6/usr/include/ruby-2.6.0/ruby/ruby.h:1816:5: note: expanded from macro 'RUBY_CONST_ID_CACHE'
 1816 |     }
      |     ^
/Library/Developer/CommandLineTools/SDKs/MacOSX.sdk/System/Library/Frameworks/Ruby.framework/Versions/2.6/usr/include/ruby-2.6.0/ruby/ruby.h:2602:20: note: expanded from macro 'rb_funcall'
 2602 |         rb_funcallv(recv, mid, \
      |                           ^~~
compat.c:142:20: note: ')' token is here
  142 |                    rb_intern("[]="),
      |                    ^~~~~~~~~~~~~~~~
/Library/Developer/CommandLineTools/SDKs/MacOSX.sdk/System/Library/Frameworks/Ruby.framework/Versions/2.6/usr/include/ruby-2.6.0/ruby/ruby.h:1826:56: note: expanded from macro 'rb_intern'
 1826 |         __extension__ (RUBY_CONST_ID_CACHE((ID), (str))) : \
      |                                                        ^
/Library/Developer/CommandLineTools/SDKs/MacOSX.sdk/System/Library/Frameworks/Ruby.framework/Versions/2.6/usr/include/ruby-2.6.0/ruby/ruby.h:2602:20: note: expanded from macro 'rb_funcall'
 2602 |         rb_funcallv(recv, mid, \
      |                           ^~~
compat.c:168:33: warning: '(' and '{' tokens introducing statement expression appear in different macro expansion contexts [-Wcompound-token-split-by-macro]
  168 |         rb_funcall(parent->val, rb_intern("<<"), 1, rval);
      |                                 ^~~~~~~~~~~~~~~
/Library/Developer/CommandLineTools/SDKs/MacOSX.sdk/System/Library/Frameworks/Ruby.framework/Versions/2.6/usr/include/ruby-2.6.0/ruby/ruby.h:1826:23: note: expanded from macro 'rb_intern'
 1826 |         __extension__ (RUBY_CONST_ID_CACHE((ID), (str))) : \
      |                       ^
/Library/Developer/CommandLineTools/SDKs/MacOSX.sdk/System/Library/Frameworks/Ruby.framework/Versions/2.6/usr/include/ruby-2.6.0/ruby/ruby.h:2602:20: note: expanded from macro 'rb_funcall'
 2602 |         rb_funcallv(recv, mid, \
      |                           ^~~
compat.c:168:33: note: '{' token is here
  168 |         rb_funcall(parent->val, rb_intern("<<"), 1, rval);
      |                                 ^~~~~~~~~~~~~~~
/Library/Developer/CommandLineTools/SDKs/MacOSX.sdk/System/Library/Frameworks/Ruby.framework/Versions/2.6/usr/include/ruby-2.6.0/ruby/ruby.h:1826:24: note: expanded from macro 'rb_intern'
 1826 |         __extension__ (RUBY_CONST_ID_CACHE((ID), (str))) : \
      |                        ^~~~~~~~~~~~~~~~~~~~~~~~~~~~~~~~
/Library/Developer/CommandLineTools/SDKs/MacOSX.sdk/System/Library/Frameworks/Ruby.framework/Versions/2.6/usr/include/ruby-2.6.0/ruby/ruby.h:1811:5: note: expanded from macro 'RUBY_CONST_ID_CACHE'
 1811 |     {                                                   \
      |     ^
/Library/Developer/CommandLineTools/SDKs/MacOSX.sdk/System/Library/Frameworks/Ruby.framework/Versions/2.6/usr/include/ruby-2.6.0/ruby/ruby.h:2602:20: note: expanded from macro 'rb_funcall'
 2602 |         rb_funcallv(recv, mid, \
      |                           ^~~
compat.c:168:33: warning: '}' and ')' tokens terminating statement expression appear in different macro expansion contexts [-Wcompound-token-split-by-macro]
  168 |         rb_funcall(parent->val, rb_intern("<<"), 1, rval);
      |                                 ^~~~~~~~~~~~~~~
/Library/Developer/CommandLineTools/SDKs/MacOSX.sdk/System/Library/Frameworks/Ruby.framework/Versions/2.6/usr/include/ruby-2.6.0/ruby/ruby.h:1826:24: note: expanded from macro 'rb_intern'
 1826 |         __extension__ (RUBY_CONST_ID_CACHE((ID), (str))) : \
      |                        ^~~~~~~~~~~~~~~~~~~~~~~~~~~~~~~~
/Library/Developer/CommandLineTools/SDKs/MacOSX.sdk/System/Library/Frameworks/Ruby.framework/Versions/2.6/usr/include/ruby-2.6.0/ruby/ruby.h:1816:5: note: expanded from macro 'RUBY_CONST_ID_CACHE'
 1816 |     }
      |     ^
/Library/Developer/CommandLineTools/SDKs/MacOSX.sdk/System/Library/Frameworks/Ruby.framework/Versions/2.6/usr/include/ruby-2.6.0/ruby/ruby.h:2602:20: note: expanded from macro 'rb_funcall'
 2602 |         rb_funcallv(recv, mid, \
      |                           ^~~
compat.c:168:33: note: ')' token is here
  168 |         rb_funcall(parent->val, rb_intern("<<"), 1, rval);
      |                                 ^~~~~~~~~~~~~~~
/Library/Developer/CommandLineTools/SDKs/MacOSX.sdk/System/Library/Frameworks/Ruby.framework/Versions/2.6/usr/include/ruby-2.6.0/ruby/ruby.h:1826:56: note: expanded from macro 'rb_intern'
 1826 |         __extension__ (RUBY_CONST_ID_CACHE((ID), (str))) : \
      |                                                        ^
/Library/Developer/CommandLineTools/SDKs/MacOSX.sdk/System/Library/Frameworks/Ruby.framework/Versions/2.6/usr/include/ruby-2.6.0/ruby/ruby.h:2602:20: note: expanded from macro 'rb_funcall'
 2602 |         rb_funcallv(recv, mid, \
      |                           ^~~
10 warnings generated.
compiling custom.c
custom.c:69:23: warning: '(' and '{' tokens introducing statement expression appear in different macro expansion contexts [-Wcompound-token-split-by-macro]
   69 |             real_id = rb_intern("real");
      |                       ^~~~~~~~~~~~~~~~~
/Library/Developer/CommandLineTools/SDKs/MacOSX.sdk/System/Library/Frameworks/Ruby.framework/Versions/2.6/usr/include/ruby-2.6.0/ruby/ruby.h:1826:23: note: expanded from macro 'rb_intern'
 1826 |         __extension__ (RUBY_CONST_ID_CACHE((ID), (str))) : \
      |                       ^
custom.c:69:23: note: '{' token is here
   69 |             real_id = rb_intern("real");
      |                       ^~~~~~~~~~~~~~~~~
/Library/Developer/CommandLineTools/SDKs/MacOSX.sdk/System/Library/Frameworks/Ruby.framework/Versions/2.6/usr/include/ruby-2.6.0/ruby/ruby.h:1826:24: note: expanded from macro 'rb_intern'
 1826 |         __extension__ (RUBY_CONST_ID_CACHE((ID), (str))) : \
      |                        ^~~~~~~~~~~~~~~~~~~~~~~~~~~~~~~~
/Library/Developer/CommandLineTools/SDKs/MacOSX.sdk/System/Library/Frameworks/Ruby.framework/Versions/2.6/usr/include/ruby-2.6.0/ruby/ruby.h:1811:5: note: expanded from macro 'RUBY_CONST_ID_CACHE'
 1811 |     {                                                   \
      |     ^
custom.c:69:23: warning: '}' and ')' tokens terminating statement expression appear in different macro expansion contexts [-Wcompound-token-split-by-macro]
   69 |             real_id = rb_intern("real");
      |                       ^~~~~~~~~~~~~~~~~
/Library/Developer/CommandLineTools/SDKs/MacOSX.sdk/System/Library/Frameworks/Ruby.framework/Versions/2.6/usr/include/ruby-2.6.0/ruby/ruby.h:1826:24: note: expanded from macro 'rb_intern'
 1826 |         __extension__ (RUBY_CONST_ID_CACHE((ID), (str))) : \
      |                        ^~~~~~~~~~~~~~~~~~~~~~~~~~~~~~~~
/Library/Developer/CommandLineTools/SDKs/MacOSX.sdk/System/Library/Frameworks/Ruby.framework/Versions/2.6/usr/include/ruby-2.6.0/ruby/ruby.h:1816:5: note: expanded from macro 'RUBY_CONST_ID_CACHE'
 1816 |     }
      |     ^
custom.c:69:23: note: ')' token is here
   69 |             real_id = rb_intern("real");
      |                       ^~~~~~~~~~~~~~~~~
/Library/Developer/CommandLineTools/SDKs/MacOSX.sdk/System/Library/Frameworks/Ruby.framework/Versions/2.6/usr/include/ruby-2.6.0/ruby/ruby.h:1826:56: note: expanded from macro 'rb_intern'
 1826 |         __extension__ (RUBY_CONST_ID_CACHE((ID), (str))) : \
      |                                                        ^
custom.c:70:23: warning: '(' and '{' tokens introducing statement expression appear in different macro expansion contexts [-Wcompound-token-split-by-macro]
   70 |             imag_id = rb_intern("imag");
      |                       ^~~~~~~~~~~~~~~~~
/Library/Developer/CommandLineTools/SDKs/MacOSX.sdk/System/Library/Frameworks/Ruby.framework/Versions/2.6/usr/include/ruby-2.6.0/ruby/ruby.h:1826:23: note: expanded from macro 'rb_intern'
 1826 |         __extension__ (RUBY_CONST_ID_CACHE((ID), (str))) : \
      |                       ^
custom.c:70:23: note: '{' token is here
   70 |             imag_id = rb_intern("imag");
      |                       ^~~~~~~~~~~~~~~~~
/Library/Developer/CommandLineTools/SDKs/MacOSX.sdk/System/Library/Frameworks/Ruby.framework/Versions/2.6/usr/include/ruby-2.6.0/ruby/ruby.h:1826:24: note: expanded from macro 'rb_intern'
 1826 |         __extension__ (RUBY_CONST_ID_CACHE((ID), (str))) : \
      |                        ^~~~~~~~~~~~~~~~~~~~~~~~~~~~~~~~
/Library/Developer/CommandLineTools/SDKs/MacOSX.sdk/System/Library/Frameworks/Ruby.framework/Versions/2.6/usr/include/ruby-2.6.0/ruby/ruby.h:1811:5: note: expanded from macro 'RUBY_CONST_ID_CACHE'
 1811 |     {                                                   \
      |     ^
custom.c:70:23: warning: '}' and ')' tokens terminating statement expression appear in different macro expansion contexts [-Wcompound-token-split-by-macro]
   70 |             imag_id = rb_intern("imag");
      |                       ^~~~~~~~~~~~~~~~~
/Library/Developer/CommandLineTools/SDKs/MacOSX.sdk/System/Library/Frameworks/Ruby.framework/Versions/2.6/usr/include/ruby-2.6.0/ruby/ruby.h:1826:24: note: expanded from macro 'rb_intern'
 1826 |         __extension__ (RUBY_CONST_ID_CACHE((ID), (str))) : \
      |                        ^~~~~~~~~~~~~~~~~~~~~~~~~~~~~~~~
/Library/Developer/CommandLineTools/SDKs/MacOSX.sdk/System/Library/Frameworks/Ruby.framework/Versions/2.6/usr/include/ruby-2.6.0/ruby/ruby.h:1816:5: note: expanded from macro 'RUBY_CONST_ID_CACHE'
 1816 |     }
      |     ^
custom.c:70:23: note: ')' token is here
   70 |             imag_id = rb_intern("imag");
      |                       ^~~~~~~~~~~~~~~~~
/Library/Developer/CommandLineTools/SDKs/MacOSX.sdk/System/Library/Frameworks/Ruby.framework/Versions/2.6/usr/include/ruby-2.6.0/ruby/ruby.h:1826:56: note: expanded from macro 'rb_intern'
 1826 |         __extension__ (RUBY_CONST_ID_CACHE((ID), (str))) : \
      |                                                        ^
custom.c:83:19: warning: '(' and '{' tokens introducing statement expression appear in different macro expansion contexts [-Wcompound-token-split-by-macro]
   83 |         real_id = rb_intern("real");
      |                   ^~~~~~~~~~~~~~~~~
/Library/Developer/CommandLineTools/SDKs/MacOSX.sdk/System/Library/Frameworks/Ruby.framework/Versions/2.6/usr/include/ruby-2.6.0/ruby/ruby.h:1826:23: note: expanded from macro 'rb_intern'
 1826 |         __extension__ (RUBY_CONST_ID_CACHE((ID), (str))) : \
      |                       ^
custom.c:83:19: note: '{' token is here
   83 |         real_id = rb_intern("real");
      |                   ^~~~~~~~~~~~~~~~~
/Library/Developer/CommandLineTools/SDKs/MacOSX.sdk/System/Library/Frameworks/Ruby.framework/Versions/2.6/usr/include/ruby-2.6.0/ruby/ruby.h:1826:24: note: expanded from macro 'rb_intern'
 1826 |         __extension__ (RUBY_CONST_ID_CACHE((ID), (str))) : \
      |                        ^~~~~~~~~~~~~~~~~~~~~~~~~~~~~~~~
/Library/Developer/CommandLineTools/SDKs/MacOSX.sdk/System/Library/Frameworks/Ruby.framework/Versions/2.6/usr/include/ruby-2.6.0/ruby/ruby.h:1811:5: note: expanded from macro 'RUBY_CONST_ID_CACHE'
 1811 |     {                                                   \
      |     ^
custom.c:83:19: warning: '}' and ')' tokens terminating statement expression appear in different macro expansion contexts [-Wcompound-token-split-by-macro]
   83 |         real_id = rb_intern("real");
      |                   ^~~~~~~~~~~~~~~~~
/Library/Developer/CommandLineTools/SDKs/MacOSX.sdk/System/Library/Frameworks/Ruby.framework/Versions/2.6/usr/include/ruby-2.6.0/ruby/ruby.h:1826:24: note: expanded from macro 'rb_intern'
 1826 |         __extension__ (RUBY_CONST_ID_CACHE((ID), (str))) : \
      |                        ^~~~~~~~~~~~~~~~~~~~~~~~~~~~~~~~
/Library/Developer/CommandLineTools/SDKs/MacOSX.sdk/System/Library/Frameworks/Ruby.framework/Versions/2.6/usr/include/ruby-2.6.0/ruby/ruby.h:1816:5: note: expanded from macro 'RUBY_CONST_ID_CACHE'
 1816 |     }
      |     ^
custom.c:83:19: note: ')' token is here
   83 |         real_id = rb_intern("real");
      |                   ^~~~~~~~~~~~~~~~~
/Library/Developer/CommandLineTools/SDKs/MacOSX.sdk/System/Library/Frameworks/Ruby.framework/Versions/2.6/usr/include/ruby-2.6.0/ruby/ruby.h:1826:56: note: expanded from macro 'rb_intern'
 1826 |         __extension__ (RUBY_CONST_ID_CACHE((ID), (str))) : \
      |                                                        ^
custom.c:84:19: warning: '(' and '{' tokens introducing statement expression appear in different macro expansion contexts [-Wcompound-token-split-by-macro]
   84 |         imag_id = rb_intern("imag");
      |                   ^~~~~~~~~~~~~~~~~
/Library/Developer/CommandLineTools/SDKs/MacOSX.sdk/System/Library/Frameworks/Ruby.framework/Versions/2.6/usr/include/ruby-2.6.0/ruby/ruby.h:1826:23: note: expanded from macro 'rb_intern'
 1826 |         __extension__ (RUBY_CONST_ID_CACHE((ID), (str))) : \
      |                       ^
custom.c:84:19: note: '{' token is here
   84 |         imag_id = rb_intern("imag");
      |                   ^~~~~~~~~~~~~~~~~
/Library/Developer/CommandLineTools/SDKs/MacOSX.sdk/System/Library/Frameworks/Ruby.framework/Versions/2.6/usr/include/ruby-2.6.0/ruby/ruby.h:1826:24: note: expanded from macro 'rb_intern'
 1826 |         __extension__ (RUBY_CONST_ID_CACHE((ID), (str))) : \
      |                        ^~~~~~~~~~~~~~~~~~~~~~~~~~~~~~~~
/Library/Developer/CommandLineTools/SDKs/MacOSX.sdk/System/Library/Frameworks/Ruby.framework/Versions/2.6/usr/include/ruby-2.6.0/ruby/ruby.h:1811:5: note: expanded from macro 'RUBY_CONST_ID_CACHE'
 1811 |     {                                                   \
      |     ^
custom.c:84:19: warning: '}' and ')' tokens terminating statement expression appear in different macro expansion contexts [-Wcompound-token-split-by-macro]
   84 |         imag_id = rb_intern("imag");
      |                   ^~~~~~~~~~~~~~~~~
/Library/Developer/CommandLineTools/SDKs/MacOSX.sdk/System/Library/Frameworks/Ruby.framework/Versions/2.6/usr/include/ruby-2.6.0/ruby/ruby.h:1826:24: note: expanded from macro 'rb_intern'
 1826 |         __extension__ (RUBY_CONST_ID_CACHE((ID), (str))) : \
      |                        ^~~~~~~~~~~~~~~~~~~~~~~~~~~~~~~~
/Library/Developer/CommandLineTools/SDKs/MacOSX.sdk/System/Library/Frameworks/Ruby.framework/Versions/2.6/usr/include/ruby-2.6.0/ruby/ruby.h:1816:5: note: expanded from macro 'RUBY_CONST_ID_CACHE'
 1816 |     }
      |     ^
custom.c:84:19: note: ')' token is here
   84 |         imag_id = rb_intern("imag");
      |                   ^~~~~~~~~~~~~~~~~
/Library/Developer/CommandLineTools/SDKs/MacOSX.sdk/System/Library/Frameworks/Ruby.framework/Versions/2.6/usr/include/ruby-2.6.0/ruby/ruby.h:1826:56: note: expanded from macro 'rb_intern'
 1826 |         __extension__ (RUBY_CONST_ID_CACHE((ID), (str))) : \
      |                                                        ^
custom.c:115:40: warning: '(' and '{' tokens introducing statement expression appear in different macro expansion contexts [-Wcompound-token-split-by-macro]
  115 |         attrs->value = rb_funcall(obj, rb_intern("iso8601"), 0);
      |                                        ^~~~~~~~~~~~~~~~~~~~
/Library/Developer/CommandLineTools/SDKs/MacOSX.sdk/System/Library/Frameworks/Ruby.framework/Versions/2.6/usr/include/ruby-2.6.0/ruby/ruby.h:1826:23: note: expanded from macro 'rb_intern'
 1826 |         __extension__ (RUBY_CONST_ID_CACHE((ID), (str))) : \
      |                       ^
/Library/Developer/CommandLineTools/SDKs/MacOSX.sdk/System/Library/Frameworks/Ruby.framework/Versions/2.6/usr/include/ruby-2.6.0/ruby/ruby.h:2602:20: note: expanded from macro 'rb_funcall'
 2602 |         rb_funcallv(recv, mid, \
      |                           ^~~
custom.c:115:40: note: '{' token is here
  115 |         attrs->value = rb_funcall(obj, rb_intern("iso8601"), 0);
      |                                        ^~~~~~~~~~~~~~~~~~~~
/Library/Developer/CommandLineTools/SDKs/MacOSX.sdk/System/Library/Frameworks/Ruby.framework/Versions/2.6/usr/include/ruby-2.6.0/ruby/ruby.h:1826:24: note: expanded from macro 'rb_intern'
 1826 |         __extension__ (RUBY_CONST_ID_CACHE((ID), (str))) : \
      |                        ^~~~~~~~~~~~~~~~~~~~~~~~~~~~~~~~
/Library/Developer/CommandLineTools/SDKs/MacOSX.sdk/System/Library/Frameworks/Ruby.framework/Versions/2.6/usr/include/ruby-2.6.0/ruby/ruby.h:1811:5: note: expanded from macro 'RUBY_CONST_ID_CACHE'
 1811 |     {                                                   \
      |     ^
/Library/Developer/CommandLineTools/SDKs/MacOSX.sdk/System/Library/Frameworks/Ruby.framework/Versions/2.6/usr/include/ruby-2.6.0/ruby/ruby.h:2602:20: note: expanded from macro 'rb_funcall'
 2602 |         rb_funcallv(recv, mid, \
      |                           ^~~
custom.c:115:40: warning: '}' and ')' tokens terminating statement expression appear in different macro expansion contexts [-Wcompound-token-split-by-macro]
  115 |         attrs->value = rb_funcall(obj, rb_intern("iso8601"), 0);
      |                                        ^~~~~~~~~~~~~~~~~~~~
/Library/Developer/CommandLineTools/SDKs/MacOSX.sdk/System/Library/Frameworks/Ruby.framework/Versions/2.6/usr/include/ruby-2.6.0/ruby/ruby.h:1826:24: note: expanded from macro 'rb_intern'
 1826 |         __extension__ (RUBY_CONST_ID_CACHE((ID), (str))) : \
      |                        ^~~~~~~~~~~~~~~~~~~~~~~~~~~~~~~~
/Library/Developer/CommandLineTools/SDKs/MacOSX.sdk/System/Library/Frameworks/Ruby.framework/Versions/2.6/usr/include/ruby-2.6.0/ruby/ruby.h:1816:5: note: expanded from macro 'RUBY_CONST_ID_CACHE'
 1816 |     }
      |     ^
/Library/Developer/CommandLineTools/SDKs/MacOSX.sdk/System/Library/Frameworks/Ruby.framework/Versions/2.6/usr/include/ruby-2.6.0/ruby/ruby.h:2602:20: note: expanded from macro 'rb_funcall'
 2602 |         rb_funcallv(recv, mid, \
      |                           ^~~
custom.c:115:40: note: ')' token is here
  115 |         attrs->value = rb_funcall(obj, rb_intern("iso8601"), 0);
      |                                        ^~~~~~~~~~~~~~~~~~~~
/Library/Developer/CommandLineTools/SDKs/MacOSX.sdk/System/Library/Frameworks/Ruby.framework/Versions/2.6/usr/include/ruby-2.6.0/ruby/ruby.h:1826:56: note: expanded from macro 'rb_intern'
 1826 |         __extension__ (RUBY_CONST_ID_CACHE((ID), (str))) : \
      |                                                        ^
/Library/Developer/CommandLineTools/SDKs/MacOSX.sdk/System/Library/Frameworks/Ruby.framework/Versions/2.6/usr/include/ruby-2.6.0/ruby/ruby.h:2602:20: note: expanded from macro 'rb_funcall'
 2602 |         rb_funcallv(recv, mid, \
      |                           ^~~
custom.c:125:33: warning: '(' and '{' tokens introducing statement expression appear in different macro expansion contexts [-Wcompound-token-split-by-macro]
  125 |             v = rb_funcall(obj, rb_intern("iso8601"), 0);
      |                                 ^~~~~~~~~~~~~~~~~~~~
/Library/Developer/CommandLineTools/SDKs/MacOSX.sdk/System/Library/Frameworks/Ruby.framework/Versions/2.6/usr/include/ruby-2.6.0/ruby/ruby.h:1826:23: note: expanded from macro 'rb_intern'
 1826 |         __extension__ (RUBY_CONST_ID_CACHE((ID), (str))) : \
      |                       ^
/Library/Developer/CommandLineTools/SDKs/MacOSX.sdk/System/Library/Frameworks/Ruby.framework/Versions/2.6/usr/include/ruby-2.6.0/ruby/ruby.h:2602:20: note: expanded from macro 'rb_funcall'
 2602 |         rb_funcallv(recv, mid, \
      |                           ^~~
custom.c:125:33: note: '{' token is here
  125 |             v = rb_funcall(obj, rb_intern("iso8601"), 0);
      |                                 ^~~~~~~~~~~~~~~~~~~~
/Library/Developer/CommandLineTools/SDKs/MacOSX.sdk/System/Library/Frameworks/Ruby.framework/Versions/2.6/usr/include/ruby-2.6.0/ruby/ruby.h:1826:24: note: expanded from macro 'rb_intern'
 1826 |         __extension__ (RUBY_CONST_ID_CACHE((ID), (str))) : \
      |                        ^~~~~~~~~~~~~~~~~~~~~~~~~~~~~~~~
/Library/Developer/CommandLineTools/SDKs/MacOSX.sdk/System/Library/Frameworks/Ruby.framework/Versions/2.6/usr/include/ruby-2.6.0/ruby/ruby.h:1811:5: note: expanded from macro 'RUBY_CONST_ID_CACHE'
 1811 |     {                                                   \
      |     ^
/Library/Developer/CommandLineTools/SDKs/MacOSX.sdk/System/Library/Frameworks/Ruby.framework/Versions/2.6/usr/include/ruby-2.6.0/ruby/ruby.h:2602:20: note: expanded from macro 'rb_funcall'
 2602 |         rb_funcallv(recv, mid, \
      |                           ^~~
custom.c:125:33: warning: '}' and ')' tokens terminating statement expression appear in different macro expansion contexts [-Wcompound-token-split-by-macro]
  125 |             v = rb_funcall(obj, rb_intern("iso8601"), 0);
      |                                 ^~~~~~~~~~~~~~~~~~~~
/Library/Developer/CommandLineTools/SDKs/MacOSX.sdk/System/Library/Frameworks/Ruby.framework/Versions/2.6/usr/include/ruby-2.6.0/ruby/ruby.h:1826:24: note: expanded from macro 'rb_intern'
 1826 |         __extension__ (RUBY_CONST_ID_CACHE((ID), (str))) : \
      |                        ^~~~~~~~~~~~~~~~~~~~~~~~~~~~~~~~
/Library/Developer/CommandLineTools/SDKs/MacOSX.sdk/System/Library/Frameworks/Ruby.framework/Versions/2.6/usr/include/ruby-2.6.0/ruby/ruby.h:1816:5: note: expanded from macro 'RUBY_CONST_ID_CACHE'
 1816 |     }
      |     ^
/Library/Developer/CommandLineTools/SDKs/MacOSX.sdk/System/Library/Frameworks/Ruby.framework/Versions/2.6/usr/include/ruby-2.6.0/ruby/ruby.h:2602:20: note: expanded from macro 'rb_funcall'
 2602 |         rb_funcallv(recv, mid, \
      |                           ^~~
custom.c:125:33: note: ')' token is here
  125 |             v = rb_funcall(obj, rb_intern("iso8601"), 0);
      |                                 ^~~~~~~~~~~~~~~~~~~~
/Library/Developer/CommandLineTools/SDKs/MacOSX.sdk/System/Library/Frameworks/Ruby.framework/Versions/2.6/usr/include/ruby-2.6.0/ruby/ruby.h:1826:56: note: expanded from macro 'rb_intern'
 1826 |         __extension__ (RUBY_CONST_ID_CACHE((ID), (str))) : \
      |                                                        ^
/Library/Developer/CommandLineTools/SDKs/MacOSX.sdk/System/Library/Frameworks/Ruby.framework/Versions/2.6/usr/include/ruby-2.6.0/ruby/ruby.h:2602:20: note: expanded from macro 'rb_funcall'
 2602 |         rb_funcallv(recv, mid, \
      |                           ^~~
custom.c:129:33: warning: '(' and '{' tokens introducing statement expression appear in different macro expansion contexts [-Wcompound-token-split-by-macro]
  129 |             v = rb_funcall(obj, rb_intern("to_time"), 0);
      |                                 ^~~~~~~~~~~~~~~~~~~~
/Library/Developer/CommandLineTools/SDKs/MacOSX.sdk/System/Library/Frameworks/Ruby.framework/Versions/2.6/usr/include/ruby-2.6.0/ruby/ruby.h:1826:23: note: expanded from macro 'rb_intern'
 1826 |         __extension__ (RUBY_CONST_ID_CACHE((ID), (str))) : \
      |                       ^
/Library/Developer/CommandLineTools/SDKs/MacOSX.sdk/System/Library/Frameworks/Ruby.framework/Versions/2.6/usr/include/ruby-2.6.0/ruby/ruby.h:2602:20: note: expanded from macro 'rb_funcall'
 2602 |         rb_funcallv(recv, mid, \
      |                           ^~~
custom.c:129:33: note: '{' token is here
  129 |             v = rb_funcall(obj, rb_intern("to_time"), 0);
      |                                 ^~~~~~~~~~~~~~~~~~~~
/Library/Developer/CommandLineTools/SDKs/MacOSX.sdk/System/Library/Frameworks/Ruby.framework/Versions/2.6/usr/include/ruby-2.6.0/ruby/ruby.h:1826:24: note: expanded from macro 'rb_intern'
 1826 |         __extension__ (RUBY_CONST_ID_CACHE((ID), (str))) : \
      |                        ^~~~~~~~~~~~~~~~~~~~~~~~~~~~~~~~
/Library/Developer/CommandLineTools/SDKs/MacOSX.sdk/System/Library/Frameworks/Ruby.framework/Versions/2.6/usr/include/ruby-2.6.0/ruby/ruby.h:1811:5: note: expanded from macro 'RUBY_CONST_ID_CACHE'
 1811 |     {                                                   \
      |     ^
/Library/Developer/CommandLineTools/SDKs/MacOSX.sdk/System/Library/Frameworks/Ruby.framework/Versions/2.6/usr/include/ruby-2.6.0/ruby/ruby.h:2602:20: note: expanded from macro 'rb_funcall'
 2602 |         rb_funcallv(recv, mid, \
      |                           ^~~
custom.c:129:33: warning: '}' and ')' tokens terminating statement expression appear in different macro expansion contexts [-Wcompound-token-split-by-macro]
  129 |             v = rb_funcall(obj, rb_intern("to_time"), 0);
      |                                 ^~~~~~~~~~~~~~~~~~~~
/Library/Developer/CommandLineTools/SDKs/MacOSX.sdk/System/Library/Frameworks/Ruby.framework/Versions/2.6/usr/include/ruby-2.6.0/ruby/ruby.h:1826:24: note: expanded from macro 'rb_intern'
 1826 |         __extension__ (RUBY_CONST_ID_CACHE((ID), (str))) : \
      |                        ^~~~~~~~~~~~~~~~~~~~~~~~~~~~~~~~
/Library/Developer/CommandLineTools/SDKs/MacOSX.sdk/System/Library/Frameworks/Ruby.framework/Versions/2.6/usr/include/ruby-2.6.0/ruby/ruby.h:1816:5: note: expanded from macro 'RUBY_CONST_ID_CACHE'
 1816 |     }
      |     ^
/Library/Developer/CommandLineTools/SDKs/MacOSX.sdk/System/Library/Frameworks/Ruby.framework/Versions/2.6/usr/include/ruby-2.6.0/ruby/ruby.h:2602:20: note: expanded from macro 'rb_funcall'
 2602 |         rb_funcallv(recv, mid, \
      |                           ^~~
custom.c:129:33: note: ')' token is here
  129 |             v = rb_funcall(obj, rb_intern("to_time"), 0);
      |                                 ^~~~~~~~~~~~~~~~~~~~
/Library/Developer/CommandLineTools/SDKs/MacOSX.sdk/System/Library/Frameworks/Ruby.framework/Versions/2.6/usr/include/ruby-2.6.0/ruby/ruby.h:1826:56: note: expanded from macro 'rb_intern'
 1826 |         __extension__ (RUBY_CONST_ID_CACHE((ID), (str))) : \
      |                                                        ^
/Library/Developer/CommandLineTools/SDKs/MacOSX.sdk/System/Library/Frameworks/Ruby.framework/Versions/2.6/usr/include/ruby-2.6.0/ruby/ruby.h:2602:20: note: expanded from macro 'rb_funcall'
 2602 |         rb_funcallv(recv, mid, \
      |                           ^~~
custom.c:131:36: warning: '(' and '{' tokens introducing statement expression appear in different macro expansion contexts [-Wcompound-token-split-by-macro]
  131 |                 ov = rb_funcall(v, rb_intern("utc_offset"), 0);
      |                                    ^~~~~~~~~~~~~~~~~~~~~~~
/Library/Developer/CommandLineTools/SDKs/MacOSX.sdk/System/Library/Frameworks/Ruby.framework/Versions/2.6/usr/include/ruby-2.6.0/ruby/ruby.h:1826:23: note: expanded from macro 'rb_intern'
 1826 |         __extension__ (RUBY_CONST_ID_CACHE((ID), (str))) : \
      |                       ^
/Library/Developer/CommandLineTools/SDKs/MacOSX.sdk/System/Library/Frameworks/Ruby.framework/Versions/2.6/usr/include/ruby-2.6.0/ruby/ruby.h:2602:20: note: expanded from macro 'rb_funcall'
 2602 |         rb_funcallv(recv, mid, \
      |                           ^~~
custom.c:131:36: note: '{' token is here
  131 |                 ov = rb_funcall(v, rb_intern("utc_offset"), 0);
      |                                    ^~~~~~~~~~~~~~~~~~~~~~~
/Library/Developer/CommandLineTools/SDKs/MacOSX.sdk/System/Library/Frameworks/Ruby.framework/Versions/2.6/usr/include/ruby-2.6.0/ruby/ruby.h:1826:24: note: expanded from macro 'rb_intern'
 1826 |         __extension__ (RUBY_CONST_ID_CACHE((ID), (str))) : \
      |                        ^~~~~~~~~~~~~~~~~~~~~~~~~~~~~~~~
/Library/Developer/CommandLineTools/SDKs/MacOSX.sdk/System/Library/Frameworks/Ruby.framework/Versions/2.6/usr/include/ruby-2.6.0/ruby/ruby.h:1811:5: note: expanded from macro 'RUBY_CONST_ID_CACHE'
 1811 |     {                                                   \
      |     ^
/Library/Developer/CommandLineTools/SDKs/MacOSX.sdk/System/Library/Frameworks/Ruby.framework/Versions/2.6/usr/include/ruby-2.6.0/ruby/ruby.h:2602:20: note: expanded from macro 'rb_funcall'
 2602 |         rb_funcallv(recv, mid, \
      |                           ^~~
custom.c:131:36: warning: '}' and ')' tokens terminating statement expression appear in different macro expansion contexts [-Wcompound-token-split-by-macro]
  131 |                 ov = rb_funcall(v, rb_intern("utc_offset"), 0);
      |                                    ^~~~~~~~~~~~~~~~~~~~~~~
/Library/Developer/CommandLineTools/SDKs/MacOSX.sdk/System/Library/Frameworks/Ruby.framework/Versions/2.6/usr/include/ruby-2.6.0/ruby/ruby.h:1826:24: note: expanded from macro 'rb_intern'
 1826 |         __extension__ (RUBY_CONST_ID_CACHE((ID), (str))) : \
      |                        ^~~~~~~~~~~~~~~~~~~~~~~~~~~~~~~~
/Library/Developer/CommandLineTools/SDKs/MacOSX.sdk/System/Library/Frameworks/Ruby.framework/Versions/2.6/usr/include/ruby-2.6.0/ruby/ruby.h:1816:5: note: expanded from macro 'RUBY_CONST_ID_CACHE'
 1816 |     }
      |     ^
/Library/Developer/CommandLineTools/SDKs/MacOSX.sdk/System/Library/Frameworks/Ruby.framework/Versions/2.6/usr/include/ruby-2.6.0/ruby/ruby.h:2602:20: note: expanded from macro 'rb_funcall'
 2602 |         rb_funcallv(recv, mid, \
      |                           ^~~
custom.c:131:36: note: ')' token is here
  131 |                 ov = rb_funcall(v, rb_intern("utc_offset"), 0);
      |                                    ^~~~~~~~~~~~~~~~~~~~~~~
/Library/Developer/CommandLineTools/SDKs/MacOSX.sdk/System/Library/Frameworks/Ruby.framework/Versions/2.6/usr/include/ruby-2.6.0/ruby/ruby.h:1826:56: note: expanded from macro 'rb_intern'
 1826 |         __extension__ (RUBY_CONST_ID_CACHE((ID), (str))) : \
      |                                                        ^
/Library/Developer/CommandLineTools/SDKs/MacOSX.sdk/System/Library/Frameworks/Ruby.framework/Versions/2.6/usr/include/ruby-2.6.0/ruby/ruby.h:2602:20: note: expanded from macro 'rb_funcall'
 2602 |         rb_funcallv(recv, mid, \
      |                           ^~~
custom.c:132:36: warning: '(' and '{' tokens introducing statement expression appear in different macro expansion contexts [-Wcompound-token-split-by-macro]
  132 |                 v  = rb_funcall(v, rb_intern("utc"), 0);
      |                                    ^~~~~~~~~~~~~~~~
/Library/Developer/CommandLineTools/SDKs/MacOSX.sdk/System/Library/Frameworks/Ruby.framework/Versions/2.6/usr/include/ruby-2.6.0/ruby/ruby.h:1826:23: note: expanded from macro 'rb_intern'
 1826 |         __extension__ (RUBY_CONST_ID_CACHE((ID), (str))) : \
      |                       ^
/Library/Developer/CommandLineTools/SDKs/MacOSX.sdk/System/Library/Frameworks/Ruby.framework/Versions/2.6/usr/include/ruby-2.6.0/ruby/ruby.h:2602:20: note: expanded from macro 'rb_funcall'
 2602 |         rb_funcallv(recv, mid, \
      |                           ^~~
custom.c:132:36: note: '{' token is here
  132 |                 v  = rb_funcall(v, rb_intern("utc"), 0);
      |                                    ^~~~~~~~~~~~~~~~
/Library/Developer/CommandLineTools/SDKs/MacOSX.sdk/System/Library/Frameworks/Ruby.framework/Versions/2.6/usr/include/ruby-2.6.0/ruby/ruby.h:1826:24: note: expanded from macro 'rb_intern'
 1826 |         __extension__ (RUBY_CONST_ID_CACHE((ID), (str))) : \
      |                        ^~~~~~~~~~~~~~~~~~~~~~~~~~~~~~~~
/Library/Developer/CommandLineTools/SDKs/MacOSX.sdk/System/Library/Frameworks/Ruby.framework/Versions/2.6/usr/include/ruby-2.6.0/ruby/ruby.h:1811:5: note: expanded from macro 'RUBY_CONST_ID_CACHE'
 1811 |     {                                                   \
      |     ^
/Library/Developer/CommandLineTools/SDKs/MacOSX.sdk/System/Library/Frameworks/Ruby.framework/Versions/2.6/usr/include/ruby-2.6.0/ruby/ruby.h:2602:20: note: expanded from macro 'rb_funcall'
 2602 |         rb_funcallv(recv, mid, \
      |                           ^~~
custom.c:132:36: warning: '}' and ')' tokens terminating statement expression appear in different macro expansion contexts [-Wcompound-token-split-by-macro]
  132 |                 v  = rb_funcall(v, rb_intern("utc"), 0);
      |                                    ^~~~~~~~~~~~~~~~
/Library/Developer/CommandLineTools/SDKs/MacOSX.sdk/System/Library/Frameworks/Ruby.framework/Versions/2.6/usr/include/ruby-2.6.0/ruby/ruby.h:1826:24: note: expanded from macro 'rb_intern'
 1826 |         __extension__ (RUBY_CONST_ID_CACHE((ID), (str))) : \
      |                        ^~~~~~~~~~~~~~~~~~~~~~~~~~~~~~~~
/Library/Developer/CommandLineTools/SDKs/MacOSX.sdk/System/Library/Frameworks/Ruby.framework/Versions/2.6/usr/include/ruby-2.6.0/ruby/ruby.h:1816:5: note: expanded from macro 'RUBY_CONST_ID_CACHE'
 1816 |     }
      |     ^
/Library/Developer/CommandLineTools/SDKs/MacOSX.sdk/System/Library/Frameworks/Ruby.framework/Versions/2.6/usr/include/ruby-2.6.0/ruby/ruby.h:2602:20: note: expanded from macro 'rb_funcall'
 2602 |         rb_funcallv(recv, mid, \
      |                           ^~~
custom.c:132:36: note: ')' token is here
  132 |                 v  = rb_funcall(v, rb_intern("utc"), 0);
      |                                    ^~~~~~~~~~~~~~~~
/Library/Developer/CommandLineTools/SDKs/MacOSX.sdk/System/Library/Frameworks/Ruby.framework/Versions/2.6/usr/include/ruby-2.6.0/ruby/ruby.h:1826:56: note: expanded from macro 'rb_intern'
 1826 |         __extension__ (RUBY_CONST_ID_CACHE((ID), (str))) : \
      |                                                        ^
/Library/Developer/CommandLineTools/SDKs/MacOSX.sdk/System/Library/Frameworks/Ruby.framework/Versions/2.6/usr/include/ruby-2.6.0/ruby/ruby.h:2602:20: note: expanded from macro 'rb_funcall'
 2602 |         rb_funcallv(recv, mid, \
      |                           ^~~
custom.c:133:36: warning: '(' and '{' tokens introducing statement expression appear in different macro expansion contexts [-Wcompound-token-split-by-macro]
  133 |                 v  = rb_funcall(v, rb_intern("+"), 1, ov);
      |                                    ^~~~~~~~~~~~~~
/Library/Developer/CommandLineTools/SDKs/MacOSX.sdk/System/Library/Frameworks/Ruby.framework/Versions/2.6/usr/include/ruby-2.6.0/ruby/ruby.h:1826:23: note: expanded from macro 'rb_intern'
 1826 |         __extension__ (RUBY_CONST_ID_CACHE((ID), (str))) : \
      |                       ^
/Library/Developer/CommandLineTools/SDKs/MacOSX.sdk/System/Library/Frameworks/Ruby.framework/Versions/2.6/usr/include/ruby-2.6.0/ruby/ruby.h:2602:20: note: expanded from macro 'rb_funcall'
 2602 |         rb_funcallv(recv, mid, \
      |                           ^~~
custom.c:133:36: note: '{' token is here
  133 |                 v  = rb_funcall(v, rb_intern("+"), 1, ov);
      |                                    ^~~~~~~~~~~~~~
/Library/Developer/CommandLineTools/SDKs/MacOSX.sdk/System/Library/Frameworks/Ruby.framework/Versions/2.6/usr/include/ruby-2.6.0/ruby/ruby.h:1826:24: note: expanded from macro 'rb_intern'
 1826 |         __extension__ (RUBY_CONST_ID_CACHE((ID), (str))) : \
      |                        ^~~~~~~~~~~~~~~~~~~~~~~~~~~~~~~~
/Library/Developer/CommandLineTools/SDKs/MacOSX.sdk/System/Library/Frameworks/Ruby.framework/Versions/2.6/usr/include/ruby-2.6.0/ruby/ruby.h:1811:5: note: expanded from macro 'RUBY_CONST_ID_CACHE'
 1811 |     {                                                   \
      |     ^
/Library/Developer/CommandLineTools/SDKs/MacOSX.sdk/System/Library/Frameworks/Ruby.framework/Versions/2.6/usr/include/ruby-2.6.0/ruby/ruby.h:2602:20: note: expanded from macro 'rb_funcall'
 2602 |         rb_funcallv(recv, mid, \
      |                           ^~~
custom.c:133:36: warning: '}' and ')' tokens terminating statement expression appear in different macro expansion contexts [-Wcompound-token-split-by-macro]
  133 |                 v  = rb_funcall(v, rb_intern("+"), 1, ov);
      |                                    ^~~~~~~~~~~~~~
/Library/Developer/CommandLineTools/SDKs/MacOSX.sdk/System/Library/Frameworks/Ruby.framework/Versions/2.6/usr/include/ruby-2.6.0/ruby/ruby.h:1826:24: note: expanded from macro 'rb_intern'
 1826 |         __extension__ (RUBY_CONST_ID_CACHE((ID), (str))) : \
      |                        ^~~~~~~~~~~~~~~~~~~~~~~~~~~~~~~~
/Library/Developer/CommandLineTools/SDKs/MacOSX.sdk/System/Library/Frameworks/Ruby.framework/Versions/2.6/usr/include/ruby-2.6.0/ruby/ruby.h:1816:5: note: expanded from macro 'RUBY_CONST_ID_CACHE'
 1816 |     }
      |     ^
/Library/Developer/CommandLineTools/SDKs/MacOSX.sdk/System/Library/Frameworks/Ruby.framework/Versions/2.6/usr/include/ruby-2.6.0/ruby/ruby.h:2602:20: note: expanded from macro 'rb_funcall'
 2602 |         rb_funcallv(recv, mid, \
      |                           ^~~
custom.c:133:36: note: ')' token is here
  133 |                 v  = rb_funcall(v, rb_intern("+"), 1, ov);
      |                                    ^~~~~~~~~~~~~~
/Library/Developer/CommandLineTools/SDKs/MacOSX.sdk/System/Library/Frameworks/Ruby.framework/Versions/2.6/usr/include/ruby-2.6.0/ruby/ruby.h:1826:56: note: expanded from macro 'rb_intern'
 1826 |         __extension__ (RUBY_CONST_ID_CACHE((ID), (str))) : \
      |                                                        ^
/Library/Developer/CommandLineTools/SDKs/MacOSX.sdk/System/Library/Frameworks/Ruby.framework/Versions/2.6/usr/include/ruby-2.6.0/ruby/ruby.h:2602:20: note: expanded from macro 'rb_funcall'
 2602 |         rb_funcallv(recv, mid, \
      |                           ^~~
custom.c:141:33: warning: '(' and '{' tokens introducing statement expression appear in different macro expansion contexts [-Wcompound-token-split-by-macro]
  141 |             v = rb_funcall(obj, rb_intern("to_time"), 0);
      |                                 ^~~~~~~~~~~~~~~~~~~~
/Library/Developer/CommandLineTools/SDKs/MacOSX.sdk/System/Library/Frameworks/Ruby.framework/Versions/2.6/usr/include/ruby-2.6.0/ruby/ruby.h:1826:23: note: expanded from macro 'rb_intern'
 1826 |         __extension__ (RUBY_CONST_ID_CACHE((ID), (str))) : \
      |                       ^
/Library/Developer/CommandLineTools/SDKs/MacOSX.sdk/System/Library/Frameworks/Ruby.framework/Versions/2.6/usr/include/ruby-2.6.0/ruby/ruby.h:2602:20: note: expanded from macro 'rb_funcall'
 2602 |         rb_funcallv(recv, mid, \
      |                           ^~~
custom.c:141:33: note: '{' token is here
  141 |             v = rb_funcall(obj, rb_intern("to_time"), 0);
      |                                 ^~~~~~~~~~~~~~~~~~~~
/Library/Developer/CommandLineTools/SDKs/MacOSX.sdk/System/Library/Frameworks/Ruby.framework/Versions/2.6/usr/include/ruby-2.6.0/ruby/ruby.h:1826:24: note: expanded from macro 'rb_intern'
 1826 |         __extension__ (RUBY_CONST_ID_CACHE((ID), (str))) : \
      |                        ^~~~~~~~~~~~~~~~~~~~~~~~~~~~~~~~
/Library/Developer/CommandLineTools/SDKs/MacOSX.sdk/System/Library/Frameworks/Ruby.framework/Versions/2.6/usr/include/ruby-2.6.0/ruby/ruby.h:1811:5: note: expanded from macro 'RUBY_CONST_ID_CACHE'
 1811 |     {                                                   \
      |     ^
/Library/Developer/CommandLineTools/SDKs/MacOSX.sdk/System/Library/Frameworks/Ruby.framework/Versions/2.6/usr/include/ruby-2.6.0/ruby/ruby.h:2602:20: note: expanded from macro 'rb_funcall'
 2602 |         rb_funcallv(recv, mid, \
      |                           ^~~
custom.c:141:33: warning: '}' and ')' tokens terminating statement expression appear in different macro expansion contexts [-Wcompound-token-split-by-macro]
  141 |             v = rb_funcall(obj, rb_intern("to_time"), 0);
      |                                 ^~~~~~~~~~~~~~~~~~~~
/Library/Developer/CommandLineTools/SDKs/MacOSX.sdk/System/Library/Frameworks/Ruby.framework/Versions/2.6/usr/include/ruby-2.6.0/ruby/ruby.h:1826:24: note: expanded from macro 'rb_intern'
 1826 |         __extension__ (RUBY_CONST_ID_CACHE((ID), (str))) : \
      |                        ^~~~~~~~~~~~~~~~~~~~~~~~~~~~~~~~
/Library/Developer/CommandLineTools/SDKs/MacOSX.sdk/System/Library/Frameworks/Ruby.framework/Versions/2.6/usr/include/ruby-2.6.0/ruby/ruby.h:1816:5: note: expanded from macro 'RUBY_CONST_ID_CACHE'
 1816 |     }
      |     ^
/Library/Developer/CommandLineTools/SDKs/MacOSX.sdk/System/Library/Frameworks/Ruby.framework/Versions/2.6/usr/include/ruby-2.6.0/ruby/ruby.h:2602:20: note: expanded from macro 'rb_funcall'
 2602 |         rb_funcallv(recv, mid, \
      |                           ^~~
custom.c:141:33: note: ')' token is here
  141 |             v = rb_funcall(obj, rb_intern("to_time"), 0);
      |                                 ^~~~~~~~~~~~~~~~~~~~
/Library/Developer/CommandLineTools/SDKs/MacOSX.sdk/System/Library/Frameworks/Ruby.framework/Versions/2.6/usr/include/ruby-2.6.0/ruby/ruby.h:1826:56: note: expanded from macro 'rb_intern'
 1826 |         __extension__ (RUBY_CONST_ID_CACHE((ID), (str))) : \
      |                                                        ^
/Library/Developer/CommandLineTools/SDKs/MacOSX.sdk/System/Library/Frameworks/Ruby.framework/Versions/2.6/usr/include/ruby-2.6.0/ruby/ruby.h:2602:20: note: expanded from macro 'rb_funcall'
 2602 |         rb_funcallv(recv, mid, \
      |                           ^~~
custom.c:143:36: warning: '(' and '{' tokens introducing statement expression appear in different macro expansion contexts [-Wcompound-token-split-by-macro]
  143 |                 ov = rb_funcall(v, rb_intern("utc_offset"), 0);
      |                                    ^~~~~~~~~~~~~~~~~~~~~~~
/Library/Developer/CommandLineTools/SDKs/MacOSX.sdk/System/Library/Frameworks/Ruby.framework/Versions/2.6/usr/include/ruby-2.6.0/ruby/ruby.h:1826:23: note: expanded from macro 'rb_intern'
 1826 |         __extension__ (RUBY_CONST_ID_CACHE((ID), (str))) : \
      |                       ^
/Library/Developer/CommandLineTools/SDKs/MacOSX.sdk/System/Library/Frameworks/Ruby.framework/Versions/2.6/usr/include/ruby-2.6.0/ruby/ruby.h:2602:20: note: expanded from macro 'rb_funcall'
 2602 |         rb_funcallv(recv, mid, \
      |                           ^~~
custom.c:143:36: note: '{' token is here
  143 |                 ov = rb_funcall(v, rb_intern("utc_offset"), 0);
      |                                    ^~~~~~~~~~~~~~~~~~~~~~~
/Library/Developer/CommandLineTools/SDKs/MacOSX.sdk/System/Library/Frameworks/Ruby.framework/Versions/2.6/usr/include/ruby-2.6.0/ruby/ruby.h:1826:24: note: expanded from macro 'rb_intern'
 1826 |         __extension__ (RUBY_CONST_ID_CACHE((ID), (str))) : \
      |                        ^~~~~~~~~~~~~~~~~~~~~~~~~~~~~~~~
/Library/Developer/CommandLineTools/SDKs/MacOSX.sdk/System/Library/Frameworks/Ruby.framework/Versions/2.6/usr/include/ruby-2.6.0/ruby/ruby.h:1811:5: note: expanded from macro 'RUBY_CONST_ID_CACHE'
 1811 |     {                                                   \
      |     ^
/Library/Developer/CommandLineTools/SDKs/MacOSX.sdk/System/Library/Frameworks/Ruby.framework/Versions/2.6/usr/include/ruby-2.6.0/ruby/ruby.h:2602:20: note: expanded from macro 'rb_funcall'
 2602 |         rb_funcallv(recv, mid, \
      |                           ^~~
custom.c:143:36: warning: '}' and ')' tokens terminating statement expression appear in different macro expansion contexts [-Wcompound-token-split-by-macro]
  143 |                 ov = rb_funcall(v, rb_intern("utc_offset"), 0);
      |                                    ^~~~~~~~~~~~~~~~~~~~~~~
/Library/Developer/CommandLineTools/SDKs/MacOSX.sdk/System/Library/Frameworks/Ruby.framework/Versions/2.6/usr/include/ruby-2.6.0/ruby/ruby.h:1826:24: note: expanded from macro 'rb_intern'
 1826 |         __extension__ (RUBY_CONST_ID_CACHE((ID), (str))) : \
      |                        ^~~~~~~~~~~~~~~~~~~~~~~~~~~~~~~~
/Library/Developer/CommandLineTools/SDKs/MacOSX.sdk/System/Library/Frameworks/Ruby.framework/Versions/2.6/usr/include/ruby-2.6.0/ruby/ruby.h:1816:5: note: expanded from macro 'RUBY_CONST_ID_CACHE'
 1816 |     }
      |     ^
/Library/Developer/CommandLineTools/SDKs/MacOSX.sdk/System/Library/Frameworks/Ruby.framework/Versions/2.6/usr/include/ruby-2.6.0/ruby/ruby.h:2602:20: note: expanded from macro 'rb_funcall'
 2602 |         rb_funcallv(recv, mid, \
      |                           ^~~
custom.c:143:36: note: ')' token is here
  143 |                 ov = rb_funcall(v, rb_intern("utc_offset"), 0);
      |                                    ^~~~~~~~~~~~~~~~~~~~~~~
/Library/Developer/CommandLineTools/SDKs/MacOSX.sdk/System/Library/Frameworks/Ruby.framework/Versions/2.6/usr/include/ruby-2.6.0/ruby/ruby.h:1826:56: note: expanded from macro 'rb_intern'
 1826 |         __extension__ (RUBY_CONST_ID_CACHE((ID), (str))) : \
      |                                                        ^
/Library/Developer/CommandLineTools/SDKs/MacOSX.sdk/System/Library/Frameworks/Ruby.framework/Versions/2.6/usr/include/ruby-2.6.0/ruby/ruby.h:2602:20: note: expanded from macro 'rb_funcall'
 2602 |         rb_funcallv(recv, mid, \
      |                           ^~~
custom.c:144:36: warning: '(' and '{' tokens introducing statement expression appear in different macro expansion contexts [-Wcompound-token-split-by-macro]
  144 |                 v  = rb_funcall(v, rb_intern("utc"), 0);
      |                                    ^~~~~~~~~~~~~~~~
/Library/Developer/CommandLineTools/SDKs/MacOSX.sdk/System/Library/Frameworks/Ruby.framework/Versions/2.6/usr/include/ruby-2.6.0/ruby/ruby.h:1826:23: note: expanded from macro 'rb_intern'
 1826 |         __extension__ (RUBY_CONST_ID_CACHE((ID), (str))) : \
      |                       ^
/Library/Developer/CommandLineTools/SDKs/MacOSX.sdk/System/Library/Frameworks/Ruby.framework/Versions/2.6/usr/include/ruby-2.6.0/ruby/ruby.h:2602:20: note: expanded from macro 'rb_funcall'
 2602 |         rb_funcallv(recv, mid, \
      |                           ^~~
custom.c:144:36: note: '{' token is here
  144 |                 v  = rb_funcall(v, rb_intern("utc"), 0);
      |                                    ^~~~~~~~~~~~~~~~
/Library/Developer/CommandLineTools/SDKs/MacOSX.sdk/System/Library/Frameworks/Ruby.framework/Versions/2.6/usr/include/ruby-2.6.0/ruby/ruby.h:1826:24: note: expanded from macro 'rb_intern'
 1826 |         __extension__ (RUBY_CONST_ID_CACHE((ID), (str))) : \
      |                        ^~~~~~~~~~~~~~~~~~~~~~~~~~~~~~~~
/Library/Developer/CommandLineTools/SDKs/MacOSX.sdk/System/Library/Frameworks/Ruby.framework/Versions/2.6/usr/include/ruby-2.6.0/ruby/ruby.h:1811:5: note: expanded from macro 'RUBY_CONST_ID_CACHE'
 1811 |     {                                                   \
      |     ^
/Library/Developer/CommandLineTools/SDKs/MacOSX.sdk/System/Library/Frameworks/Ruby.framework/Versions/2.6/usr/include/ruby-2.6.0/ruby/ruby.h:2602:20: note: expanded from macro 'rb_funcall'
 2602 |         rb_funcallv(recv, mid, \
      |                           ^~~
custom.c:144:36: warning: '}' and ')' tokens terminating statement expression appear in different macro expansion contexts [-Wcompound-token-split-by-macro]
  144 |                 v  = rb_funcall(v, rb_intern("utc"), 0);
      |                                    ^~~~~~~~~~~~~~~~
/Library/Developer/CommandLineTools/SDKs/MacOSX.sdk/System/Library/Frameworks/Ruby.framework/Versions/2.6/usr/include/ruby-2.6.0/ruby/ruby.h:1826:24: note: expanded from macro 'rb_intern'
 1826 |         __extension__ (RUBY_CONST_ID_CACHE((ID), (str))) : \
      |                        ^~~~~~~~~~~~~~~~~~~~~~~~~~~~~~~~
/Library/Developer/CommandLineTools/SDKs/MacOSX.sdk/System/Library/Frameworks/Ruby.framework/Versions/2.6/usr/include/ruby-2.6.0/ruby/ruby.h:1816:5: note: expanded from macro 'RUBY_CONST_ID_CACHE'
 1816 |     }
      |     ^
/Library/Developer/CommandLineTools/SDKs/MacOSX.sdk/System/Library/Frameworks/Ruby.framework/Versions/2.6/usr/include/ruby-2.6.0/ruby/ruby.h:2602:20: note: expanded from macro 'rb_funcall'
 2602 |         rb_funcallv(recv, mid, \
      |                           ^~~
custom.c:144:36: note: ')' token is here
  144 |                 v  = rb_funcall(v, rb_intern("utc"), 0);
      |                                    ^~~~~~~~~~~~~~~~
/Library/Developer/CommandLineTools/SDKs/MacOSX.sdk/System/Library/Frameworks/Ruby.framework/Versions/2.6/usr/include/ruby-2.6.0/ruby/ruby.h:1826:56: note: expanded from macro 'rb_intern'
 1826 |         __extension__ (RUBY_CONST_ID_CACHE((ID), (str))) : \
      |                                                        ^
/Library/Developer/CommandLineTools/SDKs/MacOSX.sdk/System/Library/Frameworks/Ruby.framework/Versions/2.6/usr/include/ruby-2.6.0/ruby/ruby.h:2602:20: note: expanded from macro 'rb_funcall'
 2602 |         rb_funcallv(recv, mid, \
      |                           ^~~
custom.c:145:36: warning: '(' and '{' tokens introducing statement expression appear in different macro expansion contexts [-Wcompound-token-split-by-macro]
  145 |                 v  = rb_funcall(v, rb_intern("+"), 1, ov);
      |                                    ^~~~~~~~~~~~~~
/Library/Developer/CommandLineTools/SDKs/MacOSX.sdk/System/Library/Frameworks/Ruby.framework/Versions/2.6/usr/include/ruby-2.6.0/ruby/ruby.h:1826:23: note: expanded from macro 'rb_intern'
 1826 |         __extension__ (RUBY_CONST_ID_CACHE((ID), (str))) : \
      |                       ^
/Library/Developer/CommandLineTools/SDKs/MacOSX.sdk/System/Library/Frameworks/Ruby.framework/Versions/2.6/usr/include/ruby-2.6.0/ruby/ruby.h:2602:20: note: expanded from macro 'rb_funcall'
 2602 |         rb_funcallv(recv, mid, \
      |                           ^~~
custom.c:145:36: note: '{' token is here
  145 |                 v  = rb_funcall(v, rb_intern("+"), 1, ov);
      |                                    ^~~~~~~~~~~~~~
/Library/Developer/CommandLineTools/SDKs/MacOSX.sdk/System/Library/Frameworks/Ruby.framework/Versions/2.6/usr/include/ruby-2.6.0/ruby/ruby.h:1826:24: note: expanded from macro 'rb_intern'
 1826 |         __extension__ (RUBY_CONST_ID_CACHE((ID), (str))) : \
      |                        ^~~~~~~~~~~~~~~~~~~~~~~~~~~~~~~~
/Library/Developer/CommandLineTools/SDKs/MacOSX.sdk/System/Library/Frameworks/Ruby.framework/Versions/2.6/usr/include/ruby-2.6.0/ruby/ruby.h:1811:5: note: expanded from macro 'RUBY_CONST_ID_CACHE'
 1811 |     {                                                   \
      |     ^
/Library/Developer/CommandLineTools/SDKs/MacOSX.sdk/System/Library/Frameworks/Ruby.framework/Versions/2.6/usr/include/ruby-2.6.0/ruby/ruby.h:2602:20: note: expanded from macro 'rb_funcall'
 2602 |         rb_funcallv(recv, mid, \
      |                           ^~~
custom.c:145:36: warning: '}' and ')' tokens terminating statement expression appear in different macro expansion contexts [-Wcompound-token-split-by-macro]
  145 |                 v  = rb_funcall(v, rb_intern("+"), 1, ov);
      |                                    ^~~~~~~~~~~~~~
/Library/Developer/CommandLineTools/SDKs/MacOSX.sdk/System/Library/Frameworks/Ruby.framework/Versions/2.6/usr/include/ruby-2.6.0/ruby/ruby.h:1826:24: note: expanded from macro 'rb_intern'
 1826 |         __extension__ (RUBY_CONST_ID_CACHE((ID), (str))) : \
      |                        ^~~~~~~~~~~~~~~~~~~~~~~~~~~~~~~~
/Library/Developer/CommandLineTools/SDKs/MacOSX.sdk/System/Library/Frameworks/Ruby.framework/Versions/2.6/usr/include/ruby-2.6.0/ruby/ruby.h:1816:5: note: expanded from macro 'RUBY_CONST_ID_CACHE'
 1816 |     }
      |     ^
/Library/Developer/CommandLineTools/SDKs/MacOSX.sdk/System/Library/Frameworks/Ruby.framework/Versions/2.6/usr/include/ruby-2.6.0/ruby/ruby.h:2602:20: note: expanded from macro 'rb_funcall'
 2602 |         rb_funcallv(recv, mid, \
      |                           ^~~
custom.c:145:36: note: ')' token is here
  145 |                 v  = rb_funcall(v, rb_intern("+"), 1, ov);
      |                                    ^~~~~~~~~~~~~~
/Library/Developer/CommandLineTools/SDKs/MacOSX.sdk/System/Library/Frameworks/Ruby.framework/Versions/2.6/usr/include/ruby-2.6.0/ruby/ruby.h:1826:56: note: expanded from macro 'rb_intern'
 1826 |         __extension__ (RUBY_CONST_ID_CACHE((ID), (str))) : \
      |                                                        ^
/Library/Developer/CommandLineTools/SDKs/MacOSX.sdk/System/Library/Frameworks/Ruby.framework/Versions/2.6/usr/include/ruby-2.6.0/ruby/ruby.h:2602:20: note: expanded from macro 'rb_funcall'
 2602 |         rb_funcallv(recv, mid, \
      |                           ^~~
custom.c:157:42: warning: '(' and '{' tokens introducing statement expression appear in different macro expansion contexts [-Wcompound-token-split-by-macro]
  157 |         return rb_funcall(oj_date_class, rb_intern("parse"), 1, v);
      |                                          ^~~~~~~~~~~~~~~~~~
/Library/Developer/CommandLineTools/SDKs/MacOSX.sdk/System/Library/Frameworks/Ruby.framework/Versions/2.6/usr/include/ruby-2.6.0/ruby/ruby.h:1826:23: note: expanded from macro 'rb_intern'
 1826 |         __extension__ (RUBY_CONST_ID_CACHE((ID), (str))) : \
      |                       ^
/Library/Developer/CommandLineTools/SDKs/MacOSX.sdk/System/Library/Frameworks/Ruby.framework/Versions/2.6/usr/include/ruby-2.6.0/ruby/ruby.h:2602:20: note: expanded from macro 'rb_funcall'
 2602 |         rb_funcallv(recv, mid, \
      |                           ^~~
custom.c:157:42: note: '{' token is here
  157 |         return rb_funcall(oj_date_class, rb_intern("parse"), 1, v);
      |                                          ^~~~~~~~~~~~~~~~~~
/Library/Developer/CommandLineTools/SDKs/MacOSX.sdk/System/Library/Frameworks/Ruby.framework/Versions/2.6/usr/include/ruby-2.6.0/ruby/ruby.h:1826:24: note: expanded from macro 'rb_intern'
 1826 |         __extension__ (RUBY_CONST_ID_CACHE((ID), (str))) : \
      |                        ^~~~~~~~~~~~~~~~~~~~~~~~~~~~~~~~
/Library/Developer/CommandLineTools/SDKs/MacOSX.sdk/System/Library/Frameworks/Ruby.framework/Versions/2.6/usr/include/ruby-2.6.0/ruby/ruby.h:1811:5: note: expanded from macro 'RUBY_CONST_ID_CACHE'
 1811 |     {                                                   \
      |     ^
/Library/Developer/CommandLineTools/SDKs/MacOSX.sdk/System/Library/Frameworks/Ruby.framework/Versions/2.6/usr/include/ruby-2.6.0/ruby/ruby.h:2602:20: note: expanded from macro 'rb_funcall'
 2602 |         rb_funcallv(recv, mid, \
      |                           ^~~
custom.c:157:42: warning: '}' and ')' tokens terminating statement expression appear in different macro expansion contexts [-Wcompound-token-split-by-macro]
  157 |         return rb_funcall(oj_date_class, rb_intern("parse"), 1, v);
      |                                          ^~~~~~~~~~~~~~~~~~
/Library/Developer/CommandLineTools/SDKs/MacOSX.sdk/System/Library/Frameworks/Ruby.framework/Versions/2.6/usr/include/ruby-2.6.0/ruby/ruby.h:1826:24: note: expanded from macro 'rb_intern'
 1826 |         __extension__ (RUBY_CONST_ID_CACHE((ID), (str))) : \
      |                        ^~~~~~~~~~~~~~~~~~~~~~~~~~~~~~~~
/Library/Developer/CommandLineTools/SDKs/MacOSX.sdk/System/Library/Frameworks/Ruby.framework/Versions/2.6/usr/include/ruby-2.6.0/ruby/ruby.h:1816:5: note: expanded from macro 'RUBY_CONST_ID_CACHE'
 1816 |     }
      |     ^
/Library/Developer/CommandLineTools/SDKs/MacOSX.sdk/System/Library/Frameworks/Ruby.framework/Versions/2.6/usr/include/ruby-2.6.0/ruby/ruby.h:2602:20: note: expanded from macro 'rb_funcall'
 2602 |         rb_funcallv(recv, mid, \
      |                           ^~~
custom.c:157:42: note: ')' token is here
  157 |         return rb_funcall(oj_date_class, rb_intern("parse"), 1, v);
      |                                          ^~~~~~~~~~~~~~~~~~
/Library/Developer/CommandLineTools/SDKs/MacOSX.sdk/System/Library/Frameworks/Ruby.framework/Versions/2.6/usr/include/ruby-2.6.0/ruby/ruby.h:1826:56: note: expanded from macro 'rb_intern'
 1826 |         __extension__ (RUBY_CONST_ID_CACHE((ID), (str))) : \
      |                                                        ^
/Library/Developer/CommandLineTools/SDKs/MacOSX.sdk/System/Library/Frameworks/Ruby.framework/Versions/2.6/usr/include/ruby-2.6.0/ruby/ruby.h:2602:20: note: expanded from macro 'rb_funcall'
 2602 |         rb_funcallv(recv, mid, \
      |                           ^~~
custom.c:166:46: warning: '(' and '{' tokens introducing statement expression appear in different macro expansion contexts [-Wcompound-token-split-by-macro]
  166 |         return rb_funcall(oj_datetime_class, rb_intern("parse"), 1, v);
      |                                              ^~~~~~~~~~~~~~~~~~
/Library/Developer/CommandLineTools/SDKs/MacOSX.sdk/System/Library/Frameworks/Ruby.framework/Versions/2.6/usr/include/ruby-2.6.0/ruby/ruby.h:1826:23: note: expanded from macro 'rb_intern'
 1826 |         __extension__ (RUBY_CONST_ID_CACHE((ID), (str))) : \
      |                       ^
/Library/Developer/CommandLineTools/SDKs/MacOSX.sdk/System/Library/Frameworks/Ruby.framework/Versions/2.6/usr/include/ruby-2.6.0/ruby/ruby.h:2602:20: note: expanded from macro 'rb_funcall'
 2602 |         rb_funcallv(recv, mid, \
      |                           ^~~
custom.c:166:46: note: '{' token is here
  166 |         return rb_funcall(oj_datetime_class, rb_intern("parse"), 1, v);
      |                                              ^~~~~~~~~~~~~~~~~~
/Library/Developer/CommandLineTools/SDKs/MacOSX.sdk/System/Library/Frameworks/Ruby.framework/Versions/2.6/usr/include/ruby-2.6.0/ruby/ruby.h:1826:24: note: expanded from macro 'rb_intern'
 1826 |         __extension__ (RUBY_CONST_ID_CACHE((ID), (str))) : \
      |                        ^~~~~~~~~~~~~~~~~~~~~~~~~~~~~~~~
/Library/Developer/CommandLineTools/SDKs/MacOSX.sdk/System/Library/Frameworks/Ruby.framework/Versions/2.6/usr/include/ruby-2.6.0/ruby/ruby.h:1811:5: note: expanded from macro 'RUBY_CONST_ID_CACHE'
 1811 |     {                                                   \
      |     ^
/Library/Developer/CommandLineTools/SDKs/MacOSX.sdk/System/Library/Frameworks/Ruby.framework/Versions/2.6/usr/include/ruby-2.6.0/ruby/ruby.h:2602:20: note: expanded from macro 'rb_funcall'
 2602 |         rb_funcallv(recv, mid, \
      |                           ^~~
custom.c:166:46: warning: '}' and ')' tokens terminating statement expression appear in different macro expansion contexts [-Wcompound-token-split-by-macro]
  166 |         return rb_funcall(oj_datetime_class, rb_intern("parse"), 1, v);
      |                                              ^~~~~~~~~~~~~~~~~~
/Library/Developer/CommandLineTools/SDKs/MacOSX.sdk/System/Library/Frameworks/Ruby.framework/Versions/2.6/usr/include/ruby-2.6.0/ruby/ruby.h:1826:24: note: expanded from macro 'rb_intern'
 1826 |         __extension__ (RUBY_CONST_ID_CACHE((ID), (str))) : \
      |                        ^~~~~~~~~~~~~~~~~~~~~~~~~~~~~~~~
/Library/Developer/CommandLineTools/SDKs/MacOSX.sdk/System/Library/Frameworks/Ruby.framework/Versions/2.6/usr/include/ruby-2.6.0/ruby/ruby.h:1816:5: note: expanded from macro 'RUBY_CONST_ID_CACHE'
 1816 |     }
      |     ^
/Library/Developer/CommandLineTools/SDKs/MacOSX.sdk/System/Library/Frameworks/Ruby.framework/Versions/2.6/usr/include/ruby-2.6.0/ruby/ruby.h:2602:20: note: expanded from macro 'rb_funcall'
 2602 |         rb_funcallv(recv, mid, \
      |                           ^~~
custom.c:166:46: note: ')' token is here
  166 |         return rb_funcall(oj_datetime_class, rb_intern("parse"), 1, v);
      |                                              ^~~~~~~~~~~~~~~~~~
/Library/Developer/CommandLineTools/SDKs/MacOSX.sdk/System/Library/Frameworks/Ruby.framework/Versions/2.6/usr/include/ruby-2.6.0/ruby/ruby.h:1826:56: note: expanded from macro 'rb_intern'
 1826 |         __extension__ (RUBY_CONST_ID_CACHE((ID), (str))) : \
      |                                                        ^
/Library/Developer/CommandLineTools/SDKs/MacOSX.sdk/System/Library/Frameworks/Ruby.framework/Versions/2.6/usr/include/ruby-2.6.0/ruby/ruby.h:2602:20: note: expanded from macro 'rb_funcall'
 2602 |         rb_funcallv(recv, mid, \
      |                           ^~~
custom.c:179:20: warning: '(' and '{' tokens introducing statement expression appear in different macro expansion contexts [-Wcompound-token-split-by-macro]
  179 |         table_id = rb_intern("table");
      |                    ^~~~~~~~~~~~~~~~~~
/Library/Developer/CommandLineTools/SDKs/MacOSX.sdk/System/Library/Frameworks/Ruby.framework/Versions/2.6/usr/include/ruby-2.6.0/ruby/ruby.h:1826:23: note: expanded from macro 'rb_intern'
 1826 |         __extension__ (RUBY_CONST_ID_CACHE((ID), (str))) : \
      |                       ^
custom.c:179:20: note: '{' token is here
  179 |         table_id = rb_intern("table");
      |                    ^~~~~~~~~~~~~~~~~~
/Library/Developer/CommandLineTools/SDKs/MacOSX.sdk/System/Library/Frameworks/Ruby.framework/Versions/2.6/usr/include/ruby-2.6.0/ruby/ruby.h:1826:24: note: expanded from macro 'rb_intern'
 1826 |         __extension__ (RUBY_CONST_ID_CACHE((ID), (str))) : \
      |                        ^~~~~~~~~~~~~~~~~~~~~~~~~~~~~~~~
/Library/Developer/CommandLineTools/SDKs/MacOSX.sdk/System/Library/Frameworks/Ruby.framework/Versions/2.6/usr/include/ruby-2.6.0/ruby/ruby.h:1811:5: note: expanded from macro 'RUBY_CONST_ID_CACHE'
 1811 |     {                                                   \
      |     ^
custom.c:179:20: warning: '}' and ')' tokens terminating statement expression appear in different macro expansion contexts [-Wcompound-token-split-by-macro]
  179 |         table_id = rb_intern("table");
      |                    ^~~~~~~~~~~~~~~~~~
/Library/Developer/CommandLineTools/SDKs/MacOSX.sdk/System/Library/Frameworks/Ruby.framework/Versions/2.6/usr/include/ruby-2.6.0/ruby/ruby.h:1826:24: note: expanded from macro 'rb_intern'
 1826 |         __extension__ (RUBY_CONST_ID_CACHE((ID), (str))) : \
      |                        ^~~~~~~~~~~~~~~~~~~~~~~~~~~~~~~~
/Library/Developer/CommandLineTools/SDKs/MacOSX.sdk/System/Library/Frameworks/Ruby.framework/Versions/2.6/usr/include/ruby-2.6.0/ruby/ruby.h:1816:5: note: expanded from macro 'RUBY_CONST_ID_CACHE'
 1816 |     }
      |     ^
custom.c:179:20: note: ')' token is here
  179 |         table_id = rb_intern("table");
      |                    ^~~~~~~~~~~~~~~~~~
/Library/Developer/CommandLineTools/SDKs/MacOSX.sdk/System/Library/Frameworks/Ruby.framework/Versions/2.6/usr/include/ruby-2.6.0/ruby/ruby.h:1826:56: note: expanded from macro 'rb_intern'
 1826 |         __extension__ (RUBY_CONST_ID_CACHE((ID), (str))) : \
      |                                                        ^
custom.c:188:20: warning: '(' and '{' tokens introducing statement expression appear in different macro expansion contexts [-Wcompound-token-split-by-macro]
  188 |         table_id = rb_intern("table");
      |                    ^~~~~~~~~~~~~~~~~~
/Library/Developer/CommandLineTools/SDKs/MacOSX.sdk/System/Library/Frameworks/Ruby.framework/Versions/2.6/usr/include/ruby-2.6.0/ruby/ruby.h:1826:23: note: expanded from macro 'rb_intern'
 1826 |         __extension__ (RUBY_CONST_ID_CACHE((ID), (str))) : \
      |                       ^
custom.c:188:20: note: '{' token is here
  188 |         table_id = rb_intern("table");
      |                    ^~~~~~~~~~~~~~~~~~
/Library/Developer/CommandLineTools/SDKs/MacOSX.sdk/System/Library/Frameworks/Ruby.framework/Versions/2.6/usr/include/ruby-2.6.0/ruby/ruby.h:1826:24: note: expanded from macro 'rb_intern'
 1826 |         __extension__ (RUBY_CONST_ID_CACHE((ID), (str))) : \
      |                        ^~~~~~~~~~~~~~~~~~~~~~~~~~~~~~~~
/Library/Developer/CommandLineTools/SDKs/MacOSX.sdk/System/Library/Frameworks/Ruby.framework/Versions/2.6/usr/include/ruby-2.6.0/ruby/ruby.h:1811:5: note: expanded from macro 'RUBY_CONST_ID_CACHE'
 1811 |     {                                                   \
      |     ^
custom.c:188:20: warning: '}' and ')' tokens terminating statement expression appear in different macro expansion contexts [-Wcompound-token-split-by-macro]
  188 |         table_id = rb_intern("table");
      |                    ^~~~~~~~~~~~~~~~~~
/Library/Developer/CommandLineTools/SDKs/MacOSX.sdk/System/Library/Frameworks/Ruby.framework/Versions/2.6/usr/include/ruby-2.6.0/ruby/ruby.h:1826:24: note: expanded from macro 'rb_intern'
 1826 |         __extension__ (RUBY_CONST_ID_CACHE((ID), (str))) : \
      |                        ^~~~~~~~~~~~~~~~~~~~~~~~~~~~~~~~
/Library/Developer/CommandLineTools/SDKs/MacOSX.sdk/System/Library/Frameworks/Ruby.framework/Versions/2.6/usr/include/ruby-2.6.0/ruby/ruby.h:1816:5: note: expanded from macro 'RUBY_CONST_ID_CACHE'
 1816 |     }
      |     ^
custom.c:188:20: note: ')' token is here
  188 |         table_id = rb_intern("table");
      |                    ^~~~~~~~~~~~~~~~~~
/Library/Developer/CommandLineTools/SDKs/MacOSX.sdk/System/Library/Frameworks/Ruby.framework/Versions/2.6/usr/include/ruby-2.6.0/ruby/ruby.h:1826:56: note: expanded from macro 'rb_intern'
 1826 |         __extension__ (RUBY_CONST_ID_CACHE((ID), (str))) : \
      |                                                        ^
custom.c:232:30: warning: '(' and '{' tokens introducing statement expression appear in different macro expansion contexts [-Wcompound-token-split-by-macro]
  232 |             numerator_id   = rb_intern("numerator");
      |                              ^~~~~~~~~~~~~~~~~~~~~~
/Library/Developer/CommandLineTools/SDKs/MacOSX.sdk/System/Library/Frameworks/Ruby.framework/Versions/2.6/usr/include/ruby-2.6.0/ruby/ruby.h:1826:23: note: expanded from macro 'rb_intern'
 1826 |         __extension__ (RUBY_CONST_ID_CACHE((ID), (str))) : \
      |                       ^
custom.c:232:30: note: '{' token is here
  232 |             numerator_id   = rb_intern("numerator");
      |                              ^~~~~~~~~~~~~~~~~~~~~~
/Library/Developer/CommandLineTools/SDKs/MacOSX.sdk/System/Library/Frameworks/Ruby.framework/Versions/2.6/usr/include/ruby-2.6.0/ruby/ruby.h:1826:24: note: expanded from macro 'rb_intern'
 1826 |         __extension__ (RUBY_CONST_ID_CACHE((ID), (str))) : \
      |                        ^~~~~~~~~~~~~~~~~~~~~~~~~~~~~~~~
/Library/Developer/CommandLineTools/SDKs/MacOSX.sdk/System/Library/Frameworks/Ruby.framework/Versions/2.6/usr/include/ruby-2.6.0/ruby/ruby.h:1811:5: note: expanded from macro 'RUBY_CONST_ID_CACHE'
 1811 |     {                                                   \
      |     ^
custom.c:232:30: warning: '}' and ')' tokens terminating statement expression appear in different macro expansion contexts [-Wcompound-token-split-by-macro]
  232 |             numerator_id   = rb_intern("numerator");
      |                              ^~~~~~~~~~~~~~~~~~~~~~
/Library/Developer/CommandLineTools/SDKs/MacOSX.sdk/System/Library/Frameworks/Ruby.framework/Versions/2.6/usr/include/ruby-2.6.0/ruby/ruby.h:1826:24: note: expanded from macro 'rb_intern'
 1826 |         __extension__ (RUBY_CONST_ID_CACHE((ID), (str))) : \
      |                        ^~~~~~~~~~~~~~~~~~~~~~~~~~~~~~~~
/Library/Developer/CommandLineTools/SDKs/MacOSX.sdk/System/Library/Frameworks/Ruby.framework/Versions/2.6/usr/include/ruby-2.6.0/ruby/ruby.h:1816:5: note: expanded from macro 'RUBY_CONST_ID_CACHE'
 1816 |     }
      |     ^
custom.c:232:30: note: ')' token is here
  232 |             numerator_id   = rb_intern("numerator");
      |                              ^~~~~~~~~~~~~~~~~~~~~~
/Library/Developer/CommandLineTools/SDKs/MacOSX.sdk/System/Library/Frameworks/Ruby.framework/Versions/2.6/usr/include/ruby-2.6.0/ruby/ruby.h:1826:56: note: expanded from macro 'rb_intern'
 1826 |         __extension__ (RUBY_CONST_ID_CACHE((ID), (str))) : \
      |                                                        ^
custom.c:233:30: warning: '(' and '{' tokens introducing statement expression appear in different macro expansion contexts [-Wcompound-token-split-by-macro]
  233 |             denominator_id = rb_intern("denominator");
      |                              ^~~~~~~~~~~~~~~~~~~~~~~~
/Library/Developer/CommandLineTools/SDKs/MacOSX.sdk/System/Library/Frameworks/Ruby.framework/Versions/2.6/usr/include/ruby-2.6.0/ruby/ruby.h:1826:23: note: expanded from macro 'rb_intern'
 1826 |         __extension__ (RUBY_CONST_ID_CACHE((ID), (str))) : \
      |                       ^
custom.c:233:30: note: '{' token is here
  233 |             denominator_id = rb_intern("denominator");
      |                              ^~~~~~~~~~~~~~~~~~~~~~~~
/Library/Developer/CommandLineTools/SDKs/MacOSX.sdk/System/Library/Frameworks/Ruby.framework/Versions/2.6/usr/include/ruby-2.6.0/ruby/ruby.h:1826:24: note: expanded from macro 'rb_intern'
 1826 |         __extension__ (RUBY_CONST_ID_CACHE((ID), (str))) : \
      |                        ^~~~~~~~~~~~~~~~~~~~~~~~~~~~~~~~
/Library/Developer/CommandLineTools/SDKs/MacOSX.sdk/System/Library/Frameworks/Ruby.framework/Versions/2.6/usr/include/ruby-2.6.0/ruby/ruby.h:1811:5: note: expanded from macro 'RUBY_CONST_ID_CACHE'
 1811 |     {                                                   \
      |     ^
custom.c:233:30: warning: '}' and ')' tokens terminating statement expression appear in different macro expansion contexts [-Wcompound-token-split-by-macro]
  233 |             denominator_id = rb_intern("denominator");
      |                              ^~~~~~~~~~~~~~~~~~~~~~~~
/Library/Developer/CommandLineTools/SDKs/MacOSX.sdk/System/Library/Frameworks/Ruby.framework/Versions/2.6/usr/include/ruby-2.6.0/ruby/ruby.h:1826:24: note: expanded from macro 'rb_intern'
 1826 |         __extension__ (RUBY_CONST_ID_CACHE((ID), (str))) : \
      |                        ^~~~~~~~~~~~~~~~~~~~~~~~~~~~~~~~
/Library/Developer/CommandLineTools/SDKs/MacOSX.sdk/System/Library/Frameworks/Ruby.framework/Versions/2.6/usr/include/ruby-2.6.0/ruby/ruby.h:1816:5: note: expanded from macro 'RUBY_CONST_ID_CACHE'
 1816 |     }
      |     ^
custom.c:233:30: note: ')' token is here
  233 |             denominator_id = rb_intern("denominator");
      |                              ^~~~~~~~~~~~~~~~~~~~~~~~
/Library/Developer/CommandLineTools/SDKs/MacOSX.sdk/System/Library/Frameworks/Ruby.framework/Versions/2.6/usr/include/ruby-2.6.0/ruby/ruby.h:1826:56: note: expanded from macro 'rb_intern'
 1826 |         __extension__ (RUBY_CONST_ID_CACHE((ID), (str))) : \
      |                                                        ^
custom.c:246:26: warning: '(' and '{' tokens introducing statement expression appear in different macro expansion contexts [-Wcompound-token-split-by-macro]
  246 |         numerator_id   = rb_intern("numerator");
      |                          ^~~~~~~~~~~~~~~~~~~~~~
/Library/Developer/CommandLineTools/SDKs/MacOSX.sdk/System/Library/Frameworks/Ruby.framework/Versions/2.6/usr/include/ruby-2.6.0/ruby/ruby.h:1826:23: note: expanded from macro 'rb_intern'
 1826 |         __extension__ (RUBY_CONST_ID_CACHE((ID), (str))) : \
      |                       ^
custom.c:246:26: note: '{' token is here
  246 |         numerator_id   = rb_intern("numerator");
      |                          ^~~~~~~~~~~~~~~~~~~~~~
/Library/Developer/CommandLineTools/SDKs/MacOSX.sdk/System/Library/Frameworks/Ruby.framework/Versions/2.6/usr/include/ruby-2.6.0/ruby/ruby.h:1826:24: note: expanded from macro 'rb_intern'
 1826 |         __extension__ (RUBY_CONST_ID_CACHE((ID), (str))) : \
      |                        ^~~~~~~~~~~~~~~~~~~~~~~~~~~~~~~~
/Library/Developer/CommandLineTools/SDKs/MacOSX.sdk/System/Library/Frameworks/Ruby.framework/Versions/2.6/usr/include/ruby-2.6.0/ruby/ruby.h:1811:5: note: expanded from macro 'RUBY_CONST_ID_CACHE'
 1811 |     {                                                   \
      |     ^
custom.c:246:26: warning: '}' and ')' tokens terminating statement expression appear in different macro expansion contexts [-Wcompound-token-split-by-macro]
  246 |         numerator_id   = rb_intern("numerator");
      |                          ^~~~~~~~~~~~~~~~~~~~~~
/Library/Developer/CommandLineTools/SDKs/MacOSX.sdk/System/Library/Frameworks/Ruby.framework/Versions/2.6/usr/include/ruby-2.6.0/ruby/ruby.h:1826:24: note: expanded from macro 'rb_intern'
 1826 |         __extension__ (RUBY_CONST_ID_CACHE((ID), (str))) : \
      |                        ^~~~~~~~~~~~~~~~~~~~~~~~~~~~~~~~
/Library/Developer/CommandLineTools/SDKs/MacOSX.sdk/System/Library/Frameworks/Ruby.framework/Versions/2.6/usr/include/ruby-2.6.0/ruby/ruby.h:1816:5: note: expanded from macro 'RUBY_CONST_ID_CACHE'
 1816 |     }
      |     ^
custom.c:246:26: note: ')' token is here
  246 |         numerator_id   = rb_intern("numerator");
      |                          ^~~~~~~~~~~~~~~~~~~~~~
/Library/Developer/CommandLineTools/SDKs/MacOSX.sdk/System/Library/Frameworks/Ruby.framework/Versions/2.6/usr/include/ruby-2.6.0/ruby/ruby.h:1826:56: note: expanded from macro 'rb_intern'
 1826 |         __extension__ (RUBY_CONST_ID_CACHE((ID), (str))) : \
      |                                                        ^
custom.c:247:26: warning: '(' and '{' tokens introducing statement expression appear in different macro expansion contexts [-Wcompound-token-split-by-macro]
  247 |         denominator_id = rb_intern("denominator");
      |                          ^~~~~~~~~~~~~~~~~~~~~~~~
/Library/Developer/CommandLineTools/SDKs/MacOSX.sdk/System/Library/Frameworks/Ruby.framework/Versions/2.6/usr/include/ruby-2.6.0/ruby/ruby.h:1826:23: note: expanded from macro 'rb_intern'
 1826 |         __extension__ (RUBY_CONST_ID_CACHE((ID), (str))) : \
      |                       ^
custom.c:247:26: note: '{' token is here
  247 |         denominator_id = rb_intern("denominator");
      |                          ^~~~~~~~~~~~~~~~~~~~~~~~
/Library/Developer/CommandLineTools/SDKs/MacOSX.sdk/System/Library/Frameworks/Ruby.framework/Versions/2.6/usr/include/ruby-2.6.0/ruby/ruby.h:1826:24: note: expanded from macro 'rb_intern'
 1826 |         __extension__ (RUBY_CONST_ID_CACHE((ID), (str))) : \
      |                        ^~~~~~~~~~~~~~~~~~~~~~~~~~~~~~~~
/Library/Developer/CommandLineTools/SDKs/MacOSX.sdk/System/Library/Frameworks/Ruby.framework/Versions/2.6/usr/include/ruby-2.6.0/ruby/ruby.h:1811:5: note: expanded from macro 'RUBY_CONST_ID_CACHE'
 1811 |     {                                                   \
      |     ^
custom.c:247:26: warning: '}' and ')' tokens terminating statement expression appear in different macro expansion contexts [-Wcompound-token-split-by-macro]
  247 |         denominator_id = rb_intern("denominator");
      |                          ^~~~~~~~~~~~~~~~~~~~~~~~
/Library/Developer/CommandLineTools/SDKs/MacOSX.sdk/System/Library/Frameworks/Ruby.framework/Versions/2.6/usr/include/ruby-2.6.0/ruby/ruby.h:1826:24: note: expanded from macro 'rb_intern'
 1826 |         __extension__ (RUBY_CONST_ID_CACHE((ID), (str))) : \
      |                        ^~~~~~~~~~~~~~~~~~~~~~~~~~~~~~~~
/Library/Developer/CommandLineTools/SDKs/MacOSX.sdk/System/Library/Frameworks/Ruby.framework/Versions/2.6/usr/include/ruby-2.6.0/ruby/ruby.h:1816:5: note: expanded from macro 'RUBY_CONST_ID_CACHE'
 1816 |     }
      |     ^
custom.c:247:26: note: ')' token is here
  247 |         denominator_id = rb_intern("denominator");
      |                          ^~~~~~~~~~~~~~~~~~~~~~~~
/Library/Developer/CommandLineTools/SDKs/MacOSX.sdk/System/Library/Frameworks/Ruby.framework/Versions/2.6/usr/include/ruby-2.6.0/ruby/ruby.h:1826:56: note: expanded from macro 'rb_intern'
 1826 |         __extension__ (RUBY_CONST_ID_CACHE((ID), (str))) : \
      |                                                        ^
custom.c:451:28: warning: '(' and '{' tokens introducing statement expression appear in different macro expansion contexts [-Wcompound-token-split-by-macro]
  451 |                     i    = rb_intern(n);
      |                            ^~~~~~~~~~~~
/Library/Developer/CommandLineTools/SDKs/MacOSX.sdk/System/Library/Frameworks/Ruby.framework/Versions/2.6/usr/include/ruby-2.6.0/ruby/ruby.h:1826:23: note: expanded from macro 'rb_intern'
 1826 |         __extension__ (RUBY_CONST_ID_CACHE((ID), (str))) : \
      |                       ^
custom.c:451:28: note: '{' token is here
  451 |                     i    = rb_intern(n);
      |                            ^~~~~~~~~~~~
/Library/Developer/CommandLineTools/SDKs/MacOSX.sdk/System/Library/Frameworks/Ruby.framework/Versions/2.6/usr/include/ruby-2.6.0/ruby/ruby.h:1826:24: note: expanded from macro 'rb_intern'
 1826 |         __extension__ (RUBY_CONST_ID_CACHE((ID), (str))) : \
      |                        ^~~~~~~~~~~~~~~~~~~~~~~~~~~~~~~~
/Library/Developer/CommandLineTools/SDKs/MacOSX.sdk/System/Library/Frameworks/Ruby.framework/Versions/2.6/usr/include/ruby-2.6.0/ruby/ruby.h:1811:5: note: expanded from macro 'RUBY_CONST_ID_CACHE'
 1811 |     {                                                   \
      |     ^
custom.c:451:28: warning: '}' and ')' tokens terminating statement expression appear in different macro expansion contexts [-Wcompound-token-split-by-macro]
  451 |                     i    = rb_intern(n);
      |                            ^~~~~~~~~~~~
/Library/Developer/CommandLineTools/SDKs/MacOSX.sdk/System/Library/Frameworks/Ruby.framework/Versions/2.6/usr/include/ruby-2.6.0/ruby/ruby.h:1826:24: note: expanded from macro 'rb_intern'
 1826 |         __extension__ (RUBY_CONST_ID_CACHE((ID), (str))) : \
      |                        ^~~~~~~~~~~~~~~~~~~~~~~~~~~~~~~~
/Library/Developer/CommandLineTools/SDKs/MacOSX.sdk/System/Library/Frameworks/Ruby.framework/Versions/2.6/usr/include/ruby-2.6.0/ruby/ruby.h:1816:5: note: expanded from macro 'RUBY_CONST_ID_CACHE'
 1816 |     }
      |     ^
custom.c:451:28: note: ')' token is here
  451 |                     i    = rb_intern(n);
      |                            ^~~~~~~~~~~~
/Library/Developer/CommandLineTools/SDKs/MacOSX.sdk/System/Library/Frameworks/Ruby.framework/Versions/2.6/usr/include/ruby-2.6.0/ruby/ruby.h:1826:56: note: expanded from macro 'rb_intern'
 1826 |         __extension__ (RUBY_CONST_ID_CACHE((ID), (str))) : \
      |                                                        ^
custom.c:455:21: warning: '(' and '{' tokens introducing statement expression appear in different macro expansion contexts [-Wcompound-token-split-by-macro]
  455 |                 i = rb_intern(n);
      |                     ^~~~~~~~~~~~
/Library/Developer/CommandLineTools/SDKs/MacOSX.sdk/System/Library/Frameworks/Ruby.framework/Versions/2.6/usr/include/ruby-2.6.0/ruby/ruby.h:1826:23: note: expanded from macro 'rb_intern'
 1826 |         __extension__ (RUBY_CONST_ID_CACHE((ID), (str))) : \
      |                       ^
custom.c:455:21: note: '{' token is here
  455 |                 i = rb_intern(n);
      |                     ^~~~~~~~~~~~
/Library/Developer/CommandLineTools/SDKs/MacOSX.sdk/System/Library/Frameworks/Ruby.framework/Versions/2.6/usr/include/ruby-2.6.0/ruby/ruby.h:1826:24: note: expanded from macro 'rb_intern'
 1826 |         __extension__ (RUBY_CONST_ID_CACHE((ID), (str))) : \
      |                        ^~~~~~~~~~~~~~~~~~~~~~~~~~~~~~~~
/Library/Developer/CommandLineTools/SDKs/MacOSX.sdk/System/Library/Frameworks/Ruby.framework/Versions/2.6/usr/include/ruby-2.6.0/ruby/ruby.h:1811:5: note: expanded from macro 'RUBY_CONST_ID_CACHE'
 1811 |     {                                                   \
      |     ^
custom.c:455:21: warning: '}' and ')' tokens terminating statement expression appear in different macro expansion contexts [-Wcompound-token-split-by-macro]
  455 |                 i = rb_intern(n);
      |                     ^~~~~~~~~~~~
/Library/Developer/CommandLineTools/SDKs/MacOSX.sdk/System/Library/Frameworks/Ruby.framework/Versions/2.6/usr/include/ruby-2.6.0/ruby/ruby.h:1826:24: note: expanded from macro 'rb_intern'
 1826 |         __extension__ (RUBY_CONST_ID_CACHE((ID), (str))) : \
      |                        ^~~~~~~~~~~~~~~~~~~~~~~~~~~~~~~~
/Library/Developer/CommandLineTools/SDKs/MacOSX.sdk/System/Library/Frameworks/Ruby.framework/Versions/2.6/usr/include/ruby-2.6.0/ruby/ruby.h:1816:5: note: expanded from macro 'RUBY_CONST_ID_CACHE'
 1816 |     }
      |     ^
custom.c:455:21: note: ')' token is here
  455 |                 i = rb_intern(n);
      |                     ^~~~~~~~~~~~
/Library/Developer/CommandLineTools/SDKs/MacOSX.sdk/System/Library/Frameworks/Ruby.framework/Versions/2.6/usr/include/ruby-2.6.0/ruby/ruby.h:1826:56: note: expanded from macro 'rb_intern'
 1826 |         __extension__ (RUBY_CONST_ID_CACHE((ID), (str))) : \
      |                                                        ^
custom.c:626:48: warning: '(' and '{' tokens introducing statement expression appear in different macro expansion contexts [-Wcompound-token-split-by-macro]
  626 |             oj_dump_custom_val(rb_funcall(obj, rb_intern("entries"), 0), depth, out, false);
      |                                                ^~~~~~~~~~~~~~~~~~~~
/Library/Developer/CommandLineTools/SDKs/MacOSX.sdk/System/Library/Frameworks/Ruby.framework/Versions/2.6/usr/include/ruby-2.6.0/ruby/ruby.h:1826:23: note: expanded from macro 'rb_intern'
 1826 |         __extension__ (RUBY_CONST_ID_CACHE((ID), (str))) : \
      |                       ^
/Library/Developer/CommandLineTools/SDKs/MacOSX.sdk/System/Library/Frameworks/Ruby.framework/Versions/2.6/usr/include/ruby-2.6.0/ruby/ruby.h:2602:20: note: expanded from macro 'rb_funcall'
 2602 |         rb_funcallv(recv, mid, \
      |                           ^~~
custom.c:626:48: note: '{' token is here
  626 |             oj_dump_custom_val(rb_funcall(obj, rb_intern("entries"), 0), depth, out, false);
      |                                                ^~~~~~~~~~~~~~~~~~~~
/Library/Developer/CommandLineTools/SDKs/MacOSX.sdk/System/Library/Frameworks/Ruby.framework/Versions/2.6/usr/include/ruby-2.6.0/ruby/ruby.h:1826:24: note: expanded from macro 'rb_intern'
 1826 |         __extension__ (RUBY_CONST_ID_CACHE((ID), (str))) : \
      |                        ^~~~~~~~~~~~~~~~~~~~~~~~~~~~~~~~
/Library/Developer/CommandLineTools/SDKs/MacOSX.sdk/System/Library/Frameworks/Ruby.framework/Versions/2.6/usr/include/ruby-2.6.0/ruby/ruby.h:1811:5: note: expanded from macro 'RUBY_CONST_ID_CACHE'
 1811 |     {                                                   \
      |     ^
/Library/Developer/CommandLineTools/SDKs/MacOSX.sdk/System/Library/Frameworks/Ruby.framework/Versions/2.6/usr/include/ruby-2.6.0/ruby/ruby.h:2602:20: note: expanded from macro 'rb_funcall'
 2602 |         rb_funcallv(recv, mid, \
      |                           ^~~
custom.c:626:48: warning: '}' and ')' tokens terminating statement expression appear in different macro expansion contexts [-Wcompound-token-split-by-macro]
  626 |             oj_dump_custom_val(rb_funcall(obj, rb_intern("entries"), 0), depth, out, false);
      |                                                ^~~~~~~~~~~~~~~~~~~~
/Library/Developer/CommandLineTools/SDKs/MacOSX.sdk/System/Library/Frameworks/Ruby.framework/Versions/2.6/usr/include/ruby-2.6.0/ruby/ruby.h:1826:24: note: expanded from macro 'rb_intern'
 1826 |         __extension__ (RUBY_CONST_ID_CACHE((ID), (str))) : \
      |                        ^~~~~~~~~~~~~~~~~~~~~~~~~~~~~~~~
/Library/Developer/CommandLineTools/SDKs/MacOSX.sdk/System/Library/Frameworks/Ruby.framework/Versions/2.6/usr/include/ruby-2.6.0/ruby/ruby.h:1816:5: note: expanded from macro 'RUBY_CONST_ID_CACHE'
 1816 |     }
      |     ^
/Library/Developer/CommandLineTools/SDKs/MacOSX.sdk/System/Library/Frameworks/Ruby.framework/Versions/2.6/usr/include/ruby-2.6.0/ruby/ruby.h:2602:20: note: expanded from macro 'rb_funcall'
 2602 |         rb_funcallv(recv, mid, \
      |                           ^~~
custom.c:626:48: note: ')' token is here
  626 |             oj_dump_custom_val(rb_funcall(obj, rb_intern("entries"), 0), depth, out, false);
      |                                                ^~~~~~~~~~~~~~~~~~~~
/Library/Developer/CommandLineTools/SDKs/MacOSX.sdk/System/Library/Frameworks/Ruby.framework/Versions/2.6/usr/include/ruby-2.6.0/ruby/ruby.h:1826:56: note: expanded from macro 'rb_intern'
 1826 |         __extension__ (RUBY_CONST_ID_CACHE((ID), (str))) : \
      |                                                        ^
/Library/Developer/CommandLineTools/SDKs/MacOSX.sdk/System/Library/Frameworks/Ruby.framework/Versions/2.6/usr/include/ruby-2.6.0/ruby/ruby.h:2602:20: note: expanded from macro 'rb_funcall'
 2602 |         rb_funcallv(recv, mid, \
      |                           ^~~
custom.c:646:40: warning: '(' and '{' tokens introducing statement expression appear in different macro expansion contexts [-Wcompound-token-split-by-macro]
  646 |         rv          = rb_funcall2(obj, rb_intern("message"), 0, 0);
      |                                        ^~~~~~~~~~~~~~~~~~~~
/Library/Developer/CommandLineTools/SDKs/MacOSX.sdk/System/Library/Frameworks/Ruby.framework/Versions/2.6/usr/include/ruby-2.6.0/ruby/ruby.h:1826:23: note: expanded from macro 'rb_intern'
 1826 |         __extension__ (RUBY_CONST_ID_CACHE((ID), (str))) : \
      |                       ^
custom.c:646:40: note: '{' token is here
  646 |         rv          = rb_funcall2(obj, rb_intern("message"), 0, 0);
      |                                        ^~~~~~~~~~~~~~~~~~~~
/Library/Developer/CommandLineTools/SDKs/MacOSX.sdk/System/Library/Frameworks/Ruby.framework/Versions/2.6/usr/include/ruby-2.6.0/ruby/ruby.h:1826:24: note: expanded from macro 'rb_intern'
 1826 |         __extension__ (RUBY_CONST_ID_CACHE((ID), (str))) : \
      |                        ^~~~~~~~~~~~~~~~~~~~~~~~~~~~~~~~
/Library/Developer/CommandLineTools/SDKs/MacOSX.sdk/System/Library/Frameworks/Ruby.framework/Versions/2.6/usr/include/ruby-2.6.0/ruby/ruby.h:1811:5: note: expanded from macro 'RUBY_CONST_ID_CACHE'
 1811 |     {                                                   \
      |     ^
custom.c:646:40: warning: '}' and ')' tokens terminating statement expression appear in different macro expansion contexts [-Wcompound-token-split-by-macro]
  646 |         rv          = rb_funcall2(obj, rb_intern("message"), 0, 0);
      |                                        ^~~~~~~~~~~~~~~~~~~~
/Library/Developer/CommandLineTools/SDKs/MacOSX.sdk/System/Library/Frameworks/Ruby.framework/Versions/2.6/usr/include/ruby-2.6.0/ruby/ruby.h:1826:24: note: expanded from macro 'rb_intern'
 1826 |         __extension__ (RUBY_CONST_ID_CACHE((ID), (str))) : \
      |                        ^~~~~~~~~~~~~~~~~~~~~~~~~~~~~~~~
/Library/Developer/CommandLineTools/SDKs/MacOSX.sdk/System/Library/Frameworks/Ruby.framework/Versions/2.6/usr/include/ruby-2.6.0/ruby/ruby.h:1816:5: note: expanded from macro 'RUBY_CONST_ID_CACHE'
 1816 |     }
      |     ^
custom.c:646:40: note: ')' token is here
  646 |         rv          = rb_funcall2(obj, rb_intern("message"), 0, 0);
      |                                        ^~~~~~~~~~~~~~~~~~~~
/Library/Developer/CommandLineTools/SDKs/MacOSX.sdk/System/Library/Frameworks/Ruby.framework/Versions/2.6/usr/include/ruby-2.6.0/ruby/ruby.h:1826:56: note: expanded from macro 'rb_intern'
 1826 |         __extension__ (RUBY_CONST_ID_CACHE((ID), (str))) : \
      |                                                        ^
custom.c:654:40: warning: '(' and '{' tokens introducing statement expression appear in different macro expansion contexts [-Wcompound-token-split-by-macro]
  654 |         rv          = rb_funcall2(obj, rb_intern("backtrace"), 0, 0);
      |                                        ^~~~~~~~~~~~~~~~~~~~~~
/Library/Developer/CommandLineTools/SDKs/MacOSX.sdk/System/Library/Frameworks/Ruby.framework/Versions/2.6/usr/include/ruby-2.6.0/ruby/ruby.h:1826:23: note: expanded from macro 'rb_intern'
 1826 |         __extension__ (RUBY_CONST_ID_CACHE((ID), (str))) : \
      |                       ^
custom.c:654:40: note: '{' token is here
  654 |         rv          = rb_funcall2(obj, rb_intern("backtrace"), 0, 0);
      |                                        ^~~~~~~~~~~~~~~~~~~~~~
/Library/Developer/CommandLineTools/SDKs/MacOSX.sdk/System/Library/Frameworks/Ruby.framework/Versions/2.6/usr/include/ruby-2.6.0/ruby/ruby.h:1826:24: note: expanded from macro 'rb_intern'
 1826 |         __extension__ (RUBY_CONST_ID_CACHE((ID), (str))) : \
      |                        ^~~~~~~~~~~~~~~~~~~~~~~~~~~~~~~~
/Library/Developer/CommandLineTools/SDKs/MacOSX.sdk/System/Library/Frameworks/Ruby.framework/Versions/2.6/usr/include/ruby-2.6.0/ruby/ruby.h:1811:5: note: expanded from macro 'RUBY_CONST_ID_CACHE'
 1811 |     {                                                   \
      |     ^
custom.c:654:40: warning: '}' and ')' tokens terminating statement expression appear in different macro expansion contexts [-Wcompound-token-split-by-macro]
  654 |         rv          = rb_funcall2(obj, rb_intern("backtrace"), 0, 0);
      |                                        ^~~~~~~~~~~~~~~~~~~~~~
/Library/Developer/CommandLineTools/SDKs/MacOSX.sdk/System/Library/Frameworks/Ruby.framework/Versions/2.6/usr/include/ruby-2.6.0/ruby/ruby.h:1826:24: note: expanded from macro 'rb_intern'
 1826 |         __extension__ (RUBY_CONST_ID_CACHE((ID), (str))) : \
      |                        ^~~~~~~~~~~~~~~~~~~~~~~~~~~~~~~~
/Library/Developer/CommandLineTools/SDKs/MacOSX.sdk/System/Library/Frameworks/Ruby.framework/Versions/2.6/usr/include/ruby-2.6.0/ruby/ruby.h:1816:5: note: expanded from macro 'RUBY_CONST_ID_CACHE'
 1816 |     }
      |     ^
custom.c:654:40: note: ')' token is here
  654 |         rv          = rb_funcall2(obj, rb_intern("backtrace"), 0, 0);
      |                                        ^~~~~~~~~~~~~~~~~~~~~~
/Library/Developer/CommandLineTools/SDKs/MacOSX.sdk/System/Library/Frameworks/Ruby.framework/Versions/2.6/usr/include/ruby-2.6.0/ruby/ruby.h:1826:56: note: expanded from macro 'rb_intern'
 1826 |         __extension__ (RUBY_CONST_ID_CACHE((ID), (str))) : \
      |                                                        ^
custom.c:932:56: warning: '(' and '{' tokens introducing statement expression appear in different macro expansion contexts [-Wcompound-token-split-by-macro]
  932 |                     parent->val = rb_funcall(rb_cTime, rb_intern("parse"), 1, rb_str_new(str, len));
      |                                                        ^~~~~~~~~~~~~~~~~~
/Library/Developer/CommandLineTools/SDKs/MacOSX.sdk/System/Library/Frameworks/Ruby.framework/Versions/2.6/usr/include/ruby-2.6.0/ruby/ruby.h:1826:23: note: expanded from macro 'rb_intern'
 1826 |         __extension__ (RUBY_CONST_ID_CACHE((ID), (str))) : \
      |                       ^
/Library/Developer/CommandLineTools/SDKs/MacOSX.sdk/System/Library/Frameworks/Ruby.framework/Versions/2.6/usr/include/ruby-2.6.0/ruby/ruby.h:2602:20: note: expanded from macro 'rb_funcall'
 2602 |         rb_funcallv(recv, mid, \
      |                           ^~~
custom.c:932:56: note: '{' token is here
  932 |                     parent->val = rb_funcall(rb_cTime, rb_intern("parse"), 1, rb_str_new(str, len));
      |                                                        ^~~~~~~~~~~~~~~~~~
/Library/Developer/CommandLineTools/SDKs/MacOSX.sdk/System/Library/Frameworks/Ruby.framework/Versions/2.6/usr/include/ruby-2.6.0/ruby/ruby.h:1826:24: note: expanded from macro 'rb_intern'
 1826 |         __extension__ (RUBY_CONST_ID_CACHE((ID), (str))) : \
      |                        ^~~~~~~~~~~~~~~~~~~~~~~~~~~~~~~~
/Library/Developer/CommandLineTools/SDKs/MacOSX.sdk/System/Library/Frameworks/Ruby.framework/Versions/2.6/usr/include/ruby-2.6.0/ruby/ruby.h:1811:5: note: expanded from macro 'RUBY_CONST_ID_CACHE'
 1811 |     {                                                   \
      |     ^
/Library/Developer/CommandLineTools/SDKs/MacOSX.sdk/System/Library/Frameworks/Ruby.framework/Versions/2.6/usr/include/ruby-2.6.0/ruby/ruby.h:2602:20: note: expanded from macro 'rb_funcall'
 2602 |         rb_funcallv(recv, mid, \
      |                           ^~~
custom.c:932:56: warning: '}' and ')' tokens terminating statement expression appear in different macro expansion contexts [-Wcompound-token-split-by-macro]
  932 |                     parent->val = rb_funcall(rb_cTime, rb_intern("parse"), 1, rb_str_new(str, len));
      |                                                        ^~~~~~~~~~~~~~~~~~
/Library/Developer/CommandLineTools/SDKs/MacOSX.sdk/System/Library/Frameworks/Ruby.framework/Versions/2.6/usr/include/ruby-2.6.0/ruby/ruby.h:1826:24: note: expanded from macro 'rb_intern'
 1826 |         __extension__ (RUBY_CONST_ID_CACHE((ID), (str))) : \
      |                        ^~~~~~~~~~~~~~~~~~~~~~~~~~~~~~~~
/Library/Developer/CommandLineTools/SDKs/MacOSX.sdk/System/Library/Frameworks/Ruby.framework/Versions/2.6/usr/include/ruby-2.6.0/ruby/ruby.h:1816:5: note: expanded from macro 'RUBY_CONST_ID_CACHE'
 1816 |     }
      |     ^
/Library/Developer/CommandLineTools/SDKs/MacOSX.sdk/System/Library/Frameworks/Ruby.framework/Versions/2.6/usr/include/ruby-2.6.0/ruby/ruby.h:2602:20: note: expanded from macro 'rb_funcall'
 2602 |         rb_funcallv(recv, mid, \
      |                           ^~~
custom.c:932:56: note: ')' token is here
  932 |                     parent->val = rb_funcall(rb_cTime, rb_intern("parse"), 1, rb_str_new(str, len));
      |                                                        ^~~~~~~~~~~~~~~~~~
/Library/Developer/CommandLineTools/SDKs/MacOSX.sdk/System/Library/Frameworks/Ruby.framework/Versions/2.6/usr/include/ruby-2.6.0/ruby/ruby.h:1826:56: note: expanded from macro 'rb_intern'
 1826 |         __extension__ (RUBY_CONST_ID_CACHE((ID), (str))) : \
      |                                                        ^
/Library/Developer/CommandLineTools/SDKs/MacOSX.sdk/System/Library/Frameworks/Ruby.framework/Versions/2.6/usr/include/ruby-2.6.0/ruby/ruby.h:2602:20: note: expanded from macro 'rb_funcall'
 2602 |         rb_funcallv(recv, mid, \
      |                           ^~~
56 warnings generated.
compiling debug.c
compiling dump.c
compiling dump_compat.c
dump_compat.c:208:13: warning: '(' and '{' tokens introducing statement expression appear in different macro expansion contexts [-Wcompound-token-split-by-macro]
  208 |         _dump_id = rb_intern("_dump");
      |                    ^~~~~~~~~~~~~~~~~~
/Library/Developer/CommandLineTools/SDKs/MacOSX.sdk/System/Library/Frameworks/Ruby.framework/Versions/2.6/usr/include/ruby-2.6.0/ruby/ruby.h:1826:23: note: expanded from macro 'rb_intern'
 1826 |         __extension__ (RUBY_CONST_ID_CACHE((ID), (str))) : \
      |                       ^
dump_compat.c:208:13: note: '{' token is here
  208 |         _dump_id = rb_intern("_dump");
      |                    ^~~~~~~~~~~~~~~~~~
/Library/Developer/CommandLineTools/SDKs/MacOSX.sdk/System/Library/Frameworks/Ruby.framework/Versions/2.6/usr/include/ruby-2.6.0/ruby/ruby.h:1826:24: note: expanded from macro 'rb_intern'
 1826 |         __extension__ (RUBY_CONST_ID_CACHE((ID), (str))) : \
      |                        ^~~~~~~~~~~~~~~~~~~~~~~~~~~~~~~~
/Library/Developer/CommandLineTools/SDKs/MacOSX.sdk/System/Library/Frameworks/Ruby.framework/Versions/2.6/usr/include/ruby-2.6.0/ruby/ruby.h:1811:5: note: expanded from macro 'RUBY_CONST_ID_CACHE'
 1811 |     {                                                   \
      |     ^
dump_compat.c:208:13: warning: '}' and ')' tokens terminating statement expression appear in different macro expansion contexts [-Wcompound-token-split-by-macro]
  208 |         _dump_id = rb_intern("_dump");
      |                    ^~~~~~~~~~~~~~~~~~
/Library/Developer/CommandLineTools/SDKs/MacOSX.sdk/System/Library/Frameworks/Ruby.framework/Versions/2.6/usr/include/ruby-2.6.0/ruby/ruby.h:1826:24: note: expanded from macro 'rb_intern'
 1826 |         __extension__ (RUBY_CONST_ID_CACHE((ID), (str))) : \
      |                        ^~~~~~~~~~~~~~~~~~~~~~~~~~~~~~~~
/Library/Developer/CommandLineTools/SDKs/MacOSX.sdk/System/Library/Frameworks/Ruby.framework/Versions/2.6/usr/include/ruby-2.6.0/ruby/ruby.h:1816:5: note: expanded from macro 'RUBY_CONST_ID_CACHE'
 1816 |     }
      |     ^
dump_compat.c:208:13: note: ')' token is here
  208 |         _dump_id = rb_intern("_dump");
      |                    ^~~~~~~~~~~~~~~~~~
/Library/Developer/CommandLineTools/SDKs/MacOSX.sdk/System/Library/Frameworks/Ruby.framework/Versions/2.6/usr/include/ruby-2.6.0/ruby/ruby.h:1826:56: note: expanded from macro 'rb_intern'
 1826 |         __extension__ (RUBY_CONST_ID_CACHE((ID), (str))) : \
      |                                                        ^
dump_compat.c:227:12: warning: '(' and '{' tokens introducing statement expression appear in different macro expansion contexts [-Wcompound-token-split-by-macro]
  227 |         real_id = rb_intern("real");
      |                   ^~~~~~~~~~~~~~~~~
/Library/Developer/CommandLineTools/SDKs/MacOSX.sdk/System/Library/Frameworks/Ruby.framework/Versions/2.6/usr/include/ruby-2.6.0/ruby/ruby.h:1826:23: note: expanded from macro 'rb_intern'
 1826 |         __extension__ (RUBY_CONST_ID_CACHE((ID), (str))) : \
      |                       ^
dump_compat.c:227:12: note: '{' token is here
  227 |         real_id = rb_intern("real");
      |                   ^~~~~~~~~~~~~~~~~
/Library/Developer/CommandLineTools/SDKs/MacOSX.sdk/System/Library/Frameworks/Ruby.framework/Versions/2.6/usr/include/ruby-2.6.0/ruby/ruby.h:1826:24: note: expanded from macro 'rb_intern'
 1826 |         __extension__ (RUBY_CONST_ID_CACHE((ID), (str))) : \
      |                        ^~~~~~~~~~~~~~~~~~~~~~~~~~~~~~~~
/Library/Developer/CommandLineTools/SDKs/MacOSX.sdk/System/Library/Frameworks/Ruby.framework/Versions/2.6/usr/include/ruby-2.6.0/ruby/ruby.h:1811:5: note: expanded from macro 'RUBY_CONST_ID_CACHE'
 1811 |     {                                                   \
      |     ^
dump_compat.c:227:12: warning: '}' and ')' tokens terminating statement expression appear in different macro expansion contexts [-Wcompound-token-split-by-macro]
  227 |         real_id = rb_intern("real");
      |                   ^~~~~~~~~~~~~~~~~
/Library/Developer/CommandLineTools/SDKs/MacOSX.sdk/System/Library/Frameworks/Ruby.framework/Versions/2.6/usr/include/ruby-2.6.0/ruby/ruby.h:1826:24: note: expanded from macro 'rb_intern'
 1826 |         __extension__ (RUBY_CONST_ID_CACHE((ID), (str))) : \
      |                        ^~~~~~~~~~~~~~~~~~~~~~~~~~~~~~~~
/Library/Developer/CommandLineTools/SDKs/MacOSX.sdk/System/Library/Frameworks/Ruby.framework/Versions/2.6/usr/include/ruby-2.6.0/ruby/ruby.h:1816:5: note: expanded from macro 'RUBY_CONST_ID_CACHE'
 1816 |     }
      |     ^
dump_compat.c:227:12: note: ')' token is here
  227 |         real_id = rb_intern("real");
      |                   ^~~~~~~~~~~~~~~~~
/Library/Developer/CommandLineTools/SDKs/MacOSX.sdk/System/Library/Frameworks/Ruby.framework/Versions/2.6/usr/include/ruby-2.6.0/ruby/ruby.h:1826:56: note: expanded from macro 'rb_intern'
 1826 |         __extension__ (RUBY_CONST_ID_CACHE((ID), (str))) : \
      |                                                        ^
dump_compat.c:228:12: warning: '(' and '{' tokens introducing statement expression appear in different macro expansion contexts [-Wcompound-token-split-by-macro]
  228 |         imag_id = rb_intern("imag");
      |                   ^~~~~~~~~~~~~~~~~
/Library/Developer/CommandLineTools/SDKs/MacOSX.sdk/System/Library/Frameworks/Ruby.framework/Versions/2.6/usr/include/ruby-2.6.0/ruby/ruby.h:1826:23: note: expanded from macro 'rb_intern'
 1826 |         __extension__ (RUBY_CONST_ID_CACHE((ID), (str))) : \
      |                       ^
dump_compat.c:228:12: note: '{' token is here
  228 |         imag_id = rb_intern("imag");
      |                   ^~~~~~~~~~~~~~~~~
/Library/Developer/CommandLineTools/SDKs/MacOSX.sdk/System/Library/Frameworks/Ruby.framework/Versions/2.6/usr/include/ruby-2.6.0/ruby/ruby.h:1826:24: note: expanded from macro 'rb_intern'
 1826 |         __extension__ (RUBY_CONST_ID_CACHE((ID), (str))) : \
      |                        ^~~~~~~~~~~~~~~~~~~~~~~~~~~~~~~~
/Library/Developer/CommandLineTools/SDKs/MacOSX.sdk/System/Library/Frameworks/Ruby.framework/Versions/2.6/usr/include/ruby-2.6.0/ruby/ruby.h:1811:5: note: expanded from macro 'RUBY_CONST_ID_CACHE'
 1811 |     {                                                   \
      |     ^
dump_compat.c:228:12: warning: '}' and ')' tokens terminating statement expression appear in different macro expansion contexts [-Wcompound-token-split-by-macro]
  228 |         imag_id = rb_intern("imag");
      |                   ^~~~~~~~~~~~~~~~~
/Library/Developer/CommandLineTools/SDKs/MacOSX.sdk/System/Library/Frameworks/Ruby.framework/Versions/2.6/usr/include/ruby-2.6.0/ruby/ruby.h:1826:24: note: expanded from macro 'rb_intern'
 1826 |         __extension__ (RUBY_CONST_ID_CACHE((ID), (str))) : \
      |                        ^~~~~~~~~~~~~~~~~~~~~~~~~~~~~~~~
/Library/Developer/CommandLineTools/SDKs/MacOSX.sdk/System/Library/Frameworks/Ruby.framework/Versions/2.6/usr/include/ruby-2.6.0/ruby/ruby.h:1816:5: note: expanded from macro 'RUBY_CONST_ID_CACHE'
 1816 |     }
      |     ^
dump_compat.c:228:12: note: ')' token is here
  228 |         imag_id = rb_intern("imag");
      |                   ^~~~~~~~~~~~~~~~~
/Library/Developer/CommandLineTools/SDKs/MacOSX.sdk/System/Library/Frameworks/Ruby.framework/Versions/2.6/usr/include/ruby-2.6.0/ruby/ruby.h:1826:56: note: expanded from macro 'rb_intern'
 1826 |         __extension__ (RUBY_CONST_ID_CACHE((ID), (str))) : \
      |                                                        ^
dump_compat.c:251:12: warning: '(' and '{' tokens introducing statement expression appear in different macro expansion contexts [-Wcompound-token-split-by-macro]
  251 |         year_id = rb_intern("year");
      |                   ^~~~~~~~~~~~~~~~~
/Library/Developer/CommandLineTools/SDKs/MacOSX.sdk/System/Library/Frameworks/Ruby.framework/Versions/2.6/usr/include/ruby-2.6.0/ruby/ruby.h:1826:23: note: expanded from macro 'rb_intern'
 1826 |         __extension__ (RUBY_CONST_ID_CACHE((ID), (str))) : \
      |                       ^
dump_compat.c:251:12: note: '{' token is here
  251 |         year_id = rb_intern("year");
      |                   ^~~~~~~~~~~~~~~~~
/Library/Developer/CommandLineTools/SDKs/MacOSX.sdk/System/Library/Frameworks/Ruby.framework/Versions/2.6/usr/include/ruby-2.6.0/ruby/ruby.h:1826:24: note: expanded from macro 'rb_intern'
 1826 |         __extension__ (RUBY_CONST_ID_CACHE((ID), (str))) : \
      |                        ^~~~~~~~~~~~~~~~~~~~~~~~~~~~~~~~
/Library/Developer/CommandLineTools/SDKs/MacOSX.sdk/System/Library/Frameworks/Ruby.framework/Versions/2.6/usr/include/ruby-2.6.0/ruby/ruby.h:1811:5: note: expanded from macro 'RUBY_CONST_ID_CACHE'
 1811 |     {                                                   \
      |     ^
dump_compat.c:251:12: warning: '}' and ')' tokens terminating statement expression appear in different macro expansion contexts [-Wcompound-token-split-by-macro]
  251 |         year_id = rb_intern("year");
      |                   ^~~~~~~~~~~~~~~~~
/Library/Developer/CommandLineTools/SDKs/MacOSX.sdk/System/Library/Frameworks/Ruby.framework/Versions/2.6/usr/include/ruby-2.6.0/ruby/ruby.h:1826:24: note: expanded from macro 'rb_intern'
 1826 |         __extension__ (RUBY_CONST_ID_CACHE((ID), (str))) : \
      |                        ^~~~~~~~~~~~~~~~~~~~~~~~~~~~~~~~
/Library/Developer/CommandLineTools/SDKs/MacOSX.sdk/System/Library/Frameworks/Ruby.framework/Versions/2.6/usr/include/ruby-2.6.0/ruby/ruby.h:1816:5: note: expanded from macro 'RUBY_CONST_ID_CACHE'
 1816 |     }
      |     ^
dump_compat.c:251:12: note: ')' token is here
  251 |         year_id = rb_intern("year");
      |                   ^~~~~~~~~~~~~~~~~
/Library/Developer/CommandLineTools/SDKs/MacOSX.sdk/System/Library/Frameworks/Ruby.framework/Versions/2.6/usr/include/ruby-2.6.0/ruby/ruby.h:1826:56: note: expanded from macro 'rb_intern'
 1826 |         __extension__ (RUBY_CONST_ID_CACHE((ID), (str))) : \
      |                                                        ^
dump_compat.c:252:13: warning: '(' and '{' tokens introducing statement expression appear in different macro expansion contexts [-Wcompound-token-split-by-macro]
  252 |         month_id = rb_intern("month");
      |                    ^~~~~~~~~~~~~~~~~~
/Library/Developer/CommandLineTools/SDKs/MacOSX.sdk/System/Library/Frameworks/Ruby.framework/Versions/2.6/usr/include/ruby-2.6.0/ruby/ruby.h:1826:23: note: expanded from macro 'rb_intern'
 1826 |         __extension__ (RUBY_CONST_ID_CACHE((ID), (str))) : \
      |                       ^
dump_compat.c:252:13: note: '{' token is here
  252 |         month_id = rb_intern("month");
      |                    ^~~~~~~~~~~~~~~~~~
/Library/Developer/CommandLineTools/SDKs/MacOSX.sdk/System/Library/Frameworks/Ruby.framework/Versions/2.6/usr/include/ruby-2.6.0/ruby/ruby.h:1826:24: note: expanded from macro 'rb_intern'
 1826 |         __extension__ (RUBY_CONST_ID_CACHE((ID), (str))) : \
      |                        ^~~~~~~~~~~~~~~~~~~~~~~~~~~~~~~~
/Library/Developer/CommandLineTools/SDKs/MacOSX.sdk/System/Library/Frameworks/Ruby.framework/Versions/2.6/usr/include/ruby-2.6.0/ruby/ruby.h:1811:5: note: expanded from macro 'RUBY_CONST_ID_CACHE'
 1811 |     {                                                   \
      |     ^
dump_compat.c:252:13: warning: '}' and ')' tokens terminating statement expression appear in different macro expansion contexts [-Wcompound-token-split-by-macro]
  252 |         month_id = rb_intern("month");
      |                    ^~~~~~~~~~~~~~~~~~
/Library/Developer/CommandLineTools/SDKs/MacOSX.sdk/System/Library/Frameworks/Ruby.framework/Versions/2.6/usr/include/ruby-2.6.0/ruby/ruby.h:1826:24: note: expanded from macro 'rb_intern'
 1826 |         __extension__ (RUBY_CONST_ID_CACHE((ID), (str))) : \
      |                        ^~~~~~~~~~~~~~~~~~~~~~~~~~~~~~~~
/Library/Developer/CommandLineTools/SDKs/MacOSX.sdk/System/Library/Frameworks/Ruby.framework/Versions/2.6/usr/include/ruby-2.6.0/ruby/ruby.h:1816:5: note: expanded from macro 'RUBY_CONST_ID_CACHE'
 1816 |     }
      |     ^
dump_compat.c:252:13: note: ')' token is here
  252 |         month_id = rb_intern("month");
      |                    ^~~~~~~~~~~~~~~~~~
/Library/Developer/CommandLineTools/SDKs/MacOSX.sdk/System/Library/Frameworks/Ruby.framework/Versions/2.6/usr/include/ruby-2.6.0/ruby/ruby.h:1826:56: note: expanded from macro 'rb_intern'
 1826 |         __extension__ (RUBY_CONST_ID_CACHE((ID), (str))) : \
      |                                                        ^
dump_compat.c:253:11: warning: '(' and '{' tokens introducing statement expression appear in different macro expansion contexts [-Wcompound-token-split-by-macro]
  253 |         day_id = rb_intern("day");
      |                  ^~~~~~~~~~~~~~~~
/Library/Developer/CommandLineTools/SDKs/MacOSX.sdk/System/Library/Frameworks/Ruby.framework/Versions/2.6/usr/include/ruby-2.6.0/ruby/ruby.h:1826:23: note: expanded from macro 'rb_intern'
 1826 |         __extension__ (RUBY_CONST_ID_CACHE((ID), (str))) : \
      |                       ^
dump_compat.c:253:11: note: '{' token is here
  253 |         day_id = rb_intern("day");
      |                  ^~~~~~~~~~~~~~~~
/Library/Developer/CommandLineTools/SDKs/MacOSX.sdk/System/Library/Frameworks/Ruby.framework/Versions/2.6/usr/include/ruby-2.6.0/ruby/ruby.h:1826:24: note: expanded from macro 'rb_intern'
 1826 |         __extension__ (RUBY_CONST_ID_CACHE((ID), (str))) : \
      |                        ^~~~~~~~~~~~~~~~~~~~~~~~~~~~~~~~
/Library/Developer/CommandLineTools/SDKs/MacOSX.sdk/System/Library/Frameworks/Ruby.framework/Versions/2.6/usr/include/ruby-2.6.0/ruby/ruby.h:1811:5: note: expanded from macro 'RUBY_CONST_ID_CACHE'
 1811 |     {                                                   \
      |     ^
dump_compat.c:253:11: warning: '}' and ')' tokens terminating statement expression appear in different macro expansion contexts [-Wcompound-token-split-by-macro]
  253 |         day_id = rb_intern("day");
      |                  ^~~~~~~~~~~~~~~~
/Library/Developer/CommandLineTools/SDKs/MacOSX.sdk/System/Library/Frameworks/Ruby.framework/Versions/2.6/usr/include/ruby-2.6.0/ruby/ruby.h:1826:24: note: expanded from macro 'rb_intern'
 1826 |         __extension__ (RUBY_CONST_ID_CACHE((ID), (str))) : \
      |                        ^~~~~~~~~~~~~~~~~~~~~~~~~~~~~~~~
/Library/Developer/CommandLineTools/SDKs/MacOSX.sdk/System/Library/Frameworks/Ruby.framework/Versions/2.6/usr/include/ruby-2.6.0/ruby/ruby.h:1816:5: note: expanded from macro 'RUBY_CONST_ID_CACHE'
 1816 |     }
      |     ^
dump_compat.c:253:11: note: ')' token is here
  253 |         day_id = rb_intern("day");
      |                  ^~~~~~~~~~~~~~~~
/Library/Developer/CommandLineTools/SDKs/MacOSX.sdk/System/Library/Frameworks/Ruby.framework/Versions/2.6/usr/include/ruby-2.6.0/ruby/ruby.h:1826:56: note: expanded from macro 'rb_intern'
 1826 |         __extension__ (RUBY_CONST_ID_CACHE((ID), (str))) : \
      |                                                        ^
dump_compat.c:254:13: warning: '(' and '{' tokens introducing statement expression appear in different macro expansion contexts [-Wcompound-token-split-by-macro]
  254 |         start_id = rb_intern("start");
      |                    ^~~~~~~~~~~~~~~~~~
/Library/Developer/CommandLineTools/SDKs/MacOSX.sdk/System/Library/Frameworks/Ruby.framework/Versions/2.6/usr/include/ruby-2.6.0/ruby/ruby.h:1826:23: note: expanded from macro 'rb_intern'
 1826 |         __extension__ (RUBY_CONST_ID_CACHE((ID), (str))) : \
      |                       ^
dump_compat.c:254:13: note: '{' token is here
  254 |         start_id = rb_intern("start");
      |                    ^~~~~~~~~~~~~~~~~~
/Library/Developer/CommandLineTools/SDKs/MacOSX.sdk/System/Library/Frameworks/Ruby.framework/Versions/2.6/usr/include/ruby-2.6.0/ruby/ruby.h:1826:24: note: expanded from macro 'rb_intern'
 1826 |         __extension__ (RUBY_CONST_ID_CACHE((ID), (str))) : \
      |                        ^~~~~~~~~~~~~~~~~~~~~~~~~~~~~~~~
/Library/Developer/CommandLineTools/SDKs/MacOSX.sdk/System/Library/Frameworks/Ruby.framework/Versions/2.6/usr/include/ruby-2.6.0/ruby/ruby.h:1811:5: note: expanded from macro 'RUBY_CONST_ID_CACHE'
 1811 |     {                                                   \
      |     ^
dump_compat.c:254:13: warning: '}' and ')' tokens terminating statement expression appear in different macro expansion contexts [-Wcompound-token-split-by-macro]
  254 |         start_id = rb_intern("start");
      |                    ^~~~~~~~~~~~~~~~~~
/Library/Developer/CommandLineTools/SDKs/MacOSX.sdk/System/Library/Frameworks/Ruby.framework/Versions/2.6/usr/include/ruby-2.6.0/ruby/ruby.h:1826:24: note: expanded from macro 'rb_intern'
 1826 |         __extension__ (RUBY_CONST_ID_CACHE((ID), (str))) : \
      |                        ^~~~~~~~~~~~~~~~~~~~~~~~~~~~~~~~
/Library/Developer/CommandLineTools/SDKs/MacOSX.sdk/System/Library/Frameworks/Ruby.framework/Versions/2.6/usr/include/ruby-2.6.0/ruby/ruby.h:1816:5: note: expanded from macro 'RUBY_CONST_ID_CACHE'
 1816 |     }
      |     ^
dump_compat.c:254:13: note: ')' token is here
  254 |         start_id = rb_intern("start");
      |                    ^~~~~~~~~~~~~~~~~~
/Library/Developer/CommandLineTools/SDKs/MacOSX.sdk/System/Library/Frameworks/Ruby.framework/Versions/2.6/usr/include/ruby-2.6.0/ruby/ruby.h:1826:56: note: expanded from macro 'rb_intern'
 1826 |         __extension__ (RUBY_CONST_ID_CACHE((ID), (str))) : \
      |                                                        ^
dump_compat.c:283:12: warning: '(' and '{' tokens introducing statement expression appear in different macro expansion contexts [-Wcompound-token-split-by-macro]
  283 |         year_id = rb_intern("year");
      |                   ^~~~~~~~~~~~~~~~~
/Library/Developer/CommandLineTools/SDKs/MacOSX.sdk/System/Library/Frameworks/Ruby.framework/Versions/2.6/usr/include/ruby-2.6.0/ruby/ruby.h:1826:23: note: expanded from macro 'rb_intern'
 1826 |         __extension__ (RUBY_CONST_ID_CACHE((ID), (str))) : \
      |                       ^
dump_compat.c:283:12: note: '{' token is here
  283 |         year_id = rb_intern("year");
      |                   ^~~~~~~~~~~~~~~~~
/Library/Developer/CommandLineTools/SDKs/MacOSX.sdk/System/Library/Frameworks/Ruby.framework/Versions/2.6/usr/include/ruby-2.6.0/ruby/ruby.h:1826:24: note: expanded from macro 'rb_intern'
 1826 |         __extension__ (RUBY_CONST_ID_CACHE((ID), (str))) : \
      |                        ^~~~~~~~~~~~~~~~~~~~~~~~~~~~~~~~
/Library/Developer/CommandLineTools/SDKs/MacOSX.sdk/System/Library/Frameworks/Ruby.framework/Versions/2.6/usr/include/ruby-2.6.0/ruby/ruby.h:1811:5: note: expanded from macro 'RUBY_CONST_ID_CACHE'
 1811 |     {                                                   \
      |     ^
dump_compat.c:283:12: warning: '}' and ')' tokens terminating statement expression appear in different macro expansion contexts [-Wcompound-token-split-by-macro]
  283 |         year_id = rb_intern("year");
      |                   ^~~~~~~~~~~~~~~~~
/Library/Developer/CommandLineTools/SDKs/MacOSX.sdk/System/Library/Frameworks/Ruby.framework/Versions/2.6/usr/include/ruby-2.6.0/ruby/ruby.h:1826:24: note: expanded from macro 'rb_intern'
 1826 |         __extension__ (RUBY_CONST_ID_CACHE((ID), (str))) : \
      |                        ^~~~~~~~~~~~~~~~~~~~~~~~~~~~~~~~
/Library/Developer/CommandLineTools/SDKs/MacOSX.sdk/System/Library/Frameworks/Ruby.framework/Versions/2.6/usr/include/ruby-2.6.0/ruby/ruby.h:1816:5: note: expanded from macro 'RUBY_CONST_ID_CACHE'
 1816 |     }
      |     ^
dump_compat.c:283:12: note: ')' token is here
  283 |         year_id = rb_intern("year");
      |                   ^~~~~~~~~~~~~~~~~
/Library/Developer/CommandLineTools/SDKs/MacOSX.sdk/System/Library/Frameworks/Ruby.framework/Versions/2.6/usr/include/ruby-2.6.0/ruby/ruby.h:1826:56: note: expanded from macro 'rb_intern'
 1826 |         __extension__ (RUBY_CONST_ID_CACHE((ID), (str))) : \
      |                                                        ^
dump_compat.c:284:13: warning: '(' and '{' tokens introducing statement expression appear in different macro expansion contexts [-Wcompound-token-split-by-macro]
  284 |         month_id = rb_intern("month");
      |                    ^~~~~~~~~~~~~~~~~~
/Library/Developer/CommandLineTools/SDKs/MacOSX.sdk/System/Library/Frameworks/Ruby.framework/Versions/2.6/usr/include/ruby-2.6.0/ruby/ruby.h:1826:23: note: expanded from macro 'rb_intern'
 1826 |         __extension__ (RUBY_CONST_ID_CACHE((ID), (str))) : \
      |                       ^
dump_compat.c:284:13: note: '{' token is here
  284 |         month_id = rb_intern("month");
      |                    ^~~~~~~~~~~~~~~~~~
/Library/Developer/CommandLineTools/SDKs/MacOSX.sdk/System/Library/Frameworks/Ruby.framework/Versions/2.6/usr/include/ruby-2.6.0/ruby/ruby.h:1826:24: note: expanded from macro 'rb_intern'
 1826 |         __extension__ (RUBY_CONST_ID_CACHE((ID), (str))) : \
      |                        ^~~~~~~~~~~~~~~~~~~~~~~~~~~~~~~~
/Library/Developer/CommandLineTools/SDKs/MacOSX.sdk/System/Library/Frameworks/Ruby.framework/Versions/2.6/usr/include/ruby-2.6.0/ruby/ruby.h:1811:5: note: expanded from macro 'RUBY_CONST_ID_CACHE'
 1811 |     {                                                   \
      |     ^
dump_compat.c:284:13: warning: '}' and ')' tokens terminating statement expression appear in different macro expansion contexts [-Wcompound-token-split-by-macro]
  284 |         month_id = rb_intern("month");
      |                    ^~~~~~~~~~~~~~~~~~
/Library/Developer/CommandLineTools/SDKs/MacOSX.sdk/System/Library/Frameworks/Ruby.framework/Versions/2.6/usr/include/ruby-2.6.0/ruby/ruby.h:1826:24: note: expanded from macro 'rb_intern'
 1826 |         __extension__ (RUBY_CONST_ID_CACHE((ID), (str))) : \
      |                        ^~~~~~~~~~~~~~~~~~~~~~~~~~~~~~~~
/Library/Developer/CommandLineTools/SDKs/MacOSX.sdk/System/Library/Frameworks/Ruby.framework/Versions/2.6/usr/include/ruby-2.6.0/ruby/ruby.h:1816:5: note: expanded from macro 'RUBY_CONST_ID_CACHE'
 1816 |     }
      |     ^
dump_compat.c:284:13: note: ')' token is here
  284 |         month_id = rb_intern("month");
      |                    ^~~~~~~~~~~~~~~~~~
/Library/Developer/CommandLineTools/SDKs/MacOSX.sdk/System/Library/Frameworks/Ruby.framework/Versions/2.6/usr/include/ruby-2.6.0/ruby/ruby.h:1826:56: note: expanded from macro 'rb_intern'
 1826 |         __extension__ (RUBY_CONST_ID_CACHE((ID), (str))) : \
      |                                                        ^
dump_compat.c:285:11: warning: '(' and '{' tokens introducing statement expression appear in different macro expansion contexts [-Wcompound-token-split-by-macro]
  285 |         day_id = rb_intern("day");
      |                  ^~~~~~~~~~~~~~~~
/Library/Developer/CommandLineTools/SDKs/MacOSX.sdk/System/Library/Frameworks/Ruby.framework/Versions/2.6/usr/include/ruby-2.6.0/ruby/ruby.h:1826:23: note: expanded from macro 'rb_intern'
 1826 |         __extension__ (RUBY_CONST_ID_CACHE((ID), (str))) : \
      |                       ^
dump_compat.c:285:11: note: '{' token is here
  285 |         day_id = rb_intern("day");
      |                  ^~~~~~~~~~~~~~~~
/Library/Developer/CommandLineTools/SDKs/MacOSX.sdk/System/Library/Frameworks/Ruby.framework/Versions/2.6/usr/include/ruby-2.6.0/ruby/ruby.h:1826:24: note: expanded from macro 'rb_intern'
 1826 |         __extension__ (RUBY_CONST_ID_CACHE((ID), (str))) : \
      |                        ^~~~~~~~~~~~~~~~~~~~~~~~~~~~~~~~
/Library/Developer/CommandLineTools/SDKs/MacOSX.sdk/System/Library/Frameworks/Ruby.framework/Versions/2.6/usr/include/ruby-2.6.0/ruby/ruby.h:1811:5: note: expanded from macro 'RUBY_CONST_ID_CACHE'
 1811 |     {                                                   \
      |     ^
dump_compat.c:285:11: warning: '}' and ')' tokens terminating statement expression appear in different macro expansion contexts [-Wcompound-token-split-by-macro]
  285 |         day_id = rb_intern("day");
      |                  ^~~~~~~~~~~~~~~~
/Library/Developer/CommandLineTools/SDKs/MacOSX.sdk/System/Library/Frameworks/Ruby.framework/Versions/2.6/usr/include/ruby-2.6.0/ruby/ruby.h:1826:24: note: expanded from macro 'rb_intern'
 1826 |         __extension__ (RUBY_CONST_ID_CACHE((ID), (str))) : \
      |                        ^~~~~~~~~~~~~~~~~~~~~~~~~~~~~~~~
/Library/Developer/CommandLineTools/SDKs/MacOSX.sdk/System/Library/Frameworks/Ruby.framework/Versions/2.6/usr/include/ruby-2.6.0/ruby/ruby.h:1816:5: note: expanded from macro 'RUBY_CONST_ID_CACHE'
 1816 |     }
      |     ^
dump_compat.c:285:11: note: ')' token is here
  285 |         day_id = rb_intern("day");
      |                  ^~~~~~~~~~~~~~~~
/Library/Developer/CommandLineTools/SDKs/MacOSX.sdk/System/Library/Frameworks/Ruby.framework/Versions/2.6/usr/include/ruby-2.6.0/ruby/ruby.h:1826:56: note: expanded from macro 'rb_intern'
 1826 |         __extension__ (RUBY_CONST_ID_CACHE((ID), (str))) : \
      |                                                        ^
dump_compat.c:286:12: warning: '(' and '{' tokens introducing statement expression appear in different macro expansion contexts [-Wcompound-token-split-by-macro]
  286 |         hour_id = rb_intern("hour");
      |                   ^~~~~~~~~~~~~~~~~
/Library/Developer/CommandLineTools/SDKs/MacOSX.sdk/System/Library/Frameworks/Ruby.framework/Versions/2.6/usr/include/ruby-2.6.0/ruby/ruby.h:1826:23: note: expanded from macro 'rb_intern'
 1826 |         __extension__ (RUBY_CONST_ID_CACHE((ID), (str))) : \
      |                       ^
dump_compat.c:286:12: note: '{' token is here
  286 |         hour_id = rb_intern("hour");
      |                   ^~~~~~~~~~~~~~~~~
/Library/Developer/CommandLineTools/SDKs/MacOSX.sdk/System/Library/Frameworks/Ruby.framework/Versions/2.6/usr/include/ruby-2.6.0/ruby/ruby.h:1826:24: note: expanded from macro 'rb_intern'
 1826 |         __extension__ (RUBY_CONST_ID_CACHE((ID), (str))) : \
      |                        ^~~~~~~~~~~~~~~~~~~~~~~~~~~~~~~~
/Library/Developer/CommandLineTools/SDKs/MacOSX.sdk/System/Library/Frameworks/Ruby.framework/Versions/2.6/usr/include/ruby-2.6.0/ruby/ruby.h:1811:5: note: expanded from macro 'RUBY_CONST_ID_CACHE'
 1811 |     {                                                   \
      |     ^
dump_compat.c:286:12: warning: '}' and ')' tokens terminating statement expression appear in different macro expansion contexts [-Wcompound-token-split-by-macro]
  286 |         hour_id = rb_intern("hour");
      |                   ^~~~~~~~~~~~~~~~~
/Library/Developer/CommandLineTools/SDKs/MacOSX.sdk/System/Library/Frameworks/Ruby.framework/Versions/2.6/usr/include/ruby-2.6.0/ruby/ruby.h:1826:24: note: expanded from macro 'rb_intern'
 1826 |         __extension__ (RUBY_CONST_ID_CACHE((ID), (str))) : \
      |                        ^~~~~~~~~~~~~~~~~~~~~~~~~~~~~~~~
/Library/Developer/CommandLineTools/SDKs/MacOSX.sdk/System/Library/Frameworks/Ruby.framework/Versions/2.6/usr/include/ruby-2.6.0/ruby/ruby.h:1816:5: note: expanded from macro 'RUBY_CONST_ID_CACHE'
 1816 |     }
      |     ^
dump_compat.c:286:12: note: ')' token is here
  286 |         hour_id = rb_intern("hour");
      |                   ^~~~~~~~~~~~~~~~~
/Library/Developer/CommandLineTools/SDKs/MacOSX.sdk/System/Library/Frameworks/Ruby.framework/Versions/2.6/usr/include/ruby-2.6.0/ruby/ruby.h:1826:56: note: expanded from macro 'rb_intern'
 1826 |         __extension__ (RUBY_CONST_ID_CACHE((ID), (str))) : \
      |                                                        ^
dump_compat.c:287:11: warning: '(' and '{' tokens introducing statement expression appear in different macro expansion contexts [-Wcompound-token-split-by-macro]
  287 |         min_id = rb_intern("min");
      |                  ^~~~~~~~~~~~~~~~
/Library/Developer/CommandLineTools/SDKs/MacOSX.sdk/System/Library/Frameworks/Ruby.framework/Versions/2.6/usr/include/ruby-2.6.0/ruby/ruby.h:1826:23: note: expanded from macro 'rb_intern'
 1826 |         __extension__ (RUBY_CONST_ID_CACHE((ID), (str))) : \
      |                       ^
dump_compat.c:287:11: note: '{' token is here
  287 |         min_id = rb_intern("min");
      |                  ^~~~~~~~~~~~~~~~
/Library/Developer/CommandLineTools/SDKs/MacOSX.sdk/System/Library/Frameworks/Ruby.framework/Versions/2.6/usr/include/ruby-2.6.0/ruby/ruby.h:1826:24: note: expanded from macro 'rb_intern'
 1826 |         __extension__ (RUBY_CONST_ID_CACHE((ID), (str))) : \
      |                        ^~~~~~~~~~~~~~~~~~~~~~~~~~~~~~~~
/Library/Developer/CommandLineTools/SDKs/MacOSX.sdk/System/Library/Frameworks/Ruby.framework/Versions/2.6/usr/include/ruby-2.6.0/ruby/ruby.h:1811:5: note: expanded from macro 'RUBY_CONST_ID_CACHE'
 1811 |     {                                                   \
      |     ^
dump_compat.c:287:11: warning: '}' and ')' tokens terminating statement expression appear in different macro expansion contexts [-Wcompound-token-split-by-macro]
  287 |         min_id = rb_intern("min");
      |                  ^~~~~~~~~~~~~~~~
/Library/Developer/CommandLineTools/SDKs/MacOSX.sdk/System/Library/Frameworks/Ruby.framework/Versions/2.6/usr/include/ruby-2.6.0/ruby/ruby.h:1826:24: note: expanded from macro 'rb_intern'
 1826 |         __extension__ (RUBY_CONST_ID_CACHE((ID), (str))) : \
      |                        ^~~~~~~~~~~~~~~~~~~~~~~~~~~~~~~~
/Library/Developer/CommandLineTools/SDKs/MacOSX.sdk/System/Library/Frameworks/Ruby.framework/Versions/2.6/usr/include/ruby-2.6.0/ruby/ruby.h:1816:5: note: expanded from macro 'RUBY_CONST_ID_CACHE'
 1816 |     }
      |     ^
dump_compat.c:287:11: note: ')' token is here
  287 |         min_id = rb_intern("min");
      |                  ^~~~~~~~~~~~~~~~
/Library/Developer/CommandLineTools/SDKs/MacOSX.sdk/System/Library/Frameworks/Ruby.framework/Versions/2.6/usr/include/ruby-2.6.0/ruby/ruby.h:1826:56: note: expanded from macro 'rb_intern'
 1826 |         __extension__ (RUBY_CONST_ID_CACHE((ID), (str))) : \
      |                                                        ^
dump_compat.c:288:11: warning: '(' and '{' tokens introducing statement expression appear in different macro expansion contexts [-Wcompound-token-split-by-macro]
  288 |         sec_id = rb_intern("sec");
      |                  ^~~~~~~~~~~~~~~~
/Library/Developer/CommandLineTools/SDKs/MacOSX.sdk/System/Library/Frameworks/Ruby.framework/Versions/2.6/usr/include/ruby-2.6.0/ruby/ruby.h:1826:23: note: expanded from macro 'rb_intern'
 1826 |         __extension__ (RUBY_CONST_ID_CACHE((ID), (str))) : \
      |                       ^
dump_compat.c:288:11: note: '{' token is here
  288 |         sec_id = rb_intern("sec");
      |                  ^~~~~~~~~~~~~~~~
/Library/Developer/CommandLineTools/SDKs/MacOSX.sdk/System/Library/Frameworks/Ruby.framework/Versions/2.6/usr/include/ruby-2.6.0/ruby/ruby.h:1826:24: note: expanded from macro 'rb_intern'
 1826 |         __extension__ (RUBY_CONST_ID_CACHE((ID), (str))) : \
      |                        ^~~~~~~~~~~~~~~~~~~~~~~~~~~~~~~~
/Library/Developer/CommandLineTools/SDKs/MacOSX.sdk/System/Library/Frameworks/Ruby.framework/Versions/2.6/usr/include/ruby-2.6.0/ruby/ruby.h:1811:5: note: expanded from macro 'RUBY_CONST_ID_CACHE'
 1811 |     {                                                   \
      |     ^
dump_compat.c:288:11: warning: '}' and ')' tokens terminating statement expression appear in different macro expansion contexts [-Wcompound-token-split-by-macro]
  288 |         sec_id = rb_intern("sec");
      |                  ^~~~~~~~~~~~~~~~
/Library/Developer/CommandLineTools/SDKs/MacOSX.sdk/System/Library/Frameworks/Ruby.framework/Versions/2.6/usr/include/ruby-2.6.0/ruby/ruby.h:1826:24: note: expanded from macro 'rb_intern'
 1826 |         __extension__ (RUBY_CONST_ID_CACHE((ID), (str))) : \
      |                        ^~~~~~~~~~~~~~~~~~~~~~~~~~~~~~~~
/Library/Developer/CommandLineTools/SDKs/MacOSX.sdk/System/Library/Frameworks/Ruby.framework/Versions/2.6/usr/include/ruby-2.6.0/ruby/ruby.h:1816:5: note: expanded from macro 'RUBY_CONST_ID_CACHE'
 1816 |     }
      |     ^
dump_compat.c:288:11: note: ')' token is here
  288 |         sec_id = rb_intern("sec");
      |                  ^~~~~~~~~~~~~~~~
/Library/Developer/CommandLineTools/SDKs/MacOSX.sdk/System/Library/Frameworks/Ruby.framework/Versions/2.6/usr/include/ruby-2.6.0/ruby/ruby.h:1826:56: note: expanded from macro 'rb_intern'
 1826 |         __extension__ (RUBY_CONST_ID_CACHE((ID), (str))) : \
      |                                                        ^
dump_compat.c:289:14: warning: '(' and '{' tokens introducing statement expression appear in different macro expansion contexts [-Wcompound-token-split-by-macro]
  289 |         offset_id = rb_intern("offset");
      |                     ^~~~~~~~~~~~~~~~~~~
/Library/Developer/CommandLineTools/SDKs/MacOSX.sdk/System/Library/Frameworks/Ruby.framework/Versions/2.6/usr/include/ruby-2.6.0/ruby/ruby.h:1826:23: note: expanded from macro 'rb_intern'
 1826 |         __extension__ (RUBY_CONST_ID_CACHE((ID), (str))) : \
      |                       ^
dump_compat.c:289:14: note: '{' token is here
  289 |         offset_id = rb_intern("offset");
      |                     ^~~~~~~~~~~~~~~~~~~
/Library/Developer/CommandLineTools/SDKs/MacOSX.sdk/System/Library/Frameworks/Ruby.framework/Versions/2.6/usr/include/ruby-2.6.0/ruby/ruby.h:1826:24: note: expanded from macro 'rb_intern'
 1826 |         __extension__ (RUBY_CONST_ID_CACHE((ID), (str))) : \
      |                        ^~~~~~~~~~~~~~~~~~~~~~~~~~~~~~~~
/Library/Developer/CommandLineTools/SDKs/MacOSX.sdk/System/Library/Frameworks/Ruby.framework/Versions/2.6/usr/include/ruby-2.6.0/ruby/ruby.h:1811:5: note: expanded from macro 'RUBY_CONST_ID_CACHE'
 1811 |     {                                                   \
      |     ^
dump_compat.c:289:14: warning: '}' and ')' tokens terminating statement expression appear in different macro expansion contexts [-Wcompound-token-split-by-macro]
  289 |         offset_id = rb_intern("offset");
      |                     ^~~~~~~~~~~~~~~~~~~
/Library/Developer/CommandLineTools/SDKs/MacOSX.sdk/System/Library/Frameworks/Ruby.framework/Versions/2.6/usr/include/ruby-2.6.0/ruby/ruby.h:1826:24: note: expanded from macro 'rb_intern'
 1826 |         __extension__ (RUBY_CONST_ID_CACHE((ID), (str))) : \
      |                        ^~~~~~~~~~~~~~~~~~~~~~~~~~~~~~~~
/Library/Developer/CommandLineTools/SDKs/MacOSX.sdk/System/Library/Frameworks/Ruby.framework/Versions/2.6/usr/include/ruby-2.6.0/ruby/ruby.h:1816:5: note: expanded from macro 'RUBY_CONST_ID_CACHE'
 1816 |     }
      |     ^
dump_compat.c:289:14: note: ')' token is here
  289 |         offset_id = rb_intern("offset");
      |                     ^~~~~~~~~~~~~~~~~~~
/Library/Developer/CommandLineTools/SDKs/MacOSX.sdk/System/Library/Frameworks/Ruby.framework/Versions/2.6/usr/include/ruby-2.6.0/ruby/ruby.h:1826:56: note: expanded from macro 'rb_intern'
 1826 |         __extension__ (RUBY_CONST_ID_CACHE((ID), (str))) : \
      |                                                        ^
dump_compat.c:290:13: warning: '(' and '{' tokens introducing statement expression appear in different macro expansion contexts [-Wcompound-token-split-by-macro]
  290 |         start_id = rb_intern("start");
      |                    ^~~~~~~~~~~~~~~~~~
/Library/Developer/CommandLineTools/SDKs/MacOSX.sdk/System/Library/Frameworks/Ruby.framework/Versions/2.6/usr/include/ruby-2.6.0/ruby/ruby.h:1826:23: note: expanded from macro 'rb_intern'
 1826 |         __extension__ (RUBY_CONST_ID_CACHE((ID), (str))) : \
      |                       ^
dump_compat.c:290:13: note: '{' token is here
  290 |         start_id = rb_intern("start");
      |                    ^~~~~~~~~~~~~~~~~~
/Library/Developer/CommandLineTools/SDKs/MacOSX.sdk/System/Library/Frameworks/Ruby.framework/Versions/2.6/usr/include/ruby-2.6.0/ruby/ruby.h:1826:24: note: expanded from macro 'rb_intern'
 1826 |         __extension__ (RUBY_CONST_ID_CACHE((ID), (str))) : \
      |                        ^~~~~~~~~~~~~~~~~~~~~~~~~~~~~~~~
/Library/Developer/CommandLineTools/SDKs/MacOSX.sdk/System/Library/Frameworks/Ruby.framework/Versions/2.6/usr/include/ruby-2.6.0/ruby/ruby.h:1811:5: note: expanded from macro 'RUBY_CONST_ID_CACHE'
 1811 |     {                                                   \
      |     ^
dump_compat.c:290:13: warning: '}' and ')' tokens terminating statement expression appear in different macro expansion contexts [-Wcompound-token-split-by-macro]
  290 |         start_id = rb_intern("start");
      |                    ^~~~~~~~~~~~~~~~~~
/Library/Developer/CommandLineTools/SDKs/MacOSX.sdk/System/Library/Frameworks/Ruby.framework/Versions/2.6/usr/include/ruby-2.6.0/ruby/ruby.h:1826:24: note: expanded from macro 'rb_intern'
 1826 |         __extension__ (RUBY_CONST_ID_CACHE((ID), (str))) : \
      |                        ^~~~~~~~~~~~~~~~~~~~~~~~~~~~~~~~
/Library/Developer/CommandLineTools/SDKs/MacOSX.sdk/System/Library/Frameworks/Ruby.framework/Versions/2.6/usr/include/ruby-2.6.0/ruby/ruby.h:1816:5: note: expanded from macro 'RUBY_CONST_ID_CACHE'
 1816 |     }
      |     ^
dump_compat.c:290:13: note: ')' token is here
  290 |         start_id = rb_intern("start");
      |                    ^~~~~~~~~~~~~~~~~~
/Library/Developer/CommandLineTools/SDKs/MacOSX.sdk/System/Library/Frameworks/Ruby.framework/Versions/2.6/usr/include/ruby-2.6.0/ruby/ruby.h:1826:56: note: expanded from macro 'rb_intern'
 1826 |         __extension__ (RUBY_CONST_ID_CACHE((ID), (str))) : \
      |                                                        ^
dump_compat.c:314:15: warning: '(' and '{' tokens introducing statement expression appear in different macro expansion contexts [-Wcompound-token-split-by-macro]
  314 |         message_id = rb_intern("message");
      |                      ^~~~~~~~~~~~~~~~~~~~
/Library/Developer/CommandLineTools/SDKs/MacOSX.sdk/System/Library/Frameworks/Ruby.framework/Versions/2.6/usr/include/ruby-2.6.0/ruby/ruby.h:1826:23: note: expanded from macro 'rb_intern'
 1826 |         __extension__ (RUBY_CONST_ID_CACHE((ID), (str))) : \
      |                       ^
dump_compat.c:314:15: note: '{' token is here
  314 |         message_id = rb_intern("message");
      |                      ^~~~~~~~~~~~~~~~~~~~
/Library/Developer/CommandLineTools/SDKs/MacOSX.sdk/System/Library/Frameworks/Ruby.framework/Versions/2.6/usr/include/ruby-2.6.0/ruby/ruby.h:1826:24: note: expanded from macro 'rb_intern'
 1826 |         __extension__ (RUBY_CONST_ID_CACHE((ID), (str))) : \
      |                        ^~~~~~~~~~~~~~~~~~~~~~~~~~~~~~~~
/Library/Developer/CommandLineTools/SDKs/MacOSX.sdk/System/Library/Frameworks/Ruby.framework/Versions/2.6/usr/include/ruby-2.6.0/ruby/ruby.h:1811:5: note: expanded from macro 'RUBY_CONST_ID_CACHE'
 1811 |     {                                                   \
      |     ^
dump_compat.c:314:15: warning: '}' and ')' tokens terminating statement expression appear in different macro expansion contexts [-Wcompound-token-split-by-macro]
  314 |         message_id = rb_intern("message");
      |                      ^~~~~~~~~~~~~~~~~~~~
/Library/Developer/CommandLineTools/SDKs/MacOSX.sdk/System/Library/Frameworks/Ruby.framework/Versions/2.6/usr/include/ruby-2.6.0/ruby/ruby.h:1826:24: note: expanded from macro 'rb_intern'
 1826 |         __extension__ (RUBY_CONST_ID_CACHE((ID), (str))) : \
      |                        ^~~~~~~~~~~~~~~~~~~~~~~~~~~~~~~~
/Library/Developer/CommandLineTools/SDKs/MacOSX.sdk/System/Library/Frameworks/Ruby.framework/Versions/2.6/usr/include/ruby-2.6.0/ruby/ruby.h:1816:5: note: expanded from macro 'RUBY_CONST_ID_CACHE'
 1816 |     }
      |     ^
dump_compat.c:314:15: note: ')' token is here
  314 |         message_id = rb_intern("message");
      |                      ^~~~~~~~~~~~~~~~~~~~
/Library/Developer/CommandLineTools/SDKs/MacOSX.sdk/System/Library/Frameworks/Ruby.framework/Versions/2.6/usr/include/ruby-2.6.0/ruby/ruby.h:1826:56: note: expanded from macro 'rb_intern'
 1826 |         __extension__ (RUBY_CONST_ID_CACHE((ID), (str))) : \
      |                                                        ^
dump_compat.c:315:17: warning: '(' and '{' tokens introducing statement expression appear in different macro expansion contexts [-Wcompound-token-split-by-macro]
  315 |         backtrace_id = rb_intern("backtrace");
      |                        ^~~~~~~~~~~~~~~~~~~~~~
/Library/Developer/CommandLineTools/SDKs/MacOSX.sdk/System/Library/Frameworks/Ruby.framework/Versions/2.6/usr/include/ruby-2.6.0/ruby/ruby.h:1826:23: note: expanded from macro 'rb_intern'
 1826 |         __extension__ (RUBY_CONST_ID_CACHE((ID), (str))) : \
      |                       ^
dump_compat.c:315:17: note: '{' token is here
  315 |         backtrace_id = rb_intern("backtrace");
      |                        ^~~~~~~~~~~~~~~~~~~~~~
/Library/Developer/CommandLineTools/SDKs/MacOSX.sdk/System/Library/Frameworks/Ruby.framework/Versions/2.6/usr/include/ruby-2.6.0/ruby/ruby.h:1826:24: note: expanded from macro 'rb_intern'
 1826 |         __extension__ (RUBY_CONST_ID_CACHE((ID), (str))) : \
      |                        ^~~~~~~~~~~~~~~~~~~~~~~~~~~~~~~~
/Library/Developer/CommandLineTools/SDKs/MacOSX.sdk/System/Library/Frameworks/Ruby.framework/Versions/2.6/usr/include/ruby-2.6.0/ruby/ruby.h:1811:5: note: expanded from macro 'RUBY_CONST_ID_CACHE'
 1811 |     {                                                   \
      |     ^
dump_compat.c:315:17: warning: '}' and ')' tokens terminating statement expression appear in different macro expansion contexts [-Wcompound-token-split-by-macro]
  315 |         backtrace_id = rb_intern("backtrace");
      |                        ^~~~~~~~~~~~~~~~~~~~~~
/Library/Developer/CommandLineTools/SDKs/MacOSX.sdk/System/Library/Frameworks/Ruby.framework/Versions/2.6/usr/include/ruby-2.6.0/ruby/ruby.h:1826:24: note: expanded from macro 'rb_intern'
 1826 |         __extension__ (RUBY_CONST_ID_CACHE((ID), (str))) : \
      |                        ^~~~~~~~~~~~~~~~~~~~~~~~~~~~~~~~
/Library/Developer/CommandLineTools/SDKs/MacOSX.sdk/System/Library/Frameworks/Ruby.framework/Versions/2.6/usr/include/ruby-2.6.0/ruby/ruby.h:1816:5: note: expanded from macro 'RUBY_CONST_ID_CACHE'
 1816 |     }
      |     ^
dump_compat.c:315:17: note: ')' token is here
  315 |         backtrace_id = rb_intern("backtrace");
      |                        ^~~~~~~~~~~~~~~~~~~~~~
/Library/Developer/CommandLineTools/SDKs/MacOSX.sdk/System/Library/Frameworks/Ruby.framework/Versions/2.6/usr/include/ruby-2.6.0/ruby/ruby.h:1826:56: note: expanded from macro 'rb_intern'
 1826 |         __extension__ (RUBY_CONST_ID_CACHE((ID), (str))) : \
      |                                                        ^
dump_compat.c:357:13: warning: '(' and '{' tokens introducing statement expression appear in different macro expansion contexts [-Wcompound-token-split-by-macro]
  357 |         table_id = rb_intern("table");
      |                    ^~~~~~~~~~~~~~~~~~
/Library/Developer/CommandLineTools/SDKs/MacOSX.sdk/System/Library/Frameworks/Ruby.framework/Versions/2.6/usr/include/ruby-2.6.0/ruby/ruby.h:1826:23: note: expanded from macro 'rb_intern'
 1826 |         __extension__ (RUBY_CONST_ID_CACHE((ID), (str))) : \
      |                       ^
dump_compat.c:357:13: note: '{' token is here
  357 |         table_id = rb_intern("table");
      |                    ^~~~~~~~~~~~~~~~~~
/Library/Developer/CommandLineTools/SDKs/MacOSX.sdk/System/Library/Frameworks/Ruby.framework/Versions/2.6/usr/include/ruby-2.6.0/ruby/ruby.h:1826:24: note: expanded from macro 'rb_intern'
 1826 |         __extension__ (RUBY_CONST_ID_CACHE((ID), (str))) : \
      |                        ^~~~~~~~~~~~~~~~~~~~~~~~~~~~~~~~
/Library/Developer/CommandLineTools/SDKs/MacOSX.sdk/System/Library/Frameworks/Ruby.framework/Versions/2.6/usr/include/ruby-2.6.0/ruby/ruby.h:1811:5: note: expanded from macro 'RUBY_CONST_ID_CACHE'
 1811 |     {                                                   \
      |     ^
dump_compat.c:357:13: warning: '}' and ')' tokens terminating statement expression appear in different macro expansion contexts [-Wcompound-token-split-by-macro]
  357 |         table_id = rb_intern("table");
      |                    ^~~~~~~~~~~~~~~~~~
/Library/Developer/CommandLineTools/SDKs/MacOSX.sdk/System/Library/Frameworks/Ruby.framework/Versions/2.6/usr/include/ruby-2.6.0/ruby/ruby.h:1826:24: note: expanded from macro 'rb_intern'
 1826 |         __extension__ (RUBY_CONST_ID_CACHE((ID), (str))) : \
      |                        ^~~~~~~~~~~~~~~~~~~~~~~~~~~~~~~~
/Library/Developer/CommandLineTools/SDKs/MacOSX.sdk/System/Library/Frameworks/Ruby.framework/Versions/2.6/usr/include/ruby-2.6.0/ruby/ruby.h:1816:5: note: expanded from macro 'RUBY_CONST_ID_CACHE'
 1816 |     }
      |     ^
dump_compat.c:357:13: note: ')' token is here
  357 |         table_id = rb_intern("table");
      |                    ^~~~~~~~~~~~~~~~~~
/Library/Developer/CommandLineTools/SDKs/MacOSX.sdk/System/Library/Frameworks/Ruby.framework/Versions/2.6/usr/include/ruby-2.6.0/ruby/ruby.h:1826:56: note: expanded from macro 'rb_intern'
 1826 |         __extension__ (RUBY_CONST_ID_CACHE((ID), (str))) : \
      |                                                        ^
dump_compat.c:404:17: warning: '(' and '{' tokens introducing statement expression appear in different macro expansion contexts [-Wcompound-token-split-by-macro]
  404 |         numerator_id = rb_intern("numerator");
      |                        ^~~~~~~~~~~~~~~~~~~~~~
/Library/Developer/CommandLineTools/SDKs/MacOSX.sdk/System/Library/Frameworks/Ruby.framework/Versions/2.6/usr/include/ruby-2.6.0/ruby/ruby.h:1826:23: note: expanded from macro 'rb_intern'
 1826 |         __extension__ (RUBY_CONST_ID_CACHE((ID), (str))) : \
      |                       ^
dump_compat.c:404:17: note: '{' token is here
  404 |         numerator_id = rb_intern("numerator");
      |                        ^~~~~~~~~~~~~~~~~~~~~~
/Library/Developer/CommandLineTools/SDKs/MacOSX.sdk/System/Library/Frameworks/Ruby.framework/Versions/2.6/usr/include/ruby-2.6.0/ruby/ruby.h:1826:24: note: expanded from macro 'rb_intern'
 1826 |         __extension__ (RUBY_CONST_ID_CACHE((ID), (str))) : \
      |                        ^~~~~~~~~~~~~~~~~~~~~~~~~~~~~~~~
/Library/Developer/CommandLineTools/SDKs/MacOSX.sdk/System/Library/Frameworks/Ruby.framework/Versions/2.6/usr/include/ruby-2.6.0/ruby/ruby.h:1811:5: note: expanded from macro 'RUBY_CONST_ID_CACHE'
 1811 |     {                                                   \
      |     ^
dump_compat.c:404:17: warning: '}' and ')' tokens terminating statement expression appear in different macro expansion contexts [-Wcompound-token-split-by-macro]
  404 |         numerator_id = rb_intern("numerator");
      |                        ^~~~~~~~~~~~~~~~~~~~~~
/Library/Developer/CommandLineTools/SDKs/MacOSX.sdk/System/Library/Frameworks/Ruby.framework/Versions/2.6/usr/include/ruby-2.6.0/ruby/ruby.h:1826:24: note: expanded from macro 'rb_intern'
 1826 |         __extension__ (RUBY_CONST_ID_CACHE((ID), (str))) : \
      |                        ^~~~~~~~~~~~~~~~~~~~~~~~~~~~~~~~
/Library/Developer/CommandLineTools/SDKs/MacOSX.sdk/System/Library/Frameworks/Ruby.framework/Versions/2.6/usr/include/ruby-2.6.0/ruby/ruby.h:1816:5: note: expanded from macro 'RUBY_CONST_ID_CACHE'
 1816 |     }
      |     ^
dump_compat.c:404:17: note: ')' token is here
  404 |         numerator_id = rb_intern("numerator");
      |                        ^~~~~~~~~~~~~~~~~~~~~~
/Library/Developer/CommandLineTools/SDKs/MacOSX.sdk/System/Library/Frameworks/Ruby.framework/Versions/2.6/usr/include/ruby-2.6.0/ruby/ruby.h:1826:56: note: expanded from macro 'rb_intern'
 1826 |         __extension__ (RUBY_CONST_ID_CACHE((ID), (str))) : \
      |                                                        ^
dump_compat.c:405:19: warning: '(' and '{' tokens introducing statement expression appear in different macro expansion contexts [-Wcompound-token-split-by-macro]
  405 |         denominator_id = rb_intern("denominator");
      |                          ^~~~~~~~~~~~~~~~~~~~~~~~
/Library/Developer/CommandLineTools/SDKs/MacOSX.sdk/System/Library/Frameworks/Ruby.framework/Versions/2.6/usr/include/ruby-2.6.0/ruby/ruby.h:1826:23: note: expanded from macro 'rb_intern'
 1826 |         __extension__ (RUBY_CONST_ID_CACHE((ID), (str))) : \
      |                       ^
dump_compat.c:405:19: note: '{' token is here
  405 |         denominator_id = rb_intern("denominator");
      |                          ^~~~~~~~~~~~~~~~~~~~~~~~
/Library/Developer/CommandLineTools/SDKs/MacOSX.sdk/System/Library/Frameworks/Ruby.framework/Versions/2.6/usr/include/ruby-2.6.0/ruby/ruby.h:1826:24: note: expanded from macro 'rb_intern'
 1826 |         __extension__ (RUBY_CONST_ID_CACHE((ID), (str))) : \
      |                        ^~~~~~~~~~~~~~~~~~~~~~~~~~~~~~~~
/Library/Developer/CommandLineTools/SDKs/MacOSX.sdk/System/Library/Frameworks/Ruby.framework/Versions/2.6/usr/include/ruby-2.6.0/ruby/ruby.h:1811:5: note: expanded from macro 'RUBY_CONST_ID_CACHE'
 1811 |     {                                                   \
      |     ^
dump_compat.c:405:19: warning: '}' and ')' tokens terminating statement expression appear in different macro expansion contexts [-Wcompound-token-split-by-macro]
  405 |         denominator_id = rb_intern("denominator");
      |                          ^~~~~~~~~~~~~~~~~~~~~~~~
/Library/Developer/CommandLineTools/SDKs/MacOSX.sdk/System/Library/Frameworks/Ruby.framework/Versions/2.6/usr/include/ruby-2.6.0/ruby/ruby.h:1826:24: note: expanded from macro 'rb_intern'
 1826 |         __extension__ (RUBY_CONST_ID_CACHE((ID), (str))) : \
      |                        ^~~~~~~~~~~~~~~~~~~~~~~~~~~~~~~~
/Library/Developer/CommandLineTools/SDKs/MacOSX.sdk/System/Library/Frameworks/Ruby.framework/Versions/2.6/usr/include/ruby-2.6.0/ruby/ruby.h:1816:5: note: expanded from macro 'RUBY_CONST_ID_CACHE'
 1816 |     }
      |     ^
dump_compat.c:405:19: note: ')' token is here
  405 |         denominator_id = rb_intern("denominator");
      |                          ^~~~~~~~~~~~~~~~~~~~~~~~
/Library/Developer/CommandLineTools/SDKs/MacOSX.sdk/System/Library/Frameworks/Ruby.framework/Versions/2.6/usr/include/ruby-2.6.0/ruby/ruby.h:1826:56: note: expanded from macro 'rb_intern'
 1826 |         __extension__ (RUBY_CONST_ID_CACHE((ID), (str))) : \
      |                                                        ^
dump_compat.c:424:15: warning: '(' and '{' tokens introducing statement expression appear in different macro expansion contexts [-Wcompound-token-split-by-macro]
  424 |         options_id = rb_intern("options");
      |                      ^~~~~~~~~~~~~~~~~~~~
/Library/Developer/CommandLineTools/SDKs/MacOSX.sdk/System/Library/Frameworks/Ruby.framework/Versions/2.6/usr/include/ruby-2.6.0/ruby/ruby.h:1826:23: note: expanded from macro 'rb_intern'
 1826 |         __extension__ (RUBY_CONST_ID_CACHE((ID), (str))) : \
      |                       ^
dump_compat.c:424:15: note: '{' token is here
  424 |         options_id = rb_intern("options");
      |                      ^~~~~~~~~~~~~~~~~~~~
/Library/Developer/CommandLineTools/SDKs/MacOSX.sdk/System/Library/Frameworks/Ruby.framework/Versions/2.6/usr/include/ruby-2.6.0/ruby/ruby.h:1826:24: note: expanded from macro 'rb_intern'
 1826 |         __extension__ (RUBY_CONST_ID_CACHE((ID), (str))) : \
      |                        ^~~~~~~~~~~~~~~~~~~~~~~~~~~~~~~~
/Library/Developer/CommandLineTools/SDKs/MacOSX.sdk/System/Library/Frameworks/Ruby.framework/Versions/2.6/usr/include/ruby-2.6.0/ruby/ruby.h:1811:5: note: expanded from macro 'RUBY_CONST_ID_CACHE'
 1811 |     {                                                   \
      |     ^
dump_compat.c:424:15: warning: '}' and ')' tokens terminating statement expression appear in different macro expansion contexts [-Wcompound-token-split-by-macro]
  424 |         options_id = rb_intern("options");
      |                      ^~~~~~~~~~~~~~~~~~~~
/Library/Developer/CommandLineTools/SDKs/MacOSX.sdk/System/Library/Frameworks/Ruby.framework/Versions/2.6/usr/include/ruby-2.6.0/ruby/ruby.h:1826:24: note: expanded from macro 'rb_intern'
 1826 |         __extension__ (RUBY_CONST_ID_CACHE((ID), (str))) : \
      |                        ^~~~~~~~~~~~~~~~~~~~~~~~~~~~~~~~
/Library/Developer/CommandLineTools/SDKs/MacOSX.sdk/System/Library/Frameworks/Ruby.framework/Versions/2.6/usr/include/ruby-2.6.0/ruby/ruby.h:1816:5: note: expanded from macro 'RUBY_CONST_ID_CACHE'
 1816 |     }
      |     ^
dump_compat.c:424:15: note: ')' token is here
  424 |         options_id = rb_intern("options");
      |                      ^~~~~~~~~~~~~~~~~~~~
/Library/Developer/CommandLineTools/SDKs/MacOSX.sdk/System/Library/Frameworks/Ruby.framework/Versions/2.6/usr/include/ruby-2.6.0/ruby/ruby.h:1826:56: note: expanded from macro 'rb_intern'
 1826 |         __extension__ (RUBY_CONST_ID_CACHE((ID), (str))) : \
      |                                                        ^
dump_compat.c:425:14: warning: '(' and '{' tokens introducing statement expression appear in different macro expansion contexts [-Wcompound-token-split-by-macro]
  425 |         source_id = rb_intern("source");
      |                     ^~~~~~~~~~~~~~~~~~~
/Library/Developer/CommandLineTools/SDKs/MacOSX.sdk/System/Library/Frameworks/Ruby.framework/Versions/2.6/usr/include/ruby-2.6.0/ruby/ruby.h:1826:23: note: expanded from macro 'rb_intern'
 1826 |         __extension__ (RUBY_CONST_ID_CACHE((ID), (str))) : \
      |                       ^
dump_compat.c:425:14: note: '{' token is here
  425 |         source_id = rb_intern("source");
      |                     ^~~~~~~~~~~~~~~~~~~
/Library/Developer/CommandLineTools/SDKs/MacOSX.sdk/System/Library/Frameworks/Ruby.framework/Versions/2.6/usr/include/ruby-2.6.0/ruby/ruby.h:1826:24: note: expanded from macro 'rb_intern'
 1826 |         __extension__ (RUBY_CONST_ID_CACHE((ID), (str))) : \
      |                        ^~~~~~~~~~~~~~~~~~~~~~~~~~~~~~~~
/Library/Developer/CommandLineTools/SDKs/MacOSX.sdk/System/Library/Frameworks/Ruby.framework/Versions/2.6/usr/include/ruby-2.6.0/ruby/ruby.h:1811:5: note: expanded from macro 'RUBY_CONST_ID_CACHE'
 1811 |     {                                                   \
      |     ^
dump_compat.c:425:14: warning: '}' and ')' tokens terminating statement expression appear in different macro expansion contexts [-Wcompound-token-split-by-macro]
  425 |         source_id = rb_intern("source");
      |                     ^~~~~~~~~~~~~~~~~~~
/Library/Developer/CommandLineTools/SDKs/MacOSX.sdk/System/Library/Frameworks/Ruby.framework/Versions/2.6/usr/include/ruby-2.6.0/ruby/ruby.h:1826:24: note: expanded from macro 'rb_intern'
 1826 |         __extension__ (RUBY_CONST_ID_CACHE((ID), (str))) : \
      |                        ^~~~~~~~~~~~~~~~~~~~~~~~~~~~~~~~
/Library/Developer/CommandLineTools/SDKs/MacOSX.sdk/System/Library/Frameworks/Ruby.framework/Versions/2.6/usr/include/ruby-2.6.0/ruby/ruby.h:1816:5: note: expanded from macro 'RUBY_CONST_ID_CACHE'
 1816 |     }
      |     ^
dump_compat.c:425:14: note: ')' token is here
  425 |         source_id = rb_intern("source");
      |                     ^~~~~~~~~~~~~~~~~~~
/Library/Developer/CommandLineTools/SDKs/MacOSX.sdk/System/Library/Frameworks/Ruby.framework/Versions/2.6/usr/include/ruby-2.6.0/ruby/ruby.h:1826:56: note: expanded from macro 'rb_intern'
 1826 |         __extension__ (RUBY_CONST_ID_CACHE((ID), (str))) : \
      |                                                        ^
dump_compat.c:480:41: warning: '(' and '{' tokens introducing statement expression appear in different macro expansion contexts [-Wcompound-token-split-by-macro]
  480 |                 a->clas = rb_const_get_at(rb_cObject, rb_intern(a->name));
      |                                                       ^~~~~~~~~~~~~~~~~~
/Library/Developer/CommandLineTools/SDKs/MacOSX.sdk/System/Library/Frameworks/Ruby.framework/Versions/2.6/usr/include/ruby-2.6.0/ruby/ruby.h:1826:23: note: expanded from macro 'rb_intern'
 1826 |         __extension__ (RUBY_CONST_ID_CACHE((ID), (str))) : \
      |                       ^
dump_compat.c:480:41: note: '{' token is here
  480 |                 a->clas = rb_const_get_at(rb_cObject, rb_intern(a->name));
      |                                                       ^~~~~~~~~~~~~~~~~~
/Library/Developer/CommandLineTools/SDKs/MacOSX.sdk/System/Library/Frameworks/Ruby.framework/Versions/2.6/usr/include/ruby-2.6.0/ruby/ruby.h:1826:24: note: expanded from macro 'rb_intern'
 1826 |         __extension__ (RUBY_CONST_ID_CACHE((ID), (str))) : \
      |                        ^~~~~~~~~~~~~~~~~~~~~~~~~~~~~~~~
/Library/Developer/CommandLineTools/SDKs/MacOSX.sdk/System/Library/Frameworks/Ruby.framework/Versions/2.6/usr/include/ruby-2.6.0/ruby/ruby.h:1811:5: note: expanded from macro 'RUBY_CONST_ID_CACHE'
 1811 |     {                                                   \
      |     ^
dump_compat.c:480:41: warning: '}' and ')' tokens terminating statement expression appear in different macro expansion contexts [-Wcompound-token-split-by-macro]
  480 |                 a->clas = rb_const_get_at(rb_cObject, rb_intern(a->name));
      |                                                       ^~~~~~~~~~~~~~~~~~
/Library/Developer/CommandLineTools/SDKs/MacOSX.sdk/System/Library/Frameworks/Ruby.framework/Versions/2.6/usr/include/ruby-2.6.0/ruby/ruby.h:1826:24: note: expanded from macro 'rb_intern'
 1826 |         __extension__ (RUBY_CONST_ID_CACHE((ID), (str))) : \
      |                        ^~~~~~~~~~~~~~~~~~~~~~~~~~~~~~~~
/Library/Developer/CommandLineTools/SDKs/MacOSX.sdk/System/Library/Frameworks/Ruby.framework/Versions/2.6/usr/include/ruby-2.6.0/ruby/ruby.h:1816:5: note: expanded from macro 'RUBY_CONST_ID_CACHE'
 1816 |     }
      |     ^
dump_compat.c:480:41: note: ')' token is here
  480 |                 a->clas = rb_const_get_at(rb_cObject, rb_intern(a->name));
      |                                                       ^~~~~~~~~~~~~~~~~~
/Library/Developer/CommandLineTools/SDKs/MacOSX.sdk/System/Library/Frameworks/Ruby.framework/Versions/2.6/usr/include/ruby-2.6.0/ruby/ruby.h:1826:56: note: expanded from macro 'rb_intern'
 1826 |         __extension__ (RUBY_CONST_ID_CACHE((ID), (str))) : \
      |                                                        ^
dump_compat.c:513:45: warning: '(' and '{' tokens introducing statement expression appear in different macro expansion contexts [-Wcompound-token-split-by-macro]
  513 |                     a->clas = rb_const_get_at(rb_cObject, rb_intern(a->name));
      |                                                           ^~~~~~~~~~~~~~~~~~
/Library/Developer/CommandLineTools/SDKs/MacOSX.sdk/System/Library/Frameworks/Ruby.framework/Versions/2.6/usr/include/ruby-2.6.0/ruby/ruby.h:1826:23: note: expanded from macro 'rb_intern'
 1826 |         __extension__ (RUBY_CONST_ID_CACHE((ID), (str))) : \
      |                       ^
dump_compat.c:513:45: note: '{' token is here
  513 |                     a->clas = rb_const_get_at(rb_cObject, rb_intern(a->name));
      |                                                           ^~~~~~~~~~~~~~~~~~
/Library/Developer/CommandLineTools/SDKs/MacOSX.sdk/System/Library/Frameworks/Ruby.framework/Versions/2.6/usr/include/ruby-2.6.0/ruby/ruby.h:1826:24: note: expanded from macro 'rb_intern'
 1826 |         __extension__ (RUBY_CONST_ID_CACHE((ID), (str))) : \
      |                        ^~~~~~~~~~~~~~~~~~~~~~~~~~~~~~~~
/Library/Developer/CommandLineTools/SDKs/MacOSX.sdk/System/Library/Frameworks/Ruby.framework/Versions/2.6/usr/include/ruby-2.6.0/ruby/ruby.h:1811:5: note: expanded from macro 'RUBY_CONST_ID_CACHE'
 1811 |     {                                                   \
      |     ^
dump_compat.c:513:45: warning: '}' and ')' tokens terminating statement expression appear in different macro expansion contexts [-Wcompound-token-split-by-macro]
  513 |                     a->clas = rb_const_get_at(rb_cObject, rb_intern(a->name));
      |                                                           ^~~~~~~~~~~~~~~~~~
/Library/Developer/CommandLineTools/SDKs/MacOSX.sdk/System/Library/Frameworks/Ruby.framework/Versions/2.6/usr/include/ruby-2.6.0/ruby/ruby.h:1826:24: note: expanded from macro 'rb_intern'
 1826 |         __extension__ (RUBY_CONST_ID_CACHE((ID), (str))) : \
      |                        ^~~~~~~~~~~~~~~~~~~~~~~~~~~~~~~~
/Library/Developer/CommandLineTools/SDKs/MacOSX.sdk/System/Library/Frameworks/Ruby.framework/Versions/2.6/usr/include/ruby-2.6.0/ruby/ruby.h:1816:5: note: expanded from macro 'RUBY_CONST_ID_CACHE'
 1816 |     }
      |     ^
dump_compat.c:513:45: note: ')' token is here
  513 |                     a->clas = rb_const_get_at(rb_cObject, rb_intern(a->name));
      |                                                           ^~~~~~~~~~~~~~~~~~
/Library/Developer/CommandLineTools/SDKs/MacOSX.sdk/System/Library/Frameworks/Ruby.framework/Versions/2.6/usr/include/ruby-2.6.0/ruby/ruby.h:1826:56: note: expanded from macro 'rb_intern'
 1826 |         __extension__ (RUBY_CONST_ID_CACHE((ID), (str))) : \
      |                                                        ^
dump_compat.c:878:53: warning: '(' and '{' tokens introducing statement expression appear in different macro expansion contexts [-Wcompound-token-split-by-macro]
  878 |     VALUE       json_module = rb_const_get_at(rb_cObject, rb_intern("JSON"));
      |                                                           ^~~~~~~~~~~~~~~~~
/Library/Developer/CommandLineTools/SDKs/MacOSX.sdk/System/Library/Frameworks/Ruby.framework/Versions/2.6/usr/include/ruby-2.6.0/ruby/ruby.h:1826:23: note: expanded from macro 'rb_intern'
 1826 |         __extension__ (RUBY_CONST_ID_CACHE((ID), (str))) : \
      |                       ^
dump_compat.c:878:53: note: '{' token is here
  878 |     VALUE       json_module = rb_const_get_at(rb_cObject, rb_intern("JSON"));
      |                                                           ^~~~~~~~~~~~~~~~~
/Library/Developer/CommandLineTools/SDKs/MacOSX.sdk/System/Library/Frameworks/Ruby.framework/Versions/2.6/usr/include/ruby-2.6.0/ruby/ruby.h:1826:24: note: expanded from macro 'rb_intern'
 1826 |         __extension__ (RUBY_CONST_ID_CACHE((ID), (str))) : \
      |                        ^~~~~~~~~~~~~~~~~~~~~~~~~~~~~~~~
/Library/Developer/CommandLineTools/SDKs/MacOSX.sdk/System/Library/Frameworks/Ruby.framework/Versions/2.6/usr/include/ruby-2.6.0/ruby/ruby.h:1811:5: note: expanded from macro 'RUBY_CONST_ID_CACHE'
 1811 |     {                                                   \
      |     ^
dump_compat.c:878:53: warning: '}' and ')' tokens terminating statement expression appear in different macro expansion contexts [-Wcompound-token-split-by-macro]
  878 |     VALUE       json_module = rb_const_get_at(rb_cObject, rb_intern("JSON"));
      |                                                           ^~~~~~~~~~~~~~~~~
/Library/Developer/CommandLineTools/SDKs/MacOSX.sdk/System/Library/Frameworks/Ruby.framework/Versions/2.6/usr/include/ruby-2.6.0/ruby/ruby.h:1826:24: note: expanded from macro 'rb_intern'
 1826 |         __extension__ (RUBY_CONST_ID_CACHE((ID), (str))) : \
      |                        ^~~~~~~~~~~~~~~~~~~~~~~~~~~~~~~~
/Library/Developer/CommandLineTools/SDKs/MacOSX.sdk/System/Library/Frameworks/Ruby.framework/Versions/2.6/usr/include/ruby-2.6.0/ruby/ruby.h:1816:5: note: expanded from macro 'RUBY_CONST_ID_CACHE'
 1816 |     }
      |     ^
dump_compat.c:878:53: note: ')' token is here
  878 |     VALUE       json_module = rb_const_get_at(rb_cObject, rb_intern("JSON"));
      |                                                           ^~~~~~~~~~~~~~~~~
/Library/Developer/CommandLineTools/SDKs/MacOSX.sdk/System/Library/Frameworks/Ruby.framework/Versions/2.6/usr/include/ruby-2.6.0/ruby/ruby.h:1826:56: note: expanded from macro 'rb_intern'
 1826 |         __extension__ (RUBY_CONST_ID_CACHE((ID), (str))) : \
      |                                                        ^
dump_compat.c:879:43: warning: '(' and '{' tokens introducing statement expression appear in different macro expansion contexts [-Wcompound-token-split-by-macro]
  879 |     VALUE       ext = rb_const_get(json_module, rb_intern("Ext"));
      |                                                 ^~~~~~~~~~~~~~~~
/Library/Developer/CommandLineTools/SDKs/MacOSX.sdk/System/Library/Frameworks/Ruby.framework/Versions/2.6/usr/include/ruby-2.6.0/ruby/ruby.h:1826:23: note: expanded from macro 'rb_intern'
 1826 |         __extension__ (RUBY_CONST_ID_CACHE((ID), (str))) : \
      |                       ^
dump_compat.c:879:43: note: '{' token is here
  879 |     VALUE       ext = rb_const_get(json_module, rb_intern("Ext"));
      |                                                 ^~~~~~~~~~~~~~~~
/Library/Developer/CommandLineTools/SDKs/MacOSX.sdk/System/Library/Frameworks/Ruby.framework/Versions/2.6/usr/include/ruby-2.6.0/ruby/ruby.h:1826:24: note: expanded from macro 'rb_intern'
 1826 |         __extension__ (RUBY_CONST_ID_CACHE((ID), (str))) : \
      |                        ^~~~~~~~~~~~~~~~~~~~~~~~~~~~~~~~
/Library/Developer/CommandLineTools/SDKs/MacOSX.sdk/System/Library/Frameworks/Ruby.framework/Versions/2.6/usr/include/ruby-2.6.0/ruby/ruby.h:1811:5: note: expanded from macro 'RUBY_CONST_ID_CACHE'
 1811 |     {                                                   \
      |     ^
dump_compat.c:879:43: warning: '}' and ')' tokens terminating statement expression appear in different macro expansion contexts [-Wcompound-token-split-by-macro]
  879 |     VALUE       ext = rb_const_get(json_module, rb_intern("Ext"));
      |                                                 ^~~~~~~~~~~~~~~~
/Library/Developer/CommandLineTools/SDKs/MacOSX.sdk/System/Library/Frameworks/Ruby.framework/Versions/2.6/usr/include/ruby-2.6.0/ruby/ruby.h:1826:24: note: expanded from macro 'rb_intern'
 1826 |         __extension__ (RUBY_CONST_ID_CACHE((ID), (str))) : \
      |                        ^~~~~~~~~~~~~~~~~~~~~~~~~~~~~~~~
/Library/Developer/CommandLineTools/SDKs/MacOSX.sdk/System/Library/Frameworks/Ruby.framework/Versions/2.6/usr/include/ruby-2.6.0/ruby/ruby.h:1816:5: note: expanded from macro 'RUBY_CONST_ID_CACHE'
 1816 |     }
      |     ^
dump_compat.c:879:43: note: ')' token is here
  879 |     VALUE       ext = rb_const_get(json_module, rb_intern("Ext"));
      |                                                 ^~~~~~~~~~~~~~~~
/Library/Developer/CommandLineTools/SDKs/MacOSX.sdk/System/Library/Frameworks/Ruby.framework/Versions/2.6/usr/include/ruby-2.6.0/ruby/ruby.h:1826:56: note: expanded from macro 'rb_intern'
 1826 |         __extension__ (RUBY_CONST_ID_CACHE((ID), (str))) : \
      |                                                        ^
dump_compat.c:880:41: warning: '(' and '{' tokens introducing statement expression appear in different macro expansion contexts [-Wcompound-token-split-by-macro]
  880 |     VALUE       generator = rb_const_get(ext, rb_intern("Generator"));
      |                                               ^~~~~~~~~~~~~~~~~~~~~~
/Library/Developer/CommandLineTools/SDKs/MacOSX.sdk/System/Library/Frameworks/Ruby.framework/Versions/2.6/usr/include/ruby-2.6.0/ruby/ruby.h:1826:23: note: expanded from macro 'rb_intern'
 1826 |         __extension__ (RUBY_CONST_ID_CACHE((ID), (str))) : \
      |                       ^
dump_compat.c:880:41: note: '{' token is here
  880 |     VALUE       generator = rb_const_get(ext, rb_intern("Generator"));
      |                                               ^~~~~~~~~~~~~~~~~~~~~~
/Library/Developer/CommandLineTools/SDKs/MacOSX.sdk/System/Library/Frameworks/Ruby.framework/Versions/2.6/usr/include/ruby-2.6.0/ruby/ruby.h:1826:24: note: expanded from macro 'rb_intern'
 1826 |         __extension__ (RUBY_CONST_ID_CACHE((ID), (str))) : \
      |                        ^~~~~~~~~~~~~~~~~~~~~~~~~~~~~~~~
/Library/Developer/CommandLineTools/SDKs/MacOSX.sdk/System/Library/Frameworks/Ruby.framework/Versions/2.6/usr/include/ruby-2.6.0/ruby/ruby.h:1811:5: note: expanded from macro 'RUBY_CONST_ID_CACHE'
 1811 |     {                                                   \
      |     ^
dump_compat.c:880:41: warning: '}' and ')' tokens terminating statement expression appear in different macro expansion contexts [-Wcompound-token-split-by-macro]
  880 |     VALUE       generator = rb_const_get(ext, rb_intern("Generator"));
      |                                               ^~~~~~~~~~~~~~~~~~~~~~
/Library/Developer/CommandLineTools/SDKs/MacOSX.sdk/System/Library/Frameworks/Ruby.framework/Versions/2.6/usr/include/ruby-2.6.0/ruby/ruby.h:1826:24: note: expanded from macro 'rb_intern'
 1826 |         __extension__ (RUBY_CONST_ID_CACHE((ID), (str))) : \
      |                        ^~~~~~~~~~~~~~~~~~~~~~~~~~~~~~~~
/Library/Developer/CommandLineTools/SDKs/MacOSX.sdk/System/Library/Frameworks/Ruby.framework/Versions/2.6/usr/include/ruby-2.6.0/ruby/ruby.h:1816:5: note: expanded from macro 'RUBY_CONST_ID_CACHE'
 1816 |     }
      |     ^
dump_compat.c:880:41: note: ')' token is here
  880 |     VALUE       generator = rb_const_get(ext, rb_intern("Generator"));
      |                                               ^~~~~~~~~~~~~~~~~~~~~~
/Library/Developer/CommandLineTools/SDKs/MacOSX.sdk/System/Library/Frameworks/Ruby.framework/Versions/2.6/usr/include/ruby-2.6.0/ruby/ruby.h:1826:56: note: expanded from macro 'rb_intern'
 1826 |         __extension__ (RUBY_CONST_ID_CACHE((ID), (str))) : \
      |                                                        ^
dump_compat.c:881:49: warning: '(' and '{' tokens introducing statement expression appear in different macro expansion contexts [-Wcompound-token-split-by-macro]
  881 |     VALUE       state_class = rb_const_get(generator, rb_intern("State"));
      |                                                       ^~~~~~~~~~~~~~~~~~
/Library/Developer/CommandLineTools/SDKs/MacOSX.sdk/System/Library/Frameworks/Ruby.framework/Versions/2.6/usr/include/ruby-2.6.0/ruby/ruby.h:1826:23: note: expanded from macro 'rb_intern'
 1826 |         __extension__ (RUBY_CONST_ID_CACHE((ID), (str))) : \
      |                       ^
dump_compat.c:881:49: note: '{' token is here
  881 |     VALUE       state_class = rb_const_get(generator, rb_intern("State"));
      |                                                       ^~~~~~~~~~~~~~~~~~
/Library/Developer/CommandLineTools/SDKs/MacOSX.sdk/System/Library/Frameworks/Ruby.framework/Versions/2.6/usr/include/ruby-2.6.0/ruby/ruby.h:1826:24: note: expanded from macro 'rb_intern'
 1826 |         __extension__ (RUBY_CONST_ID_CACHE((ID), (str))) : \
      |                        ^~~~~~~~~~~~~~~~~~~~~~~~~~~~~~~~
/Library/Developer/CommandLineTools/SDKs/MacOSX.sdk/System/Library/Frameworks/Ruby.framework/Versions/2.6/usr/include/ruby-2.6.0/ruby/ruby.h:1811:5: note: expanded from macro 'RUBY_CONST_ID_CACHE'
 1811 |     {                                                   \
      |     ^
dump_compat.c:881:49: warning: '}' and ')' tokens terminating statement expression appear in different macro expansion contexts [-Wcompound-token-split-by-macro]
  881 |     VALUE       state_class = rb_const_get(generator, rb_intern("State"));
      |                                                       ^~~~~~~~~~~~~~~~~~
/Library/Developer/CommandLineTools/SDKs/MacOSX.sdk/System/Library/Frameworks/Ruby.framework/Versions/2.6/usr/include/ruby-2.6.0/ruby/ruby.h:1826:24: note: expanded from macro 'rb_intern'
 1826 |         __extension__ (RUBY_CONST_ID_CACHE((ID), (str))) : \
      |                        ^~~~~~~~~~~~~~~~~~~~~~~~~~~~~~~~
/Library/Developer/CommandLineTools/SDKs/MacOSX.sdk/System/Library/Frameworks/Ruby.framework/Versions/2.6/usr/include/ruby-2.6.0/ruby/ruby.h:1816:5: note: expanded from macro 'RUBY_CONST_ID_CACHE'
 1816 |     }
      |     ^
dump_compat.c:881:49: note: ')' token is here
  881 |     VALUE       state_class = rb_const_get(generator, rb_intern("State"));
      |                                                       ^~~~~~~~~~~~~~~~~~
/Library/Developer/CommandLineTools/SDKs/MacOSX.sdk/System/Library/Frameworks/Ruby.framework/Versions/2.6/usr/include/ruby-2.6.0/ruby/ruby.h:1826:56: note: expanded from macro 'rb_intern'
 1826 |         __extension__ (RUBY_CONST_ID_CACHE((ID), (str))) : \
      |                                                        ^
dump_compat.c:884:20: warning: '(' and '{' tokens introducing statement expression appear in different macro expansion contexts [-Wcompound-token-split-by-macro]
  884 |         rb_funcall(state, rb_intern("depth="), 1, INT2NUM(depth));
      |                           ^~~~~~~~~~~~~~~~~~~
/Library/Developer/CommandLineTools/SDKs/MacOSX.sdk/System/Library/Frameworks/Ruby.framework/Versions/2.6/usr/include/ruby-2.6.0/ruby/ruby.h:1826:23: note: expanded from macro 'rb_intern'
 1826 |         __extension__ (RUBY_CONST_ID_CACHE((ID), (str))) : \
      |                       ^
/Library/Developer/CommandLineTools/SDKs/MacOSX.sdk/System/Library/Frameworks/Ruby.framework/Versions/2.6/usr/include/ruby-2.6.0/ruby/ruby.h:2602:20: note: expanded from macro 'rb_funcall'
 2602 |         rb_funcallv(recv, mid, \
      |                           ^~~
dump_compat.c:884:20: note: '{' token is here
  884 |         rb_funcall(state, rb_intern("depth="), 1, INT2NUM(depth));
      |                           ^~~~~~~~~~~~~~~~~~~
/Library/Developer/CommandLineTools/SDKs/MacOSX.sdk/System/Library/Frameworks/Ruby.framework/Versions/2.6/usr/include/ruby-2.6.0/ruby/ruby.h:1826:24: note: expanded from macro 'rb_intern'
 1826 |         __extension__ (RUBY_CONST_ID_CACHE((ID), (str))) : \
      |                        ^~~~~~~~~~~~~~~~~~~~~~~~~~~~~~~~
/Library/Developer/CommandLineTools/SDKs/MacOSX.sdk/System/Library/Frameworks/Ruby.framework/Versions/2.6/usr/include/ruby-2.6.0/ruby/ruby.h:1811:5: note: expanded from macro 'RUBY_CONST_ID_CACHE'
 1811 |     {                                                   \
      |     ^
/Library/Developer/CommandLineTools/SDKs/MacOSX.sdk/System/Library/Frameworks/Ruby.framework/Versions/2.6/usr/include/ruby-2.6.0/ruby/ruby.h:2602:20: note: expanded from macro 'rb_funcall'
 2602 |         rb_funcallv(recv, mid, \
      |                           ^~~
dump_compat.c:884:20: warning: '}' and ')' tokens terminating statement expression appear in different macro expansion contexts [-Wcompound-token-split-by-macro]
  884 |         rb_funcall(state, rb_intern("depth="), 1, INT2NUM(depth));
      |                           ^~~~~~~~~~~~~~~~~~~
/Library/Developer/CommandLineTools/SDKs/MacOSX.sdk/System/Library/Frameworks/Ruby.framework/Versions/2.6/usr/include/ruby-2.6.0/ruby/ruby.h:1826:24: note: expanded from macro 'rb_intern'
 1826 |         __extension__ (RUBY_CONST_ID_CACHE((ID), (str))) : \
      |                        ^~~~~~~~~~~~~~~~~~~~~~~~~~~~~~~~
/Library/Developer/CommandLineTools/SDKs/MacOSX.sdk/System/Library/Frameworks/Ruby.framework/Versions/2.6/usr/include/ruby-2.6.0/ruby/ruby.h:1816:5: note: expanded from macro 'RUBY_CONST_ID_CACHE'
 1816 |     }
      |     ^
/Library/Developer/CommandLineTools/SDKs/MacOSX.sdk/System/Library/Frameworks/Ruby.framework/Versions/2.6/usr/include/ruby-2.6.0/ruby/ruby.h:2602:20: note: expanded from macro 'rb_funcall'
 2602 |         rb_funcallv(recv, mid, \
      |                           ^~~
dump_compat.c:884:20: note: ')' token is here
  884 |         rb_funcall(state, rb_intern("depth="), 1, INT2NUM(depth));
      |                           ^~~~~~~~~~~~~~~~~~~
/Library/Developer/CommandLineTools/SDKs/MacOSX.sdk/System/Library/Frameworks/Ruby.framework/Versions/2.6/usr/include/ruby-2.6.0/ruby/ruby.h:1826:56: note: expanded from macro 'rb_intern'
 1826 |         __extension__ (RUBY_CONST_ID_CACHE((ID), (str))) : \
      |                                                        ^
/Library/Developer/CommandLineTools/SDKs/MacOSX.sdk/System/Library/Frameworks/Ruby.framework/Versions/2.6/usr/include/ruby-2.6.0/ruby/ruby.h:2602:20: note: expanded from macro 'rb_funcall'
 2602 |         rb_funcallv(recv, mid, \
      |                           ^~~
58 warnings generated.
compiling dump_leaf.c
compiling dump_object.c
dump_object.c:436:28: warning: '(' and '{' tokens introducing statement expression appear in different macro expansion contexts [-Wcompound-token-split-by-macro]
  436 |                     i    = rb_intern(n);
      |                            ^~~~~~~~~~~~
/Library/Developer/CommandLineTools/SDKs/MacOSX.sdk/System/Library/Frameworks/Ruby.framework/Versions/2.6/usr/include/ruby-2.6.0/ruby/ruby.h:1826:23: note: expanded from macro 'rb_intern'
 1826 |         __extension__ (RUBY_CONST_ID_CACHE((ID), (str))) : \
      |                       ^
dump_object.c:436:28: note: '{' token is here
  436 |                     i    = rb_intern(n);
      |                            ^~~~~~~~~~~~
/Library/Developer/CommandLineTools/SDKs/MacOSX.sdk/System/Library/Frameworks/Ruby.framework/Versions/2.6/usr/include/ruby-2.6.0/ruby/ruby.h:1826:24: note: expanded from macro 'rb_intern'
 1826 |         __extension__ (RUBY_CONST_ID_CACHE((ID), (str))) : \
      |                        ^~~~~~~~~~~~~~~~~~~~~~~~~~~~~~~~
/Library/Developer/CommandLineTools/SDKs/MacOSX.sdk/System/Library/Frameworks/Ruby.framework/Versions/2.6/usr/include/ruby-2.6.0/ruby/ruby.h:1811:5: note: expanded from macro 'RUBY_CONST_ID_CACHE'
 1811 |     {                                                   \
      |     ^
dump_object.c:436:28: warning: '}' and ')' tokens terminating statement expression appear in different macro expansion contexts [-Wcompound-token-split-by-macro]
  436 |                     i    = rb_intern(n);
      |                            ^~~~~~~~~~~~
/Library/Developer/CommandLineTools/SDKs/MacOSX.sdk/System/Library/Frameworks/Ruby.framework/Versions/2.6/usr/include/ruby-2.6.0/ruby/ruby.h:1826:24: note: expanded from macro 'rb_intern'
 1826 |         __extension__ (RUBY_CONST_ID_CACHE((ID), (str))) : \
      |                        ^~~~~~~~~~~~~~~~~~~~~~~~~~~~~~~~
/Library/Developer/CommandLineTools/SDKs/MacOSX.sdk/System/Library/Frameworks/Ruby.framework/Versions/2.6/usr/include/ruby-2.6.0/ruby/ruby.h:1816:5: note: expanded from macro 'RUBY_CONST_ID_CACHE'
 1816 |     }
      |     ^
dump_object.c:436:28: note: ')' token is here
  436 |                     i    = rb_intern(n);
      |                            ^~~~~~~~~~~~
/Library/Developer/CommandLineTools/SDKs/MacOSX.sdk/System/Library/Frameworks/Ruby.framework/Versions/2.6/usr/include/ruby-2.6.0/ruby/ruby.h:1826:56: note: expanded from macro 'rb_intern'
 1826 |         __extension__ (RUBY_CONST_ID_CACHE((ID), (str))) : \
      |                                                        ^
dump_object.c:440:21: warning: '(' and '{' tokens introducing statement expression appear in different macro expansion contexts [-Wcompound-token-split-by-macro]
  440 |                 i = rb_intern(n);
      |                     ^~~~~~~~~~~~
/Library/Developer/CommandLineTools/SDKs/MacOSX.sdk/System/Library/Frameworks/Ruby.framework/Versions/2.6/usr/include/ruby-2.6.0/ruby/ruby.h:1826:23: note: expanded from macro 'rb_intern'
 1826 |         __extension__ (RUBY_CONST_ID_CACHE((ID), (str))) : \
      |                       ^
dump_object.c:440:21: note: '{' token is here
  440 |                 i = rb_intern(n);
      |                     ^~~~~~~~~~~~
/Library/Developer/CommandLineTools/SDKs/MacOSX.sdk/System/Library/Frameworks/Ruby.framework/Versions/2.6/usr/include/ruby-2.6.0/ruby/ruby.h:1826:24: note: expanded from macro 'rb_intern'
 1826 |         __extension__ (RUBY_CONST_ID_CACHE((ID), (str))) : \
      |                        ^~~~~~~~~~~~~~~~~~~~~~~~~~~~~~~~
/Library/Developer/CommandLineTools/SDKs/MacOSX.sdk/System/Library/Frameworks/Ruby.framework/Versions/2.6/usr/include/ruby-2.6.0/ruby/ruby.h:1811:5: note: expanded from macro 'RUBY_CONST_ID_CACHE'
 1811 |     {                                                   \
      |     ^
dump_object.c:440:21: warning: '}' and ')' tokens terminating statement expression appear in different macro expansion contexts [-Wcompound-token-split-by-macro]
  440 |                 i = rb_intern(n);
      |                     ^~~~~~~~~~~~
/Library/Developer/CommandLineTools/SDKs/MacOSX.sdk/System/Library/Frameworks/Ruby.framework/Versions/2.6/usr/include/ruby-2.6.0/ruby/ruby.h:1826:24: note: expanded from macro 'rb_intern'
 1826 |         __extension__ (RUBY_CONST_ID_CACHE((ID), (str))) : \
      |                        ^~~~~~~~~~~~~~~~~~~~~~~~~~~~~~~~
/Library/Developer/CommandLineTools/SDKs/MacOSX.sdk/System/Library/Frameworks/Ruby.framework/Versions/2.6/usr/include/ruby-2.6.0/ruby/ruby.h:1816:5: note: expanded from macro 'RUBY_CONST_ID_CACHE'
 1816 |     }
      |     ^
dump_object.c:440:21: note: ')' token is here
  440 |                 i = rb_intern(n);
      |                     ^~~~~~~~~~~~
/Library/Developer/CommandLineTools/SDKs/MacOSX.sdk/System/Library/Frameworks/Ruby.framework/Versions/2.6/usr/include/ruby-2.6.0/ruby/ruby.h:1826:56: note: expanded from macro 'rb_intern'
 1826 |         __extension__ (RUBY_CONST_ID_CACHE((ID), (str))) : \
      |                                                        ^
dump_object.c:521:49: warning: '(' and '{' tokens introducing statement expression appear in different macro expansion contexts [-Wcompound-token-split-by-macro]
  521 |                 oj_dump_obj_val(rb_funcall(obj, rb_intern("entries"), 0), depth, out);
      |                                                 ^~~~~~~~~~~~~~~~~~~~
/Library/Developer/CommandLineTools/SDKs/MacOSX.sdk/System/Library/Frameworks/Ruby.framework/Versions/2.6/usr/include/ruby-2.6.0/ruby/ruby.h:1826:23: note: expanded from macro 'rb_intern'
 1826 |         __extension__ (RUBY_CONST_ID_CACHE((ID), (str))) : \
      |                       ^
/Library/Developer/CommandLineTools/SDKs/MacOSX.sdk/System/Library/Frameworks/Ruby.framework/Versions/2.6/usr/include/ruby-2.6.0/ruby/ruby.h:2602:20: note: expanded from macro 'rb_funcall'
 2602 |         rb_funcallv(recv, mid, \
      |                           ^~~
dump_object.c:521:49: note: '{' token is here
  521 |                 oj_dump_obj_val(rb_funcall(obj, rb_intern("entries"), 0), depth, out);
      |                                                 ^~~~~~~~~~~~~~~~~~~~
/Library/Developer/CommandLineTools/SDKs/MacOSX.sdk/System/Library/Frameworks/Ruby.framework/Versions/2.6/usr/include/ruby-2.6.0/ruby/ruby.h:1826:24: note: expanded from macro 'rb_intern'
 1826 |         __extension__ (RUBY_CONST_ID_CACHE((ID), (str))) : \
      |                        ^~~~~~~~~~~~~~~~~~~~~~~~~~~~~~~~
/Library/Developer/CommandLineTools/SDKs/MacOSX.sdk/System/Library/Frameworks/Ruby.framework/Versions/2.6/usr/include/ruby-2.6.0/ruby/ruby.h:1811:5: note: expanded from macro 'RUBY_CONST_ID_CACHE'
 1811 |     {                                                   \
      |     ^
/Library/Developer/CommandLineTools/SDKs/MacOSX.sdk/System/Library/Frameworks/Ruby.framework/Versions/2.6/usr/include/ruby-2.6.0/ruby/ruby.h:2602:20: note: expanded from macro 'rb_funcall'
 2602 |         rb_funcallv(recv, mid, \
      |                           ^~~
dump_object.c:521:49: warning: '}' and ')' tokens terminating statement expression appear in different macro expansion contexts [-Wcompound-token-split-by-macro]
  521 |                 oj_dump_obj_val(rb_funcall(obj, rb_intern("entries"), 0), depth, out);
      |                                                 ^~~~~~~~~~~~~~~~~~~~
/Library/Developer/CommandLineTools/SDKs/MacOSX.sdk/System/Library/Frameworks/Ruby.framework/Versions/2.6/usr/include/ruby-2.6.0/ruby/ruby.h:1826:24: note: expanded from macro 'rb_intern'
 1826 |         __extension__ (RUBY_CONST_ID_CACHE((ID), (str))) : \
      |                        ^~~~~~~~~~~~~~~~~~~~~~~~~~~~~~~~
/Library/Developer/CommandLineTools/SDKs/MacOSX.sdk/System/Library/Frameworks/Ruby.framework/Versions/2.6/usr/include/ruby-2.6.0/ruby/ruby.h:1816:5: note: expanded from macro 'RUBY_CONST_ID_CACHE'
 1816 |     }
      |     ^
/Library/Developer/CommandLineTools/SDKs/MacOSX.sdk/System/Library/Frameworks/Ruby.framework/Versions/2.6/usr/include/ruby-2.6.0/ruby/ruby.h:2602:20: note: expanded from macro 'rb_funcall'
 2602 |         rb_funcallv(recv, mid, \
      |                           ^~~
dump_object.c:521:49: note: ')' token is here
  521 |                 oj_dump_obj_val(rb_funcall(obj, rb_intern("entries"), 0), depth, out);
      |                                                 ^~~~~~~~~~~~~~~~~~~~
/Library/Developer/CommandLineTools/SDKs/MacOSX.sdk/System/Library/Frameworks/Ruby.framework/Versions/2.6/usr/include/ruby-2.6.0/ruby/ruby.h:1826:56: note: expanded from macro 'rb_intern'
 1826 |         __extension__ (RUBY_CONST_ID_CACHE((ID), (str))) : \
      |                                                        ^
/Library/Developer/CommandLineTools/SDKs/MacOSX.sdk/System/Library/Frameworks/Ruby.framework/Versions/2.6/usr/include/ruby-2.6.0/ruby/ruby.h:2602:20: note: expanded from macro 'rb_funcall'
 2602 |         rb_funcallv(recv, mid, \
      |                           ^~~
dump_object.c:541:44: warning: '(' and '{' tokens introducing statement expression appear in different macro expansion contexts [-Wcompound-token-split-by-macro]
  541 |             rv          = rb_funcall2(obj, rb_intern("message"), 0, 0);
      |                                            ^~~~~~~~~~~~~~~~~~~~
/Library/Developer/CommandLineTools/SDKs/MacOSX.sdk/System/Library/Frameworks/Ruby.framework/Versions/2.6/usr/include/ruby-2.6.0/ruby/ruby.h:1826:23: note: expanded from macro 'rb_intern'
 1826 |         __extension__ (RUBY_CONST_ID_CACHE((ID), (str))) : \
      |                       ^
dump_object.c:541:44: note: '{' token is here
  541 |             rv          = rb_funcall2(obj, rb_intern("message"), 0, 0);
      |                                            ^~~~~~~~~~~~~~~~~~~~
/Library/Developer/CommandLineTools/SDKs/MacOSX.sdk/System/Library/Frameworks/Ruby.framework/Versions/2.6/usr/include/ruby-2.6.0/ruby/ruby.h:1826:24: note: expanded from macro 'rb_intern'
 1826 |         __extension__ (RUBY_CONST_ID_CACHE((ID), (str))) : \
      |                        ^~~~~~~~~~~~~~~~~~~~~~~~~~~~~~~~
/Library/Developer/CommandLineTools/SDKs/MacOSX.sdk/System/Library/Frameworks/Ruby.framework/Versions/2.6/usr/include/ruby-2.6.0/ruby/ruby.h:1811:5: note: expanded from macro 'RUBY_CONST_ID_CACHE'
 1811 |     {                                                   \
      |     ^
dump_object.c:541:44: warning: '}' and ')' tokens terminating statement expression appear in different macro expansion contexts [-Wcompound-token-split-by-macro]
  541 |             rv          = rb_funcall2(obj, rb_intern("message"), 0, 0);
      |                                            ^~~~~~~~~~~~~~~~~~~~
/Library/Developer/CommandLineTools/SDKs/MacOSX.sdk/System/Library/Frameworks/Ruby.framework/Versions/2.6/usr/include/ruby-2.6.0/ruby/ruby.h:1826:24: note: expanded from macro 'rb_intern'
 1826 |         __extension__ (RUBY_CONST_ID_CACHE((ID), (str))) : \
      |                        ^~~~~~~~~~~~~~~~~~~~~~~~~~~~~~~~
/Library/Developer/CommandLineTools/SDKs/MacOSX.sdk/System/Library/Frameworks/Ruby.framework/Versions/2.6/usr/include/ruby-2.6.0/ruby/ruby.h:1816:5: note: expanded from macro 'RUBY_CONST_ID_CACHE'
 1816 |     }
      |     ^
dump_object.c:541:44: note: ')' token is here
  541 |             rv          = rb_funcall2(obj, rb_intern("message"), 0, 0);
      |                                            ^~~~~~~~~~~~~~~~~~~~
/Library/Developer/CommandLineTools/SDKs/MacOSX.sdk/System/Library/Frameworks/Ruby.framework/Versions/2.6/usr/include/ruby-2.6.0/ruby/ruby.h:1826:56: note: expanded from macro 'rb_intern'
 1826 |         __extension__ (RUBY_CONST_ID_CACHE((ID), (str))) : \
      |                                                        ^
dump_object.c:550:44: warning: '(' and '{' tokens introducing statement expression appear in different macro expansion contexts [-Wcompound-token-split-by-macro]
  550 |             rv          = rb_funcall2(obj, rb_intern("backtrace"), 0, 0);
      |                                            ^~~~~~~~~~~~~~~~~~~~~~
/Library/Developer/CommandLineTools/SDKs/MacOSX.sdk/System/Library/Frameworks/Ruby.framework/Versions/2.6/usr/include/ruby-2.6.0/ruby/ruby.h:1826:23: note: expanded from macro 'rb_intern'
 1826 |         __extension__ (RUBY_CONST_ID_CACHE((ID), (str))) : \
      |                       ^
dump_object.c:550:44: note: '{' token is here
  550 |             rv          = rb_funcall2(obj, rb_intern("backtrace"), 0, 0);
      |                                            ^~~~~~~~~~~~~~~~~~~~~~
/Library/Developer/CommandLineTools/SDKs/MacOSX.sdk/System/Library/Frameworks/Ruby.framework/Versions/2.6/usr/include/ruby-2.6.0/ruby/ruby.h:1826:24: note: expanded from macro 'rb_intern'
 1826 |         __extension__ (RUBY_CONST_ID_CACHE((ID), (str))) : \
      |                        ^~~~~~~~~~~~~~~~~~~~~~~~~~~~~~~~
/Library/Developer/CommandLineTools/SDKs/MacOSX.sdk/System/Library/Frameworks/Ruby.framework/Versions/2.6/usr/include/ruby-2.6.0/ruby/ruby.h:1811:5: note: expanded from macro 'RUBY_CONST_ID_CACHE'
 1811 |     {                                                   \
      |     ^
dump_object.c:550:44: warning: '}' and ')' tokens terminating statement expression appear in different macro expansion contexts [-Wcompound-token-split-by-macro]
  550 |             rv          = rb_funcall2(obj, rb_intern("backtrace"), 0, 0);
      |                                            ^~~~~~~~~~~~~~~~~~~~~~
/Library/Developer/CommandLineTools/SDKs/MacOSX.sdk/System/Library/Frameworks/Ruby.framework/Versions/2.6/usr/include/ruby-2.6.0/ruby/ruby.h:1826:24: note: expanded from macro 'rb_intern'
 1826 |         __extension__ (RUBY_CONST_ID_CACHE((ID), (str))) : \
      |                        ^~~~~~~~~~~~~~~~~~~~~~~~~~~~~~~~
/Library/Developer/CommandLineTools/SDKs/MacOSX.sdk/System/Library/Frameworks/Ruby.framework/Versions/2.6/usr/include/ruby-2.6.0/ruby/ruby.h:1816:5: note: expanded from macro 'RUBY_CONST_ID_CACHE'
 1816 |     }
      |     ^
dump_object.c:550:44: note: ')' token is here
  550 |             rv          = rb_funcall2(obj, rb_intern("backtrace"), 0, 0);
      |                                            ^~~~~~~~~~~~~~~~~~~~~~
/Library/Developer/CommandLineTools/SDKs/MacOSX.sdk/System/Library/Frameworks/Ruby.framework/Versions/2.6/usr/include/ruby-2.6.0/ruby/ruby.h:1826:56: note: expanded from macro 'rb_intern'
 1826 |         __extension__ (RUBY_CONST_ID_CACHE((ID), (str))) : \
      |                                                        ^
10 warnings generated.
compiling dump_strict.c
compiling encoder.c
compiling err.c
compiling fast.c
fast.c:205:47: warning: '(' and '{' tokens introducing statement expression appear in different macro expansion contexts [-Wcompound-token-split-by-macro]
  205 |         default: rb_raise(rb_const_get_at(Oj, rb_intern("Error")), "Unexpected type %02x.", leaf->rtype); break;
      |                                               ^~~~~~~~~~~~~~~~~~
/Library/Developer/CommandLineTools/SDKs/MacOSX.sdk/System/Library/Frameworks/Ruby.framework/Versions/2.6/usr/include/ruby-2.6.0/ruby/ruby.h:1826:23: note: expanded from macro 'rb_intern'
 1826 |         __extension__ (RUBY_CONST_ID_CACHE((ID), (str))) : \
      |                       ^
fast.c:205:47: note: '{' token is here
  205 |         default: rb_raise(rb_const_get_at(Oj, rb_intern("Error")), "Unexpected type %02x.", leaf->rtype); break;
      |                                               ^~~~~~~~~~~~~~~~~~
/Library/Developer/CommandLineTools/SDKs/MacOSX.sdk/System/Library/Frameworks/Ruby.framework/Versions/2.6/usr/include/ruby-2.6.0/ruby/ruby.h:1826:24: note: expanded from macro 'rb_intern'
 1826 |         __extension__ (RUBY_CONST_ID_CACHE((ID), (str))) : \
      |                        ^~~~~~~~~~~~~~~~~~~~~~~~~~~~~~~~
/Library/Developer/CommandLineTools/SDKs/MacOSX.sdk/System/Library/Frameworks/Ruby.framework/Versions/2.6/usr/include/ruby-2.6.0/ruby/ruby.h:1811:5: note: expanded from macro 'RUBY_CONST_ID_CACHE'
 1811 |     {                                                   \
      |     ^
fast.c:205:47: warning: '}' and ')' tokens terminating statement expression appear in different macro expansion contexts [-Wcompound-token-split-by-macro]
  205 |         default: rb_raise(rb_const_get_at(Oj, rb_intern("Error")), "Unexpected type %02x.", leaf->rtype); break;
      |                                               ^~~~~~~~~~~~~~~~~~
/Library/Developer/CommandLineTools/SDKs/MacOSX.sdk/System/Library/Frameworks/Ruby.framework/Versions/2.6/usr/include/ruby-2.6.0/ruby/ruby.h:1826:24: note: expanded from macro 'rb_intern'
 1826 |         __extension__ (RUBY_CONST_ID_CACHE((ID), (str))) : \
      |                        ^~~~~~~~~~~~~~~~~~~~~~~~~~~~~~~~
/Library/Developer/CommandLineTools/SDKs/MacOSX.sdk/System/Library/Frameworks/Ruby.framework/Versions/2.6/usr/include/ruby-2.6.0/ruby/ruby.h:1816:5: note: expanded from macro 'RUBY_CONST_ID_CACHE'
 1816 |     }
      |     ^
fast.c:205:47: note: ')' token is here
  205 |         default: rb_raise(rb_const_get_at(Oj, rb_intern("Error")), "Unexpected type %02x.", leaf->rtype); break;
      |                                               ^~~~~~~~~~~~~~~~~~
/Library/Developer/CommandLineTools/SDKs/MacOSX.sdk/System/Library/Frameworks/Ruby.framework/Versions/2.6/usr/include/ruby-2.6.0/ruby/ruby.h:1826:56: note: expanded from macro 'rb_intern'
 1826 |         __extension__ (RUBY_CONST_ID_CACHE((ID), (str))) : \
      |                                                        ^
fast.c:827:46: warning: '(' and '{' tokens introducing statement expression appear in different macro expansion contexts [-Wcompound-token-split-by-macro]
  827 |                 rb_raise(rb_const_get_at(Oj, rb_intern("DepthError")), "Path too deep. Limit is %d levels.", MAX_STACK);
      |                                              ^~~~~~~~~~~~~~~~~~~~~~~
/Library/Developer/CommandLineTools/SDKs/MacOSX.sdk/System/Library/Frameworks/Ruby.framework/Versions/2.6/usr/include/ruby-2.6.0/ruby/ruby.h:1826:23: note: expanded from macro 'rb_intern'
 1826 |         __extension__ (RUBY_CONST_ID_CACHE((ID), (str))) : \
      |                       ^
fast.c:827:46: note: '{' token is here
  827 |                 rb_raise(rb_const_get_at(Oj, rb_intern("DepthError")), "Path too deep. Limit is %d levels.", MAX_STACK);
      |                                              ^~~~~~~~~~~~~~~~~~~~~~~
/Library/Developer/CommandLineTools/SDKs/MacOSX.sdk/System/Library/Frameworks/Ruby.framework/Versions/2.6/usr/include/ruby-2.6.0/ruby/ruby.h:1826:24: note: expanded from macro 'rb_intern'
 1826 |         __extension__ (RUBY_CONST_ID_CACHE((ID), (str))) : \
      |                        ^~~~~~~~~~~~~~~~~~~~~~~~~~~~~~~~
/Library/Developer/CommandLineTools/SDKs/MacOSX.sdk/System/Library/Frameworks/Ruby.framework/Versions/2.6/usr/include/ruby-2.6.0/ruby/ruby.h:1811:5: note: expanded from macro 'RUBY_CONST_ID_CACHE'
 1811 |     {                                                   \
      |     ^
fast.c:827:46: warning: '}' and ')' tokens terminating statement expression appear in different macro expansion contexts [-Wcompound-token-split-by-macro]
  827 |                 rb_raise(rb_const_get_at(Oj, rb_intern("DepthError")), "Path too deep. Limit is %d levels.", MAX_STACK);
      |                                              ^~~~~~~~~~~~~~~~~~~~~~~
/Library/Developer/CommandLineTools/SDKs/MacOSX.sdk/System/Library/Frameworks/Ruby.framework/Versions/2.6/usr/include/ruby-2.6.0/ruby/ruby.h:1826:24: note: expanded from macro 'rb_intern'
 1826 |         __extension__ (RUBY_CONST_ID_CACHE((ID), (str))) : \
      |                        ^~~~~~~~~~~~~~~~~~~~~~~~~~~~~~~~
/Library/Developer/CommandLineTools/SDKs/MacOSX.sdk/System/Library/Frameworks/Ruby.framework/Versions/2.6/usr/include/ruby-2.6.0/ruby/ruby.h:1816:5: note: expanded from macro 'RUBY_CONST_ID_CACHE'
 1816 |     }
      |     ^
fast.c:827:46: note: ')' token is here
  827 |                 rb_raise(rb_const_get_at(Oj, rb_intern("DepthError")), "Path too deep. Limit is %d levels.", MAX_STACK);
      |                                              ^~~~~~~~~~~~~~~~~~~~~~~
/Library/Developer/CommandLineTools/SDKs/MacOSX.sdk/System/Library/Frameworks/Ruby.framework/Versions/2.6/usr/include/ruby-2.6.0/ruby/ruby.h:1826:56: note: expanded from macro 'rb_intern'
 1826 |         __extension__ (RUBY_CONST_ID_CACHE((ID), (str))) : \
      |                                                        ^
fast.c:868:38: warning: '(' and '{' tokens introducing statement expression appear in different macro expansion contexts [-Wcompound-token-split-by-macro]
  868 |         rb_raise(rb_const_get_at(Oj, rb_intern("DepthError")), "Path too deep. Limit is %d levels.", MAX_STACK);
      |                                      ^~~~~~~~~~~~~~~~~~~~~~~
/Library/Developer/CommandLineTools/SDKs/MacOSX.sdk/System/Library/Frameworks/Ruby.framework/Versions/2.6/usr/include/ruby-2.6.0/ruby/ruby.h:1826:23: note: expanded from macro 'rb_intern'
 1826 |         __extension__ (RUBY_CONST_ID_CACHE((ID), (str))) : \
      |                       ^
fast.c:868:38: note: '{' token is here
  868 |         rb_raise(rb_const_get_at(Oj, rb_intern("DepthError")), "Path too deep. Limit is %d levels.", MAX_STACK);
      |                                      ^~~~~~~~~~~~~~~~~~~~~~~
/Library/Developer/CommandLineTools/SDKs/MacOSX.sdk/System/Library/Frameworks/Ruby.framework/Versions/2.6/usr/include/ruby-2.6.0/ruby/ruby.h:1826:24: note: expanded from macro 'rb_intern'
 1826 |         __extension__ (RUBY_CONST_ID_CACHE((ID), (str))) : \
      |                        ^~~~~~~~~~~~~~~~~~~~~~~~~~~~~~~~
/Library/Developer/CommandLineTools/SDKs/MacOSX.sdk/System/Library/Frameworks/Ruby.framework/Versions/2.6/usr/include/ruby-2.6.0/ruby/ruby.h:1811:5: note: expanded from macro 'RUBY_CONST_ID_CACHE'
 1811 |     {                                                   \
      |     ^
fast.c:868:38: warning: '}' and ')' tokens terminating statement expression appear in different macro expansion contexts [-Wcompound-token-split-by-macro]
  868 |         rb_raise(rb_const_get_at(Oj, rb_intern("DepthError")), "Path too deep. Limit is %d levels.", MAX_STACK);
      |                                      ^~~~~~~~~~~~~~~~~~~~~~~
/Library/Developer/CommandLineTools/SDKs/MacOSX.sdk/System/Library/Frameworks/Ruby.framework/Versions/2.6/usr/include/ruby-2.6.0/ruby/ruby.h:1826:24: note: expanded from macro 'rb_intern'
 1826 |         __extension__ (RUBY_CONST_ID_CACHE((ID), (str))) : \
      |                        ^~~~~~~~~~~~~~~~~~~~~~~~~~~~~~~~
/Library/Developer/CommandLineTools/SDKs/MacOSX.sdk/System/Library/Frameworks/Ruby.framework/Versions/2.6/usr/include/ruby-2.6.0/ruby/ruby.h:1816:5: note: expanded from macro 'RUBY_CONST_ID_CACHE'
 1816 |     }
      |     ^
fast.c:868:38: note: ')' token is here
  868 |         rb_raise(rb_const_get_at(Oj, rb_intern("DepthError")), "Path too deep. Limit is %d levels.", MAX_STACK);
      |                                      ^~~~~~~~~~~~~~~~~~~~~~~
/Library/Developer/CommandLineTools/SDKs/MacOSX.sdk/System/Library/Frameworks/Ruby.framework/Versions/2.6/usr/include/ruby-2.6.0/ruby/ruby.h:1826:56: note: expanded from macro 'rb_intern'
 1826 |         __extension__ (RUBY_CONST_ID_CACHE((ID), (str))) : \
      |                                                        ^
fast.c:948:46: warning: '(' and '{' tokens introducing statement expression appear in different macro expansion contexts [-Wcompound-token-split-by-macro]
  948 |                 rb_raise(rb_const_get_at(Oj, rb_intern("DepthError")), "Path too deep. Limit is %d levels.", MAX_STACK);
      |                                              ^~~~~~~~~~~~~~~~~~~~~~~
/Library/Developer/CommandLineTools/SDKs/MacOSX.sdk/System/Library/Frameworks/Ruby.framework/Versions/2.6/usr/include/ruby-2.6.0/ruby/ruby.h:1826:23: note: expanded from macro 'rb_intern'
 1826 |         __extension__ (RUBY_CONST_ID_CACHE((ID), (str))) : \
      |                       ^
fast.c:948:46: note: '{' token is here
  948 |                 rb_raise(rb_const_get_at(Oj, rb_intern("DepthError")), "Path too deep. Limit is %d levels.", MAX_STACK);
      |                                              ^~~~~~~~~~~~~~~~~~~~~~~
/Library/Developer/CommandLineTools/SDKs/MacOSX.sdk/System/Library/Frameworks/Ruby.framework/Versions/2.6/usr/include/ruby-2.6.0/ruby/ruby.h:1826:24: note: expanded from macro 'rb_intern'
 1826 |         __extension__ (RUBY_CONST_ID_CACHE((ID), (str))) : \
      |                        ^~~~~~~~~~~~~~~~~~~~~~~~~~~~~~~~
/Library/Developer/CommandLineTools/SDKs/MacOSX.sdk/System/Library/Frameworks/Ruby.framework/Versions/2.6/usr/include/ruby-2.6.0/ruby/ruby.h:1811:5: note: expanded from macro 'RUBY_CONST_ID_CACHE'
 1811 |     {                                                   \
      |     ^
fast.c:948:46: warning: '}' and ')' tokens terminating statement expression appear in different macro expansion contexts [-Wcompound-token-split-by-macro]
  948 |                 rb_raise(rb_const_get_at(Oj, rb_intern("DepthError")), "Path too deep. Limit is %d levels.", MAX_STACK);
      |                                              ^~~~~~~~~~~~~~~~~~~~~~~
/Library/Developer/CommandLineTools/SDKs/MacOSX.sdk/System/Library/Frameworks/Ruby.framework/Versions/2.6/usr/include/ruby-2.6.0/ruby/ruby.h:1826:24: note: expanded from macro 'rb_intern'
 1826 |         __extension__ (RUBY_CONST_ID_CACHE((ID), (str))) : \
      |                        ^~~~~~~~~~~~~~~~~~~~~~~~~~~~~~~~
/Library/Developer/CommandLineTools/SDKs/MacOSX.sdk/System/Library/Frameworks/Ruby.framework/Versions/2.6/usr/include/ruby-2.6.0/ruby/ruby.h:1816:5: note: expanded from macro 'RUBY_CONST_ID_CACHE'
 1816 |     }
      |     ^
fast.c:948:46: note: ')' token is here
  948 |                 rb_raise(rb_const_get_at(Oj, rb_intern("DepthError")), "Path too deep. Limit is %d levels.", MAX_STACK);
      |                                              ^~~~~~~~~~~~~~~~~~~~~~~
/Library/Developer/CommandLineTools/SDKs/MacOSX.sdk/System/Library/Frameworks/Ruby.framework/Versions/2.6/usr/include/ruby-2.6.0/ruby/ruby.h:1826:56: note: expanded from macro 'rb_intern'
 1826 |         __extension__ (RUBY_CONST_ID_CACHE((ID), (str))) : \
      |                                                        ^
fast.c:964:38: warning: '(' and '{' tokens introducing statement expression appear in different macro expansion contexts [-Wcompound-token-split-by-macro]
  964 |         rb_raise(rb_const_get_at(Oj, rb_intern("DepthError")), "Path too deep. Limit is %d levels.", MAX_STACK);
      |                                      ^~~~~~~~~~~~~~~~~~~~~~~
/Library/Developer/CommandLineTools/SDKs/MacOSX.sdk/System/Library/Frameworks/Ruby.framework/Versions/2.6/usr/include/ruby-2.6.0/ruby/ruby.h:1826:23: note: expanded from macro 'rb_intern'
 1826 |         __extension__ (RUBY_CONST_ID_CACHE((ID), (str))) : \
      |                       ^
fast.c:964:38: note: '{' token is here
  964 |         rb_raise(rb_const_get_at(Oj, rb_intern("DepthError")), "Path too deep. Limit is %d levels.", MAX_STACK);
      |                                      ^~~~~~~~~~~~~~~~~~~~~~~
/Library/Developer/CommandLineTools/SDKs/MacOSX.sdk/System/Library/Frameworks/Ruby.framework/Versions/2.6/usr/include/ruby-2.6.0/ruby/ruby.h:1826:24: note: expanded from macro 'rb_intern'
 1826 |         __extension__ (RUBY_CONST_ID_CACHE((ID), (str))) : \
      |                        ^~~~~~~~~~~~~~~~~~~~~~~~~~~~~~~~
/Library/Developer/CommandLineTools/SDKs/MacOSX.sdk/System/Library/Frameworks/Ruby.framework/Versions/2.6/usr/include/ruby-2.6.0/ruby/ruby.h:1811:5: note: expanded from macro 'RUBY_CONST_ID_CACHE'
 1811 |     {                                                   \
      |     ^
fast.c:964:38: warning: '}' and ')' tokens terminating statement expression appear in different macro expansion contexts [-Wcompound-token-split-by-macro]
  964 |         rb_raise(rb_const_get_at(Oj, rb_intern("DepthError")), "Path too deep. Limit is %d levels.", MAX_STACK);
      |                                      ^~~~~~~~~~~~~~~~~~~~~~~
/Library/Developer/CommandLineTools/SDKs/MacOSX.sdk/System/Library/Frameworks/Ruby.framework/Versions/2.6/usr/include/ruby-2.6.0/ruby/ruby.h:1826:24: note: expanded from macro 'rb_intern'
 1826 |         __extension__ (RUBY_CONST_ID_CACHE((ID), (str))) : \
      |                        ^~~~~~~~~~~~~~~~~~~~~~~~~~~~~~~~
/Library/Developer/CommandLineTools/SDKs/MacOSX.sdk/System/Library/Frameworks/Ruby.framework/Versions/2.6/usr/include/ruby-2.6.0/ruby/ruby.h:1816:5: note: expanded from macro 'RUBY_CONST_ID_CACHE'
 1816 |     }
      |     ^
fast.c:964:38: note: ')' token is here
  964 |         rb_raise(rb_const_get_at(Oj, rb_intern("DepthError")), "Path too deep. Limit is %d levels.", MAX_STACK);
      |                                      ^~~~~~~~~~~~~~~~~~~~~~~
/Library/Developer/CommandLineTools/SDKs/MacOSX.sdk/System/Library/Frameworks/Ruby.framework/Versions/2.6/usr/include/ruby-2.6.0/ruby/ruby.h:1826:56: note: expanded from macro 'rb_intern'
 1826 |         __extension__ (RUBY_CONST_ID_CACHE((ID), (str))) : \
      |                                                        ^
fast.c:1148:38: warning: '(' and '{' tokens introducing statement expression appear in different macro expansion contexts [-Wcompound-token-split-by-macro]
 1148 |         rb_raise(rb_const_get_at(Oj, rb_intern("LoadError")),
      |                                      ^~~~~~~~~~~~~~~~~~~~~~
/Library/Developer/CommandLineTools/SDKs/MacOSX.sdk/System/Library/Frameworks/Ruby.framework/Versions/2.6/usr/include/ruby-2.6.0/ruby/ruby.h:1826:23: note: expanded from macro 'rb_intern'
 1826 |         __extension__ (RUBY_CONST_ID_CACHE((ID), (str))) : \
      |                       ^
fast.c:1148:38: note: '{' token is here
 1148 |         rb_raise(rb_const_get_at(Oj, rb_intern("LoadError")),
      |                                      ^~~~~~~~~~~~~~~~~~~~~~
/Library/Developer/CommandLineTools/SDKs/MacOSX.sdk/System/Library/Frameworks/Ruby.framework/Versions/2.6/usr/include/ruby-2.6.0/ruby/ruby.h:1826:24: note: expanded from macro 'rb_intern'
 1826 |         __extension__ (RUBY_CONST_ID_CACHE((ID), (str))) : \
      |                        ^~~~~~~~~~~~~~~~~~~~~~~~~~~~~~~~
/Library/Developer/CommandLineTools/SDKs/MacOSX.sdk/System/Library/Frameworks/Ruby.framework/Versions/2.6/usr/include/ruby-2.6.0/ruby/ruby.h:1811:5: note: expanded from macro 'RUBY_CONST_ID_CACHE'
 1811 |     {                                                   \
      |     ^
fast.c:1148:38: warning: '}' and ')' tokens terminating statement expression appear in different macro expansion contexts [-Wcompound-token-split-by-macro]
 1148 |         rb_raise(rb_const_get_at(Oj, rb_intern("LoadError")),
      |                                      ^~~~~~~~~~~~~~~~~~~~~~
/Library/Developer/CommandLineTools/SDKs/MacOSX.sdk/System/Library/Frameworks/Ruby.framework/Versions/2.6/usr/include/ruby-2.6.0/ruby/ruby.h:1826:24: note: expanded from macro 'rb_intern'
 1826 |         __extension__ (RUBY_CONST_ID_CACHE((ID), (str))) : \
      |                        ^~~~~~~~~~~~~~~~~~~~~~~~~~~~~~~~
/Library/Developer/CommandLineTools/SDKs/MacOSX.sdk/System/Library/Frameworks/Ruby.framework/Versions/2.6/usr/include/ruby-2.6.0/ruby/ruby.h:1816:5: note: expanded from macro 'RUBY_CONST_ID_CACHE'
 1816 |     }
      |     ^
fast.c:1148:38: note: ')' token is here
 1148 |         rb_raise(rb_const_get_at(Oj, rb_intern("LoadError")),
      |                                      ^~~~~~~~~~~~~~~~~~~~~~
/Library/Developer/CommandLineTools/SDKs/MacOSX.sdk/System/Library/Frameworks/Ruby.framework/Versions/2.6/usr/include/ruby-2.6.0/ruby/ruby.h:1826:56: note: expanded from macro 'rb_intern'
 1826 |         __extension__ (RUBY_CONST_ID_CACHE((ID), (str))) : \
      |                                                        ^
12 warnings generated.
compiling intern.c
intern.c:174:16: warning: '(' and '{' tokens introducing statement expression appear in different macro expansion contexts [-Wcompound-token-split-by-macro]
  174 |     ID    ci = rb_intern(classname);
      |                ^~~~~~~~~~~~~~~~~~~~
/Library/Developer/CommandLineTools/SDKs/MacOSX.sdk/System/Library/Frameworks/Ruby.framework/Versions/2.6/usr/include/ruby-2.6.0/ruby/ruby.h:1826:23: note: expanded from macro 'rb_intern'
 1826 |         __extension__ (RUBY_CONST_ID_CACHE((ID), (str))) : \
      |                       ^
intern.c:174:16: note: '{' token is here
  174 |     ID    ci = rb_intern(classname);
      |                ^~~~~~~~~~~~~~~~~~~~
/Library/Developer/CommandLineTools/SDKs/MacOSX.sdk/System/Library/Frameworks/Ruby.framework/Versions/2.6/usr/include/ruby-2.6.0/ruby/ruby.h:1826:24: note: expanded from macro 'rb_intern'
 1826 |         __extension__ (RUBY_CONST_ID_CACHE((ID), (str))) : \
      |                        ^~~~~~~~~~~~~~~~~~~~~~~~~~~~~~~~
/Library/Developer/CommandLineTools/SDKs/MacOSX.sdk/System/Library/Frameworks/Ruby.framework/Versions/2.6/usr/include/ruby-2.6.0/ruby/ruby.h:1811:5: note: expanded from macro 'RUBY_CONST_ID_CACHE'
 1811 |     {                                                   \
      |     ^
intern.c:174:16: warning: '}' and ')' tokens terminating statement expression appear in different macro expansion contexts [-Wcompound-token-split-by-macro]
  174 |     ID    ci = rb_intern(classname);
      |                ^~~~~~~~~~~~~~~~~~~~
/Library/Developer/CommandLineTools/SDKs/MacOSX.sdk/System/Library/Frameworks/Ruby.framework/Versions/2.6/usr/include/ruby-2.6.0/ruby/ruby.h:1826:24: note: expanded from macro 'rb_intern'
 1826 |         __extension__ (RUBY_CONST_ID_CACHE((ID), (str))) : \
      |                        ^~~~~~~~~~~~~~~~~~~~~~~~~~~~~~~~
/Library/Developer/CommandLineTools/SDKs/MacOSX.sdk/System/Library/Frameworks/Ruby.framework/Versions/2.6/usr/include/ruby-2.6.0/ruby/ruby.h:1816:5: note: expanded from macro 'RUBY_CONST_ID_CACHE'
 1816 |     }
      |     ^
intern.c:174:16: note: ')' token is here
  174 |     ID    ci = rb_intern(classname);
      |                ^~~~~~~~~~~~~~~~~~~~
/Library/Developer/CommandLineTools/SDKs/MacOSX.sdk/System/Library/Frameworks/Ruby.framework/Versions/2.6/usr/include/ruby-2.6.0/ruby/ruby.h:1826:56: note: expanded from macro 'rb_intern'
 1826 |         __extension__ (RUBY_CONST_ID_CACHE((ID), (str))) : \
      |                                                        ^
2 warnings generated.
compiling mem.c
compiling mimic_json.c
mimic_json.c:60:41: warning: '(' and '{' tokens introducing statement expression appear in different macro expansion contexts [-Wcompound-token-split-by-macro]
   60 |     if (rb_const_defined_at(rb_cObject, rb_intern("JSON"))) {
      |                                         ^~~~~~~~~~~~~~~~~
/Library/Developer/CommandLineTools/SDKs/MacOSX.sdk/System/Library/Frameworks/Ruby.framework/Versions/2.6/usr/include/ruby-2.6.0/ruby/ruby.h:1826:23: note: expanded from macro 'rb_intern'
 1826 |         __extension__ (RUBY_CONST_ID_CACHE((ID), (str))) : \
      |                       ^
mimic_json.c:60:41: note: '{' token is here
   60 |     if (rb_const_defined_at(rb_cObject, rb_intern("JSON"))) {
      |                                         ^~~~~~~~~~~~~~~~~
/Library/Developer/CommandLineTools/SDKs/MacOSX.sdk/System/Library/Frameworks/Ruby.framework/Versions/2.6/usr/include/ruby-2.6.0/ruby/ruby.h:1826:24: note: expanded from macro 'rb_intern'
 1826 |         __extension__ (RUBY_CONST_ID_CACHE((ID), (str))) : \
      |                        ^~~~~~~~~~~~~~~~~~~~~~~~~~~~~~~~
/Library/Developer/CommandLineTools/SDKs/MacOSX.sdk/System/Library/Frameworks/Ruby.framework/Versions/2.6/usr/include/ruby-2.6.0/ruby/ruby.h:1811:5: note: expanded from macro 'RUBY_CONST_ID_CACHE'
 1811 |     {                                                   \
      |     ^
mimic_json.c:60:41: warning: '}' and ')' tokens terminating statement expression appear in different macro expansion contexts [-Wcompound-token-split-by-macro]
   60 |     if (rb_const_defined_at(rb_cObject, rb_intern("JSON"))) {
      |                                         ^~~~~~~~~~~~~~~~~
/Library/Developer/CommandLineTools/SDKs/MacOSX.sdk/System/Library/Frameworks/Ruby.framework/Versions/2.6/usr/include/ruby-2.6.0/ruby/ruby.h:1826:24: note: expanded from macro 'rb_intern'
 1826 |         __extension__ (RUBY_CONST_ID_CACHE((ID), (str))) : \
      |                        ^~~~~~~~~~~~~~~~~~~~~~~~~~~~~~~~
/Library/Developer/CommandLineTools/SDKs/MacOSX.sdk/System/Library/Frameworks/Ruby.framework/Versions/2.6/usr/include/ruby-2.6.0/ruby/ruby.h:1816:5: note: expanded from macro 'RUBY_CONST_ID_CACHE'
 1816 |     }
      |     ^
mimic_json.c:60:41: note: ')' token is here
   60 |     if (rb_const_defined_at(rb_cObject, rb_intern("JSON"))) {
      |                                         ^~~~~~~~~~~~~~~~~
/Library/Developer/CommandLineTools/SDKs/MacOSX.sdk/System/Library/Frameworks/Ruby.framework/Versions/2.6/usr/include/ruby-2.6.0/ruby/ruby.h:1826:56: note: expanded from macro 'rb_intern'
 1826 |         __extension__ (RUBY_CONST_ID_CACHE((ID), (str))) : \
      |                                                        ^
mimic_json.c:61:51: warning: '(' and '{' tokens introducing statement expression appear in different macro expansion contexts [-Wcompound-token-split-by-macro]
   61 |         json_module = rb_const_get_at(rb_cObject, rb_intern("JSON"));
      |                                                   ^~~~~~~~~~~~~~~~~
/Library/Developer/CommandLineTools/SDKs/MacOSX.sdk/System/Library/Frameworks/Ruby.framework/Versions/2.6/usr/include/ruby-2.6.0/ruby/ruby.h:1826:23: note: expanded from macro 'rb_intern'
 1826 |         __extension__ (RUBY_CONST_ID_CACHE((ID), (str))) : \
      |                       ^
mimic_json.c:61:51: note: '{' token is here
   61 |         json_module = rb_const_get_at(rb_cObject, rb_intern("JSON"));
      |                                                   ^~~~~~~~~~~~~~~~~
/Library/Developer/CommandLineTools/SDKs/MacOSX.sdk/System/Library/Frameworks/Ruby.framework/Versions/2.6/usr/include/ruby-2.6.0/ruby/ruby.h:1826:24: note: expanded from macro 'rb_intern'
 1826 |         __extension__ (RUBY_CONST_ID_CACHE((ID), (str))) : \
      |                        ^~~~~~~~~~~~~~~~~~~~~~~~~~~~~~~~
/Library/Developer/CommandLineTools/SDKs/MacOSX.sdk/System/Library/Frameworks/Ruby.framework/Versions/2.6/usr/include/ruby-2.6.0/ruby/ruby.h:1811:5: note: expanded from macro 'RUBY_CONST_ID_CACHE'
 1811 |     {                                                   \
      |     ^
mimic_json.c:61:51: warning: '}' and ')' tokens terminating statement expression appear in different macro expansion contexts [-Wcompound-token-split-by-macro]
   61 |         json_module = rb_const_get_at(rb_cObject, rb_intern("JSON"));
      |                                                   ^~~~~~~~~~~~~~~~~
/Library/Developer/CommandLineTools/SDKs/MacOSX.sdk/System/Library/Frameworks/Ruby.framework/Versions/2.6/usr/include/ruby-2.6.0/ruby/ruby.h:1826:24: note: expanded from macro 'rb_intern'
 1826 |         __extension__ (RUBY_CONST_ID_CACHE((ID), (str))) : \
      |                        ^~~~~~~~~~~~~~~~~~~~~~~~~~~~~~~~
/Library/Developer/CommandLineTools/SDKs/MacOSX.sdk/System/Library/Frameworks/Ruby.framework/Versions/2.6/usr/include/ruby-2.6.0/ruby/ruby.h:1816:5: note: expanded from macro 'RUBY_CONST_ID_CACHE'
 1816 |     }
      |     ^
mimic_json.c:61:51: note: ')' token is here
   61 |         json_module = rb_const_get_at(rb_cObject, rb_intern("JSON"));
      |                                                   ^~~~~~~~~~~~~~~~~
/Library/Developer/CommandLineTools/SDKs/MacOSX.sdk/System/Library/Frameworks/Ruby.framework/Versions/2.6/usr/include/ruby-2.6.0/ruby/ruby.h:1826:56: note: expanded from macro 'rb_intern'
 1826 |         __extension__ (RUBY_CONST_ID_CACHE((ID), (str))) : \
      |                                                        ^
mimic_json.c:65:42: warning: '(' and '{' tokens introducing statement expression appear in different macro expansion contexts [-Wcompound-token-split-by-macro]
   65 |     if (rb_const_defined_at(json_module, rb_intern("JSONError"))) {
      |                                          ^~~~~~~~~~~~~~~~~~~~~~
/Library/Developer/CommandLineTools/SDKs/MacOSX.sdk/System/Library/Frameworks/Ruby.framework/Versions/2.6/usr/include/ruby-2.6.0/ruby/ruby.h:1826:23: note: expanded from macro 'rb_intern'
 1826 |         __extension__ (RUBY_CONST_ID_CACHE((ID), (str))) : \
      |                       ^
mimic_json.c:65:42: note: '{' token is here
   65 |     if (rb_const_defined_at(json_module, rb_intern("JSONError"))) {
      |                                          ^~~~~~~~~~~~~~~~~~~~~~
/Library/Developer/CommandLineTools/SDKs/MacOSX.sdk/System/Library/Frameworks/Ruby.framework/Versions/2.6/usr/include/ruby-2.6.0/ruby/ruby.h:1826:24: note: expanded from macro 'rb_intern'
 1826 |         __extension__ (RUBY_CONST_ID_CACHE((ID), (str))) : \
      |                        ^~~~~~~~~~~~~~~~~~~~~~~~~~~~~~~~
/Library/Developer/CommandLineTools/SDKs/MacOSX.sdk/System/Library/Frameworks/Ruby.framework/Versions/2.6/usr/include/ruby-2.6.0/ruby/ruby.h:1811:5: note: expanded from macro 'RUBY_CONST_ID_CACHE'
 1811 |     {                                                   \
      |     ^
mimic_json.c:65:42: warning: '}' and ')' tokens terminating statement expression appear in different macro expansion contexts [-Wcompound-token-split-by-macro]
   65 |     if (rb_const_defined_at(json_module, rb_intern("JSONError"))) {
      |                                          ^~~~~~~~~~~~~~~~~~~~~~
/Library/Developer/CommandLineTools/SDKs/MacOSX.sdk/System/Library/Frameworks/Ruby.framework/Versions/2.6/usr/include/ruby-2.6.0/ruby/ruby.h:1826:24: note: expanded from macro 'rb_intern'
 1826 |         __extension__ (RUBY_CONST_ID_CACHE((ID), (str))) : \
      |                        ^~~~~~~~~~~~~~~~~~~~~~~~~~~~~~~~
/Library/Developer/CommandLineTools/SDKs/MacOSX.sdk/System/Library/Frameworks/Ruby.framework/Versions/2.6/usr/include/ruby-2.6.0/ruby/ruby.h:1816:5: note: expanded from macro 'RUBY_CONST_ID_CACHE'
 1816 |     }
      |     ^
mimic_json.c:65:42: note: ')' token is here
   65 |     if (rb_const_defined_at(json_module, rb_intern("JSONError"))) {
      |                                          ^~~~~~~~~~~~~~~~~~~~~~
/Library/Developer/CommandLineTools/SDKs/MacOSX.sdk/System/Library/Frameworks/Ruby.framework/Versions/2.6/usr/include/ruby-2.6.0/ruby/ruby.h:1826:56: note: expanded from macro 'rb_intern'
 1826 |         __extension__ (RUBY_CONST_ID_CACHE((ID), (str))) : \
      |                                                        ^
mimic_json.c:66:54: warning: '(' and '{' tokens introducing statement expression appear in different macro expansion contexts [-Wcompound-token-split-by-macro]
   66 |         json_error_class = rb_const_get(json_module, rb_intern("JSONError"));
      |                                                      ^~~~~~~~~~~~~~~~~~~~~~
/Library/Developer/CommandLineTools/SDKs/MacOSX.sdk/System/Library/Frameworks/Ruby.framework/Versions/2.6/usr/include/ruby-2.6.0/ruby/ruby.h:1826:23: note: expanded from macro 'rb_intern'
 1826 |         __extension__ (RUBY_CONST_ID_CACHE((ID), (str))) : \
      |                       ^
mimic_json.c:66:54: note: '{' token is here
   66 |         json_error_class = rb_const_get(json_module, rb_intern("JSONError"));
      |                                                      ^~~~~~~~~~~~~~~~~~~~~~
/Library/Developer/CommandLineTools/SDKs/MacOSX.sdk/System/Library/Frameworks/Ruby.framework/Versions/2.6/usr/include/ruby-2.6.0/ruby/ruby.h:1826:24: note: expanded from macro 'rb_intern'
 1826 |         __extension__ (RUBY_CONST_ID_CACHE((ID), (str))) : \
      |                        ^~~~~~~~~~~~~~~~~~~~~~~~~~~~~~~~
/Library/Developer/CommandLineTools/SDKs/MacOSX.sdk/System/Library/Frameworks/Ruby.framework/Versions/2.6/usr/include/ruby-2.6.0/ruby/ruby.h:1811:5: note: expanded from macro 'RUBY_CONST_ID_CACHE'
 1811 |     {                                                   \
      |     ^
mimic_json.c:66:54: warning: '}' and ')' tokens terminating statement expression appear in different macro expansion contexts [-Wcompound-token-split-by-macro]
   66 |         json_error_class = rb_const_get(json_module, rb_intern("JSONError"));
      |                                                      ^~~~~~~~~~~~~~~~~~~~~~
/Library/Developer/CommandLineTools/SDKs/MacOSX.sdk/System/Library/Frameworks/Ruby.framework/Versions/2.6/usr/include/ruby-2.6.0/ruby/ruby.h:1826:24: note: expanded from macro 'rb_intern'
 1826 |         __extension__ (RUBY_CONST_ID_CACHE((ID), (str))) : \
      |                        ^~~~~~~~~~~~~~~~~~~~~~~~~~~~~~~~
/Library/Developer/CommandLineTools/SDKs/MacOSX.sdk/System/Library/Frameworks/Ruby.framework/Versions/2.6/usr/include/ruby-2.6.0/ruby/ruby.h:1816:5: note: expanded from macro 'RUBY_CONST_ID_CACHE'
 1816 |     }
      |     ^
mimic_json.c:66:54: note: ')' token is here
   66 |         json_error_class = rb_const_get(json_module, rb_intern("JSONError"));
      |                                                      ^~~~~~~~~~~~~~~~~~~~~~
/Library/Developer/CommandLineTools/SDKs/MacOSX.sdk/System/Library/Frameworks/Ruby.framework/Versions/2.6/usr/include/ruby-2.6.0/ruby/ruby.h:1826:56: note: expanded from macro 'rb_intern'
 1826 |         __extension__ (RUBY_CONST_ID_CACHE((ID), (str))) : \
      |                                                        ^
mimic_json.c:73:46: warning: '(' and '{' tokens introducing statement expression appear in different macro expansion contexts [-Wcompound-token-split-by-macro]
   73 |         if (rb_const_defined_at(json_module, rb_intern(err_classname))) {
      |                                              ^~~~~~~~~~~~~~~~~~~~~~~~
/Library/Developer/CommandLineTools/SDKs/MacOSX.sdk/System/Library/Frameworks/Ruby.framework/Versions/2.6/usr/include/ruby-2.6.0/ruby/ruby.h:1826:23: note: expanded from macro 'rb_intern'
 1826 |         __extension__ (RUBY_CONST_ID_CACHE((ID), (str))) : \
      |                       ^
mimic_json.c:73:46: note: '{' token is here
   73 |         if (rb_const_defined_at(json_module, rb_intern(err_classname))) {
      |                                              ^~~~~~~~~~~~~~~~~~~~~~~~
/Library/Developer/CommandLineTools/SDKs/MacOSX.sdk/System/Library/Frameworks/Ruby.framework/Versions/2.6/usr/include/ruby-2.6.0/ruby/ruby.h:1826:24: note: expanded from macro 'rb_intern'
 1826 |         __extension__ (RUBY_CONST_ID_CACHE((ID), (str))) : \
      |                        ^~~~~~~~~~~~~~~~~~~~~~~~~~~~~~~~
/Library/Developer/CommandLineTools/SDKs/MacOSX.sdk/System/Library/Frameworks/Ruby.framework/Versions/2.6/usr/include/ruby-2.6.0/ruby/ruby.h:1811:5: note: expanded from macro 'RUBY_CONST_ID_CACHE'
 1811 |     {                                                   \
      |     ^
mimic_json.c:73:46: warning: '}' and ')' tokens terminating statement expression appear in different macro expansion contexts [-Wcompound-token-split-by-macro]
   73 |         if (rb_const_defined_at(json_module, rb_intern(err_classname))) {
      |                                              ^~~~~~~~~~~~~~~~~~~~~~~~
/Library/Developer/CommandLineTools/SDKs/MacOSX.sdk/System/Library/Frameworks/Ruby.framework/Versions/2.6/usr/include/ruby-2.6.0/ruby/ruby.h:1826:24: note: expanded from macro 'rb_intern'
 1826 |         __extension__ (RUBY_CONST_ID_CACHE((ID), (str))) : \
      |                        ^~~~~~~~~~~~~~~~~~~~~~~~~~~~~~~~
/Library/Developer/CommandLineTools/SDKs/MacOSX.sdk/System/Library/Frameworks/Ruby.framework/Versions/2.6/usr/include/ruby-2.6.0/ruby/ruby.h:1816:5: note: expanded from macro 'RUBY_CONST_ID_CACHE'
 1816 |     }
      |     ^
mimic_json.c:73:46: note: ')' token is here
   73 |         if (rb_const_defined_at(json_module, rb_intern(err_classname))) {
      |                                              ^~~~~~~~~~~~~~~~~~~~~~~~
/Library/Developer/CommandLineTools/SDKs/MacOSX.sdk/System/Library/Frameworks/Ruby.framework/Versions/2.6/usr/include/ruby-2.6.0/ruby/ruby.h:1826:56: note: expanded from macro 'rb_intern'
 1826 |         __extension__ (RUBY_CONST_ID_CACHE((ID), (str))) : \
      |                                                        ^
mimic_json.c:74:46: warning: '(' and '{' tokens introducing statement expression appear in different macro expansion contexts [-Wcompound-token-split-by-macro]
   74 |             clas = rb_const_get(json_module, rb_intern(err_classname));
      |                                              ^~~~~~~~~~~~~~~~~~~~~~~~
/Library/Developer/CommandLineTools/SDKs/MacOSX.sdk/System/Library/Frameworks/Ruby.framework/Versions/2.6/usr/include/ruby-2.6.0/ruby/ruby.h:1826:23: note: expanded from macro 'rb_intern'
 1826 |         __extension__ (RUBY_CONST_ID_CACHE((ID), (str))) : \
      |                       ^
mimic_json.c:74:46: note: '{' token is here
   74 |             clas = rb_const_get(json_module, rb_intern(err_classname));
      |                                              ^~~~~~~~~~~~~~~~~~~~~~~~
/Library/Developer/CommandLineTools/SDKs/MacOSX.sdk/System/Library/Frameworks/Ruby.framework/Versions/2.6/usr/include/ruby-2.6.0/ruby/ruby.h:1826:24: note: expanded from macro 'rb_intern'
 1826 |         __extension__ (RUBY_CONST_ID_CACHE((ID), (str))) : \
      |                        ^~~~~~~~~~~~~~~~~~~~~~~~~~~~~~~~
/Library/Developer/CommandLineTools/SDKs/MacOSX.sdk/System/Library/Frameworks/Ruby.framework/Versions/2.6/usr/include/ruby-2.6.0/ruby/ruby.h:1811:5: note: expanded from macro 'RUBY_CONST_ID_CACHE'
 1811 |     {                                                   \
      |     ^
mimic_json.c:74:46: warning: '}' and ')' tokens terminating statement expression appear in different macro expansion contexts [-Wcompound-token-split-by-macro]
   74 |             clas = rb_const_get(json_module, rb_intern(err_classname));
      |                                              ^~~~~~~~~~~~~~~~~~~~~~~~
/Library/Developer/CommandLineTools/SDKs/MacOSX.sdk/System/Library/Frameworks/Ruby.framework/Versions/2.6/usr/include/ruby-2.6.0/ruby/ruby.h:1826:24: note: expanded from macro 'rb_intern'
 1826 |         __extension__ (RUBY_CONST_ID_CACHE((ID), (str))) : \
      |                        ^~~~~~~~~~~~~~~~~~~~~~~~~~~~~~~~
/Library/Developer/CommandLineTools/SDKs/MacOSX.sdk/System/Library/Frameworks/Ruby.framework/Versions/2.6/usr/include/ruby-2.6.0/ruby/ruby.h:1816:5: note: expanded from macro 'RUBY_CONST_ID_CACHE'
 1816 |     }
      |     ^
mimic_json.c:74:46: note: ')' token is here
   74 |             clas = rb_const_get(json_module, rb_intern(err_classname));
      |                                              ^~~~~~~~~~~~~~~~~~~~~~~~
/Library/Developer/CommandLineTools/SDKs/MacOSX.sdk/System/Library/Frameworks/Ruby.framework/Versions/2.6/usr/include/ruby-2.6.0/ruby/ruby.h:1826:56: note: expanded from macro 'rb_intern'
 1826 |         __extension__ (RUBY_CONST_ID_CACHE((ID), (str))) : \
      |                                                        ^
mimic_json.c:823:35: warning: '(' and '{' tokens introducing statement expression appear in different macro expansion contexts [-Wcompound-token-split-by-macro]
  823 |     if (rb_const_defined_at(json, rb_intern("JSONError"))) {
      |                                   ^~~~~~~~~~~~~~~~~~~~~~
/Library/Developer/CommandLineTools/SDKs/MacOSX.sdk/System/Library/Frameworks/Ruby.framework/Versions/2.6/usr/include/ruby-2.6.0/ruby/ruby.h:1826:23: note: expanded from macro 'rb_intern'
 1826 |         __extension__ (RUBY_CONST_ID_CACHE((ID), (str))) : \
      |                       ^
mimic_json.c:823:35: note: '{' token is here
  823 |     if (rb_const_defined_at(json, rb_intern("JSONError"))) {
      |                                   ^~~~~~~~~~~~~~~~~~~~~~
/Library/Developer/CommandLineTools/SDKs/MacOSX.sdk/System/Library/Frameworks/Ruby.framework/Versions/2.6/usr/include/ruby-2.6.0/ruby/ruby.h:1826:24: note: expanded from macro 'rb_intern'
 1826 |         __extension__ (RUBY_CONST_ID_CACHE((ID), (str))) : \
      |                        ^~~~~~~~~~~~~~~~~~~~~~~~~~~~~~~~
/Library/Developer/CommandLineTools/SDKs/MacOSX.sdk/System/Library/Frameworks/Ruby.framework/Versions/2.6/usr/include/ruby-2.6.0/ruby/ruby.h:1811:5: note: expanded from macro 'RUBY_CONST_ID_CACHE'
 1811 |     {                                                   \
      |     ^
mimic_json.c:823:35: warning: '}' and ')' tokens terminating statement expression appear in different macro expansion contexts [-Wcompound-token-split-by-macro]
  823 |     if (rb_const_defined_at(json, rb_intern("JSONError"))) {
      |                                   ^~~~~~~~~~~~~~~~~~~~~~
/Library/Developer/CommandLineTools/SDKs/MacOSX.sdk/System/Library/Frameworks/Ruby.framework/Versions/2.6/usr/include/ruby-2.6.0/ruby/ruby.h:1826:24: note: expanded from macro 'rb_intern'
 1826 |         __extension__ (RUBY_CONST_ID_CACHE((ID), (str))) : \
      |                        ^~~~~~~~~~~~~~~~~~~~~~~~~~~~~~~~
/Library/Developer/CommandLineTools/SDKs/MacOSX.sdk/System/Library/Frameworks/Ruby.framework/Versions/2.6/usr/include/ruby-2.6.0/ruby/ruby.h:1816:5: note: expanded from macro 'RUBY_CONST_ID_CACHE'
 1816 |     }
      |     ^
mimic_json.c:823:35: note: ')' token is here
  823 |     if (rb_const_defined_at(json, rb_intern("JSONError"))) {
      |                                   ^~~~~~~~~~~~~~~~~~~~~~
/Library/Developer/CommandLineTools/SDKs/MacOSX.sdk/System/Library/Frameworks/Ruby.framework/Versions/2.6/usr/include/ruby-2.6.0/ruby/ruby.h:1826:56: note: expanded from macro 'rb_intern'
 1826 |         __extension__ (RUBY_CONST_ID_CACHE((ID), (str))) : \
      |                                                        ^
mimic_json.c:824:41: warning: '(' and '{' tokens introducing statement expression appear in different macro expansion contexts [-Wcompound-token-split-by-macro]
  824 |         json_error = rb_const_get(json, rb_intern("JSONError"));
      |                                         ^~~~~~~~~~~~~~~~~~~~~~
/Library/Developer/CommandLineTools/SDKs/MacOSX.sdk/System/Library/Frameworks/Ruby.framework/Versions/2.6/usr/include/ruby-2.6.0/ruby/ruby.h:1826:23: note: expanded from macro 'rb_intern'
 1826 |         __extension__ (RUBY_CONST_ID_CACHE((ID), (str))) : \
      |                       ^
mimic_json.c:824:41: note: '{' token is here
  824 |         json_error = rb_const_get(json, rb_intern("JSONError"));
      |                                         ^~~~~~~~~~~~~~~~~~~~~~
/Library/Developer/CommandLineTools/SDKs/MacOSX.sdk/System/Library/Frameworks/Ruby.framework/Versions/2.6/usr/include/ruby-2.6.0/ruby/ruby.h:1826:24: note: expanded from macro 'rb_intern'
 1826 |         __extension__ (RUBY_CONST_ID_CACHE((ID), (str))) : \
      |                        ^~~~~~~~~~~~~~~~~~~~~~~~~~~~~~~~
/Library/Developer/CommandLineTools/SDKs/MacOSX.sdk/System/Library/Frameworks/Ruby.framework/Versions/2.6/usr/include/ruby-2.6.0/ruby/ruby.h:1811:5: note: expanded from macro 'RUBY_CONST_ID_CACHE'
 1811 |     {                                                   \
      |     ^
mimic_json.c:824:41: warning: '}' and ')' tokens terminating statement expression appear in different macro expansion contexts [-Wcompound-token-split-by-macro]
  824 |         json_error = rb_const_get(json, rb_intern("JSONError"));
      |                                         ^~~~~~~~~~~~~~~~~~~~~~
/Library/Developer/CommandLineTools/SDKs/MacOSX.sdk/System/Library/Frameworks/Ruby.framework/Versions/2.6/usr/include/ruby-2.6.0/ruby/ruby.h:1826:24: note: expanded from macro 'rb_intern'
 1826 |         __extension__ (RUBY_CONST_ID_CACHE((ID), (str))) : \
      |                        ^~~~~~~~~~~~~~~~~~~~~~~~~~~~~~~~
/Library/Developer/CommandLineTools/SDKs/MacOSX.sdk/System/Library/Frameworks/Ruby.framework/Versions/2.6/usr/include/ruby-2.6.0/ruby/ruby.h:1816:5: note: expanded from macro 'RUBY_CONST_ID_CACHE'
 1816 |     }
      |     ^
mimic_json.c:824:41: note: ')' token is here
  824 |         json_error = rb_const_get(json, rb_intern("JSONError"));
      |                                         ^~~~~~~~~~~~~~~~~~~~~~
/Library/Developer/CommandLineTools/SDKs/MacOSX.sdk/System/Library/Frameworks/Ruby.framework/Versions/2.6/usr/include/ruby-2.6.0/ruby/ruby.h:1826:56: note: expanded from macro 'rb_intern'
 1826 |         __extension__ (RUBY_CONST_ID_CACHE((ID), (str))) : \
      |                                                        ^
mimic_json.c:828:35: warning: '(' and '{' tokens introducing statement expression appear in different macro expansion contexts [-Wcompound-token-split-by-macro]
  828 |     if (rb_const_defined_at(json, rb_intern("ParserError"))) {
      |                                   ^~~~~~~~~~~~~~~~~~~~~~~~
/Library/Developer/CommandLineTools/SDKs/MacOSX.sdk/System/Library/Frameworks/Ruby.framework/Versions/2.6/usr/include/ruby-2.6.0/ruby/ruby.h:1826:23: note: expanded from macro 'rb_intern'
 1826 |         __extension__ (RUBY_CONST_ID_CACHE((ID), (str))) : \
      |                       ^
mimic_json.c:828:35: note: '{' token is here
  828 |     if (rb_const_defined_at(json, rb_intern("ParserError"))) {
      |                                   ^~~~~~~~~~~~~~~~~~~~~~~~
/Library/Developer/CommandLineTools/SDKs/MacOSX.sdk/System/Library/Frameworks/Ruby.framework/Versions/2.6/usr/include/ruby-2.6.0/ruby/ruby.h:1826:24: note: expanded from macro 'rb_intern'
 1826 |         __extension__ (RUBY_CONST_ID_CACHE((ID), (str))) : \
      |                        ^~~~~~~~~~~~~~~~~~~~~~~~~~~~~~~~
/Library/Developer/CommandLineTools/SDKs/MacOSX.sdk/System/Library/Frameworks/Ruby.framework/Versions/2.6/usr/include/ruby-2.6.0/ruby/ruby.h:1811:5: note: expanded from macro 'RUBY_CONST_ID_CACHE'
 1811 |     {                                                   \
      |     ^
mimic_json.c:828:35: warning: '}' and ')' tokens terminating statement expression appear in different macro expansion contexts [-Wcompound-token-split-by-macro]
  828 |     if (rb_const_defined_at(json, rb_intern("ParserError"))) {
      |                                   ^~~~~~~~~~~~~~~~~~~~~~~~
/Library/Developer/CommandLineTools/SDKs/MacOSX.sdk/System/Library/Frameworks/Ruby.framework/Versions/2.6/usr/include/ruby-2.6.0/ruby/ruby.h:1826:24: note: expanded from macro 'rb_intern'
 1826 |         __extension__ (RUBY_CONST_ID_CACHE((ID), (str))) : \
      |                        ^~~~~~~~~~~~~~~~~~~~~~~~~~~~~~~~
/Library/Developer/CommandLineTools/SDKs/MacOSX.sdk/System/Library/Frameworks/Ruby.framework/Versions/2.6/usr/include/ruby-2.6.0/ruby/ruby.h:1816:5: note: expanded from macro 'RUBY_CONST_ID_CACHE'
 1816 |     }
      |     ^
mimic_json.c:828:35: note: ')' token is here
  828 |     if (rb_const_defined_at(json, rb_intern("ParserError"))) {
      |                                   ^~~~~~~~~~~~~~~~~~~~~~~~
/Library/Developer/CommandLineTools/SDKs/MacOSX.sdk/System/Library/Frameworks/Ruby.framework/Versions/2.6/usr/include/ruby-2.6.0/ruby/ruby.h:1826:56: note: expanded from macro 'rb_intern'
 1826 |         __extension__ (RUBY_CONST_ID_CACHE((ID), (str))) : \
      |                                                        ^
mimic_json.c:829:57: warning: '(' and '{' tokens introducing statement expression appear in different macro expansion contexts [-Wcompound-token-split-by-macro]
  829 |         oj_json_parser_error_class = rb_const_get(json, rb_intern("ParserError"));
      |                                                         ^~~~~~~~~~~~~~~~~~~~~~~~
/Library/Developer/CommandLineTools/SDKs/MacOSX.sdk/System/Library/Frameworks/Ruby.framework/Versions/2.6/usr/include/ruby-2.6.0/ruby/ruby.h:1826:23: note: expanded from macro 'rb_intern'
 1826 |         __extension__ (RUBY_CONST_ID_CACHE((ID), (str))) : \
      |                       ^
mimic_json.c:829:57: note: '{' token is here
  829 |         oj_json_parser_error_class = rb_const_get(json, rb_intern("ParserError"));
      |                                                         ^~~~~~~~~~~~~~~~~~~~~~~~
/Library/Developer/CommandLineTools/SDKs/MacOSX.sdk/System/Library/Frameworks/Ruby.framework/Versions/2.6/usr/include/ruby-2.6.0/ruby/ruby.h:1826:24: note: expanded from macro 'rb_intern'
 1826 |         __extension__ (RUBY_CONST_ID_CACHE((ID), (str))) : \
      |                        ^~~~~~~~~~~~~~~~~~~~~~~~~~~~~~~~
/Library/Developer/CommandLineTools/SDKs/MacOSX.sdk/System/Library/Frameworks/Ruby.framework/Versions/2.6/usr/include/ruby-2.6.0/ruby/ruby.h:1811:5: note: expanded from macro 'RUBY_CONST_ID_CACHE'
 1811 |     {                                                   \
      |     ^
mimic_json.c:829:57: warning: '}' and ')' tokens terminating statement expression appear in different macro expansion contexts [-Wcompound-token-split-by-macro]
  829 |         oj_json_parser_error_class = rb_const_get(json, rb_intern("ParserError"));
      |                                                         ^~~~~~~~~~~~~~~~~~~~~~~~
/Library/Developer/CommandLineTools/SDKs/MacOSX.sdk/System/Library/Frameworks/Ruby.framework/Versions/2.6/usr/include/ruby-2.6.0/ruby/ruby.h:1826:24: note: expanded from macro 'rb_intern'
 1826 |         __extension__ (RUBY_CONST_ID_CACHE((ID), (str))) : \
      |                        ^~~~~~~~~~~~~~~~~~~~~~~~~~~~~~~~
/Library/Developer/CommandLineTools/SDKs/MacOSX.sdk/System/Library/Frameworks/Ruby.framework/Versions/2.6/usr/include/ruby-2.6.0/ruby/ruby.h:1816:5: note: expanded from macro 'RUBY_CONST_ID_CACHE'
 1816 |     }
      |     ^
mimic_json.c:829:57: note: ')' token is here
  829 |         oj_json_parser_error_class = rb_const_get(json, rb_intern("ParserError"));
      |                                                         ^~~~~~~~~~~~~~~~~~~~~~~~
/Library/Developer/CommandLineTools/SDKs/MacOSX.sdk/System/Library/Frameworks/Ruby.framework/Versions/2.6/usr/include/ruby-2.6.0/ruby/ruby.h:1826:56: note: expanded from macro 'rb_intern'
 1826 |         __extension__ (RUBY_CONST_ID_CACHE((ID), (str))) : \
      |                                                        ^
mimic_json.c:833:35: warning: '(' and '{' tokens introducing statement expression appear in different macro expansion contexts [-Wcompound-token-split-by-macro]
  833 |     if (rb_const_defined_at(json, rb_intern("GeneratorError"))) {
      |                                   ^~~~~~~~~~~~~~~~~~~~~~~~~~~
/Library/Developer/CommandLineTools/SDKs/MacOSX.sdk/System/Library/Frameworks/Ruby.framework/Versions/2.6/usr/include/ruby-2.6.0/ruby/ruby.h:1826:23: note: expanded from macro 'rb_intern'
 1826 |         __extension__ (RUBY_CONST_ID_CACHE((ID), (str))) : \
      |                       ^
mimic_json.c:833:35: note: '{' token is here
  833 |     if (rb_const_defined_at(json, rb_intern("GeneratorError"))) {
      |                                   ^~~~~~~~~~~~~~~~~~~~~~~~~~~
/Library/Developer/CommandLineTools/SDKs/MacOSX.sdk/System/Library/Frameworks/Ruby.framework/Versions/2.6/usr/include/ruby-2.6.0/ruby/ruby.h:1826:24: note: expanded from macro 'rb_intern'
 1826 |         __extension__ (RUBY_CONST_ID_CACHE((ID), (str))) : \
      |                        ^~~~~~~~~~~~~~~~~~~~~~~~~~~~~~~~
/Library/Developer/CommandLineTools/SDKs/MacOSX.sdk/System/Library/Frameworks/Ruby.framework/Versions/2.6/usr/include/ruby-2.6.0/ruby/ruby.h:1811:5: note: expanded from macro 'RUBY_CONST_ID_CACHE'
 1811 |     {                                                   \
      |     ^
mimic_json.c:833:35: warning: '}' and ')' tokens terminating statement expression appear in different macro expansion contexts [-Wcompound-token-split-by-macro]
  833 |     if (rb_const_defined_at(json, rb_intern("GeneratorError"))) {
      |                                   ^~~~~~~~~~~~~~~~~~~~~~~~~~~
/Library/Developer/CommandLineTools/SDKs/MacOSX.sdk/System/Library/Frameworks/Ruby.framework/Versions/2.6/usr/include/ruby-2.6.0/ruby/ruby.h:1826:24: note: expanded from macro 'rb_intern'
 1826 |         __extension__ (RUBY_CONST_ID_CACHE((ID), (str))) : \
      |                        ^~~~~~~~~~~~~~~~~~~~~~~~~~~~~~~~
/Library/Developer/CommandLineTools/SDKs/MacOSX.sdk/System/Library/Frameworks/Ruby.framework/Versions/2.6/usr/include/ruby-2.6.0/ruby/ruby.h:1816:5: note: expanded from macro 'RUBY_CONST_ID_CACHE'
 1816 |     }
      |     ^
mimic_json.c:833:35: note: ')' token is here
  833 |     if (rb_const_defined_at(json, rb_intern("GeneratorError"))) {
      |                                   ^~~~~~~~~~~~~~~~~~~~~~~~~~~
/Library/Developer/CommandLineTools/SDKs/MacOSX.sdk/System/Library/Frameworks/Ruby.framework/Versions/2.6/usr/include/ruby-2.6.0/ruby/ruby.h:1826:56: note: expanded from macro 'rb_intern'
 1826 |         __extension__ (RUBY_CONST_ID_CACHE((ID), (str))) : \
      |                                                        ^
mimic_json.c:834:60: warning: '(' and '{' tokens introducing statement expression appear in different macro expansion contexts [-Wcompound-token-split-by-macro]
  834 |         oj_json_generator_error_class = rb_const_get(json, rb_intern("GeneratorError"));
      |                                                            ^~~~~~~~~~~~~~~~~~~~~~~~~~~
/Library/Developer/CommandLineTools/SDKs/MacOSX.sdk/System/Library/Frameworks/Ruby.framework/Versions/2.6/usr/include/ruby-2.6.0/ruby/ruby.h:1826:23: note: expanded from macro 'rb_intern'
 1826 |         __extension__ (RUBY_CONST_ID_CACHE((ID), (str))) : \
      |                       ^
mimic_json.c:834:60: note: '{' token is here
  834 |         oj_json_generator_error_class = rb_const_get(json, rb_intern("GeneratorError"));
      |                                                            ^~~~~~~~~~~~~~~~~~~~~~~~~~~
/Library/Developer/CommandLineTools/SDKs/MacOSX.sdk/System/Library/Frameworks/Ruby.framework/Versions/2.6/usr/include/ruby-2.6.0/ruby/ruby.h:1826:24: note: expanded from macro 'rb_intern'
 1826 |         __extension__ (RUBY_CONST_ID_CACHE((ID), (str))) : \
      |                        ^~~~~~~~~~~~~~~~~~~~~~~~~~~~~~~~
/Library/Developer/CommandLineTools/SDKs/MacOSX.sdk/System/Library/Frameworks/Ruby.framework/Versions/2.6/usr/include/ruby-2.6.0/ruby/ruby.h:1811:5: note: expanded from macro 'RUBY_CONST_ID_CACHE'
 1811 |     {                                                   \
      |     ^
mimic_json.c:834:60: warning: '}' and ')' tokens terminating statement expression appear in different macro expansion contexts [-Wcompound-token-split-by-macro]
  834 |         oj_json_generator_error_class = rb_const_get(json, rb_intern("GeneratorError"));
      |                                                            ^~~~~~~~~~~~~~~~~~~~~~~~~~~
/Library/Developer/CommandLineTools/SDKs/MacOSX.sdk/System/Library/Frameworks/Ruby.framework/Versions/2.6/usr/include/ruby-2.6.0/ruby/ruby.h:1826:24: note: expanded from macro 'rb_intern'
 1826 |         __extension__ (RUBY_CONST_ID_CACHE((ID), (str))) : \
      |                        ^~~~~~~~~~~~~~~~~~~~~~~~~~~~~~~~
/Library/Developer/CommandLineTools/SDKs/MacOSX.sdk/System/Library/Frameworks/Ruby.framework/Versions/2.6/usr/include/ruby-2.6.0/ruby/ruby.h:1816:5: note: expanded from macro 'RUBY_CONST_ID_CACHE'
 1816 |     }
      |     ^
mimic_json.c:834:60: note: ')' token is here
  834 |         oj_json_generator_error_class = rb_const_get(json, rb_intern("GeneratorError"));
      |                                                            ^~~~~~~~~~~~~~~~~~~~~~~~~~~
/Library/Developer/CommandLineTools/SDKs/MacOSX.sdk/System/Library/Frameworks/Ruby.framework/Versions/2.6/usr/include/ruby-2.6.0/ruby/ruby.h:1826:56: note: expanded from macro 'rb_intern'
 1826 |         __extension__ (RUBY_CONST_ID_CACHE((ID), (str))) : \
      |                                                        ^
mimic_json.c:838:35: warning: '(' and '{' tokens introducing statement expression appear in different macro expansion contexts [-Wcompound-token-split-by-macro]
  838 |     if (rb_const_defined_at(json, rb_intern("NestingError"))) {
      |                                   ^~~~~~~~~~~~~~~~~~~~~~~~~
/Library/Developer/CommandLineTools/SDKs/MacOSX.sdk/System/Library/Frameworks/Ruby.framework/Versions/2.6/usr/include/ruby-2.6.0/ruby/ruby.h:1826:23: note: expanded from macro 'rb_intern'
 1826 |         __extension__ (RUBY_CONST_ID_CACHE((ID), (str))) : \
      |                       ^
mimic_json.c:838:35: note: '{' token is here
  838 |     if (rb_const_defined_at(json, rb_intern("NestingError"))) {
      |                                   ^~~~~~~~~~~~~~~~~~~~~~~~~
/Library/Developer/CommandLineTools/SDKs/MacOSX.sdk/System/Library/Frameworks/Ruby.framework/Versions/2.6/usr/include/ruby-2.6.0/ruby/ruby.h:1826:24: note: expanded from macro 'rb_intern'
 1826 |         __extension__ (RUBY_CONST_ID_CACHE((ID), (str))) : \
      |                        ^~~~~~~~~~~~~~~~~~~~~~~~~~~~~~~~
/Library/Developer/CommandLineTools/SDKs/MacOSX.sdk/System/Library/Frameworks/Ruby.framework/Versions/2.6/usr/include/ruby-2.6.0/ruby/ruby.h:1811:5: note: expanded from macro 'RUBY_CONST_ID_CACHE'
 1811 |     {                                                   \
      |     ^
mimic_json.c:838:35: warning: '}' and ')' tokens terminating statement expression appear in different macro expansion contexts [-Wcompound-token-split-by-macro]
  838 |     if (rb_const_defined_at(json, rb_intern("NestingError"))) {
      |                                   ^~~~~~~~~~~~~~~~~~~~~~~~~
/Library/Developer/CommandLineTools/SDKs/MacOSX.sdk/System/Library/Frameworks/Ruby.framework/Versions/2.6/usr/include/ruby-2.6.0/ruby/ruby.h:1826:24: note: expanded from macro 'rb_intern'
 1826 |         __extension__ (RUBY_CONST_ID_CACHE((ID), (str))) : \
      |                        ^~~~~~~~~~~~~~~~~~~~~~~~~~~~~~~~
/Library/Developer/CommandLineTools/SDKs/MacOSX.sdk/System/Library/Frameworks/Ruby.framework/Versions/2.6/usr/include/ruby-2.6.0/ruby/ruby.h:1816:5: note: expanded from macro 'RUBY_CONST_ID_CACHE'
 1816 |     }
      |     ^
mimic_json.c:838:35: note: ')' token is here
  838 |     if (rb_const_defined_at(json, rb_intern("NestingError"))) {
      |                                   ^~~~~~~~~~~~~~~~~~~~~~~~~
/Library/Developer/CommandLineTools/SDKs/MacOSX.sdk/System/Library/Frameworks/Ruby.framework/Versions/2.6/usr/include/ruby-2.6.0/ruby/ruby.h:1826:56: note: expanded from macro 'rb_intern'
 1826 |         __extension__ (RUBY_CONST_ID_CACHE((ID), (str))) : \
      |                                                        ^
mimic_json.c:839:28: warning: '(' and '{' tokens introducing statement expression appear in different macro expansion contexts [-Wcompound-token-split-by-macro]
  839 |         rb_const_get(json, rb_intern("NestingError"));
      |                            ^~~~~~~~~~~~~~~~~~~~~~~~~
/Library/Developer/CommandLineTools/SDKs/MacOSX.sdk/System/Library/Frameworks/Ruby.framework/Versions/2.6/usr/include/ruby-2.6.0/ruby/ruby.h:1826:23: note: expanded from macro 'rb_intern'
 1826 |         __extension__ (RUBY_CONST_ID_CACHE((ID), (str))) : \
      |                       ^
mimic_json.c:839:28: note: '{' token is here
  839 |         rb_const_get(json, rb_intern("NestingError"));
      |                            ^~~~~~~~~~~~~~~~~~~~~~~~~
/Library/Developer/CommandLineTools/SDKs/MacOSX.sdk/System/Library/Frameworks/Ruby.framework/Versions/2.6/usr/include/ruby-2.6.0/ruby/ruby.h:1826:24: note: expanded from macro 'rb_intern'
 1826 |         __extension__ (RUBY_CONST_ID_CACHE((ID), (str))) : \
      |                        ^~~~~~~~~~~~~~~~~~~~~~~~~~~~~~~~
/Library/Developer/CommandLineTools/SDKs/MacOSX.sdk/System/Library/Frameworks/Ruby.framework/Versions/2.6/usr/include/ruby-2.6.0/ruby/ruby.h:1811:5: note: expanded from macro 'RUBY_CONST_ID_CACHE'
 1811 |     {                                                   \
      |     ^
mimic_json.c:839:28: warning: '}' and ')' tokens terminating statement expression appear in different macro expansion contexts [-Wcompound-token-split-by-macro]
  839 |         rb_const_get(json, rb_intern("NestingError"));
      |                            ^~~~~~~~~~~~~~~~~~~~~~~~~
/Library/Developer/CommandLineTools/SDKs/MacOSX.sdk/System/Library/Frameworks/Ruby.framework/Versions/2.6/usr/include/ruby-2.6.0/ruby/ruby.h:1826:24: note: expanded from macro 'rb_intern'
 1826 |         __extension__ (RUBY_CONST_ID_CACHE((ID), (str))) : \
      |                        ^~~~~~~~~~~~~~~~~~~~~~~~~~~~~~~~
/Library/Developer/CommandLineTools/SDKs/MacOSX.sdk/System/Library/Frameworks/Ruby.framework/Versions/2.6/usr/include/ruby-2.6.0/ruby/ruby.h:1816:5: note: expanded from macro 'RUBY_CONST_ID_CACHE'
 1816 |     }
      |     ^
mimic_json.c:839:28: note: ')' token is here
  839 |         rb_const_get(json, rb_intern("NestingError"));
      |                            ^~~~~~~~~~~~~~~~~~~~~~~~~
/Library/Developer/CommandLineTools/SDKs/MacOSX.sdk/System/Library/Frameworks/Ruby.framework/Versions/2.6/usr/include/ruby-2.6.0/ruby/ruby.h:1826:56: note: expanded from macro 'rb_intern'
 1826 |         __extension__ (RUBY_CONST_ID_CACHE((ID), (str))) : \
      |                                                        ^
mimic_json.c:844:35: warning: '(' and '{' tokens introducing statement expression appear in different macro expansion contexts [-Wcompound-token-split-by-macro]
  844 |     if (rb_const_defined_at(json, rb_intern("Ext"))) {
      |                                   ^~~~~~~~~~~~~~~~
/Library/Developer/CommandLineTools/SDKs/MacOSX.sdk/System/Library/Frameworks/Ruby.framework/Versions/2.6/usr/include/ruby-2.6.0/ruby/ruby.h:1826:23: note: expanded from macro 'rb_intern'
 1826 |         __extension__ (RUBY_CONST_ID_CACHE((ID), (str))) : \
      |                       ^
mimic_json.c:844:35: note: '{' token is here
  844 |     if (rb_const_defined_at(json, rb_intern("Ext"))) {
      |                                   ^~~~~~~~~~~~~~~~
/Library/Developer/CommandLineTools/SDKs/MacOSX.sdk/System/Library/Frameworks/Ruby.framework/Versions/2.6/usr/include/ruby-2.6.0/ruby/ruby.h:1826:24: note: expanded from macro 'rb_intern'
 1826 |         __extension__ (RUBY_CONST_ID_CACHE((ID), (str))) : \
      |                        ^~~~~~~~~~~~~~~~~~~~~~~~~~~~~~~~
/Library/Developer/CommandLineTools/SDKs/MacOSX.sdk/System/Library/Frameworks/Ruby.framework/Versions/2.6/usr/include/ruby-2.6.0/ruby/ruby.h:1811:5: note: expanded from macro 'RUBY_CONST_ID_CACHE'
 1811 |     {                                                   \
      |     ^
mimic_json.c:844:35: warning: '}' and ')' tokens terminating statement expression appear in different macro expansion contexts [-Wcompound-token-split-by-macro]
  844 |     if (rb_const_defined_at(json, rb_intern("Ext"))) {
      |                                   ^~~~~~~~~~~~~~~~
/Library/Developer/CommandLineTools/SDKs/MacOSX.sdk/System/Library/Frameworks/Ruby.framework/Versions/2.6/usr/include/ruby-2.6.0/ruby/ruby.h:1826:24: note: expanded from macro 'rb_intern'
 1826 |         __extension__ (RUBY_CONST_ID_CACHE((ID), (str))) : \
      |                        ^~~~~~~~~~~~~~~~~~~~~~~~~~~~~~~~
/Library/Developer/CommandLineTools/SDKs/MacOSX.sdk/System/Library/Frameworks/Ruby.framework/Versions/2.6/usr/include/ruby-2.6.0/ruby/ruby.h:1816:5: note: expanded from macro 'RUBY_CONST_ID_CACHE'
 1816 |     }
      |     ^
mimic_json.c:844:35: note: ')' token is here
  844 |     if (rb_const_defined_at(json, rb_intern("Ext"))) {
      |                                   ^~~~~~~~~~~~~~~~
/Library/Developer/CommandLineTools/SDKs/MacOSX.sdk/System/Library/Frameworks/Ruby.framework/Versions/2.6/usr/include/ruby-2.6.0/ruby/ruby.h:1826:56: note: expanded from macro 'rb_intern'
 1826 |         __extension__ (RUBY_CONST_ID_CACHE((ID), (str))) : \
      |                                                        ^
mimic_json.c:845:37: warning: '(' and '{' tokens introducing statement expression appear in different macro expansion contexts [-Wcompound-token-split-by-macro]
  845 |         ext = rb_const_get_at(json, rb_intern("Ext"));
      |                                     ^~~~~~~~~~~~~~~~
/Library/Developer/CommandLineTools/SDKs/MacOSX.sdk/System/Library/Frameworks/Ruby.framework/Versions/2.6/usr/include/ruby-2.6.0/ruby/ruby.h:1826:23: note: expanded from macro 'rb_intern'
 1826 |         __extension__ (RUBY_CONST_ID_CACHE((ID), (str))) : \
      |                       ^
mimic_json.c:845:37: note: '{' token is here
  845 |         ext = rb_const_get_at(json, rb_intern("Ext"));
      |                                     ^~~~~~~~~~~~~~~~
/Library/Developer/CommandLineTools/SDKs/MacOSX.sdk/System/Library/Frameworks/Ruby.framework/Versions/2.6/usr/include/ruby-2.6.0/ruby/ruby.h:1826:24: note: expanded from macro 'rb_intern'
 1826 |         __extension__ (RUBY_CONST_ID_CACHE((ID), (str))) : \
      |                        ^~~~~~~~~~~~~~~~~~~~~~~~~~~~~~~~
/Library/Developer/CommandLineTools/SDKs/MacOSX.sdk/System/Library/Frameworks/Ruby.framework/Versions/2.6/usr/include/ruby-2.6.0/ruby/ruby.h:1811:5: note: expanded from macro 'RUBY_CONST_ID_CACHE'
 1811 |     {                                                   \
      |     ^
mimic_json.c:845:37: warning: '}' and ')' tokens terminating statement expression appear in different macro expansion contexts [-Wcompound-token-split-by-macro]
  845 |         ext = rb_const_get_at(json, rb_intern("Ext"));
      |                                     ^~~~~~~~~~~~~~~~
/Library/Developer/CommandLineTools/SDKs/MacOSX.sdk/System/Library/Frameworks/Ruby.framework/Versions/2.6/usr/include/ruby-2.6.0/ruby/ruby.h:1826:24: note: expanded from macro 'rb_intern'
 1826 |         __extension__ (RUBY_CONST_ID_CACHE((ID), (str))) : \
      |                        ^~~~~~~~~~~~~~~~~~~~~~~~~~~~~~~~
/Library/Developer/CommandLineTools/SDKs/MacOSX.sdk/System/Library/Frameworks/Ruby.framework/Versions/2.6/usr/include/ruby-2.6.0/ruby/ruby.h:1816:5: note: expanded from macro 'RUBY_CONST_ID_CACHE'
 1816 |     }
      |     ^
mimic_json.c:845:37: note: ')' token is here
  845 |         ext = rb_const_get_at(json, rb_intern("Ext"));
      |                                     ^~~~~~~~~~~~~~~~
/Library/Developer/CommandLineTools/SDKs/MacOSX.sdk/System/Library/Frameworks/Ruby.framework/Versions/2.6/usr/include/ruby-2.6.0/ruby/ruby.h:1826:56: note: expanded from macro 'rb_intern'
 1826 |         __extension__ (RUBY_CONST_ID_CACHE((ID), (str))) : \
      |                                                        ^
mimic_json.c:849:34: warning: '(' and '{' tokens introducing statement expression appear in different macro expansion contexts [-Wcompound-token-split-by-macro]
  849 |     if (rb_const_defined_at(ext, rb_intern("Generator"))) {
      |                                  ^~~~~~~~~~~~~~~~~~~~~~
/Library/Developer/CommandLineTools/SDKs/MacOSX.sdk/System/Library/Frameworks/Ruby.framework/Versions/2.6/usr/include/ruby-2.6.0/ruby/ruby.h:1826:23: note: expanded from macro 'rb_intern'
 1826 |         __extension__ (RUBY_CONST_ID_CACHE((ID), (str))) : \
      |                       ^
mimic_json.c:849:34: note: '{' token is here
  849 |     if (rb_const_defined_at(ext, rb_intern("Generator"))) {
      |                                  ^~~~~~~~~~~~~~~~~~~~~~
/Library/Developer/CommandLineTools/SDKs/MacOSX.sdk/System/Library/Frameworks/Ruby.framework/Versions/2.6/usr/include/ruby-2.6.0/ruby/ruby.h:1826:24: note: expanded from macro 'rb_intern'
 1826 |         __extension__ (RUBY_CONST_ID_CACHE((ID), (str))) : \
      |                        ^~~~~~~~~~~~~~~~~~~~~~~~~~~~~~~~
/Library/Developer/CommandLineTools/SDKs/MacOSX.sdk/System/Library/Frameworks/Ruby.framework/Versions/2.6/usr/include/ruby-2.6.0/ruby/ruby.h:1811:5: note: expanded from macro 'RUBY_CONST_ID_CACHE'
 1811 |     {                                                   \
      |     ^
mimic_json.c:849:34: warning: '}' and ')' tokens terminating statement expression appear in different macro expansion contexts [-Wcompound-token-split-by-macro]
  849 |     if (rb_const_defined_at(ext, rb_intern("Generator"))) {
      |                                  ^~~~~~~~~~~~~~~~~~~~~~
/Library/Developer/CommandLineTools/SDKs/MacOSX.sdk/System/Library/Frameworks/Ruby.framework/Versions/2.6/usr/include/ruby-2.6.0/ruby/ruby.h:1826:24: note: expanded from macro 'rb_intern'
 1826 |         __extension__ (RUBY_CONST_ID_CACHE((ID), (str))) : \
      |                        ^~~~~~~~~~~~~~~~~~~~~~~~~~~~~~~~
/Library/Developer/CommandLineTools/SDKs/MacOSX.sdk/System/Library/Frameworks/Ruby.framework/Versions/2.6/usr/include/ruby-2.6.0/ruby/ruby.h:1816:5: note: expanded from macro 'RUBY_CONST_ID_CACHE'
 1816 |     }
      |     ^
mimic_json.c:849:34: note: ')' token is here
  849 |     if (rb_const_defined_at(ext, rb_intern("Generator"))) {
      |                                  ^~~~~~~~~~~~~~~~~~~~~~
/Library/Developer/CommandLineTools/SDKs/MacOSX.sdk/System/Library/Frameworks/Ruby.framework/Versions/2.6/usr/include/ruby-2.6.0/ruby/ruby.h:1826:56: note: expanded from macro 'rb_intern'
 1826 |         __extension__ (RUBY_CONST_ID_CACHE((ID), (str))) : \
      |                                                        ^
mimic_json.c:850:42: warning: '(' and '{' tokens introducing statement expression appear in different macro expansion contexts [-Wcompound-token-split-by-macro]
  850 |         generator = rb_const_get_at(ext, rb_intern("Generator"));
      |                                          ^~~~~~~~~~~~~~~~~~~~~~
/Library/Developer/CommandLineTools/SDKs/MacOSX.sdk/System/Library/Frameworks/Ruby.framework/Versions/2.6/usr/include/ruby-2.6.0/ruby/ruby.h:1826:23: note: expanded from macro 'rb_intern'
 1826 |         __extension__ (RUBY_CONST_ID_CACHE((ID), (str))) : \
      |                       ^
mimic_json.c:850:42: note: '{' token is here
  850 |         generator = rb_const_get_at(ext, rb_intern("Generator"));
      |                                          ^~~~~~~~~~~~~~~~~~~~~~
/Library/Developer/CommandLineTools/SDKs/MacOSX.sdk/System/Library/Frameworks/Ruby.framework/Versions/2.6/usr/include/ruby-2.6.0/ruby/ruby.h:1826:24: note: expanded from macro 'rb_intern'
 1826 |         __extension__ (RUBY_CONST_ID_CACHE((ID), (str))) : \
      |                        ^~~~~~~~~~~~~~~~~~~~~~~~~~~~~~~~
/Library/Developer/CommandLineTools/SDKs/MacOSX.sdk/System/Library/Frameworks/Ruby.framework/Versions/2.6/usr/include/ruby-2.6.0/ruby/ruby.h:1811:5: note: expanded from macro 'RUBY_CONST_ID_CACHE'
 1811 |     {                                                   \
      |     ^
mimic_json.c:850:42: warning: '}' and ')' tokens terminating statement expression appear in different macro expansion contexts [-Wcompound-token-split-by-macro]
  850 |         generator = rb_const_get_at(ext, rb_intern("Generator"));
      |                                          ^~~~~~~~~~~~~~~~~~~~~~
/Library/Developer/CommandLineTools/SDKs/MacOSX.sdk/System/Library/Frameworks/Ruby.framework/Versions/2.6/usr/include/ruby-2.6.0/ruby/ruby.h:1826:24: note: expanded from macro 'rb_intern'
 1826 |         __extension__ (RUBY_CONST_ID_CACHE((ID), (str))) : \
      |                        ^~~~~~~~~~~~~~~~~~~~~~~~~~~~~~~~
/Library/Developer/CommandLineTools/SDKs/MacOSX.sdk/System/Library/Frameworks/Ruby.framework/Versions/2.6/usr/include/ruby-2.6.0/ruby/ruby.h:1816:5: note: expanded from macro 'RUBY_CONST_ID_CACHE'
 1816 |     }
      |     ^
mimic_json.c:850:42: note: ')' token is here
  850 |         generator = rb_const_get_at(ext, rb_intern("Generator"));
      |                                          ^~~~~~~~~~~~~~~~~~~~~~
/Library/Developer/CommandLineTools/SDKs/MacOSX.sdk/System/Library/Frameworks/Ruby.framework/Versions/2.6/usr/include/ruby-2.6.0/ruby/ruby.h:1826:56: note: expanded from macro 'rb_intern'
 1826 |         __extension__ (RUBY_CONST_ID_CACHE((ID), (str))) : \
      |                                                        ^
mimic_json.c:854:41: warning: '(' and '{' tokens introducing statement expression appear in different macro expansion contexts [-Wcompound-token-split-by-macro]
  854 |     if (!rb_const_defined_at(generator, rb_intern("State"))) {
      |                                         ^~~~~~~~~~~~~~~~~~
/Library/Developer/CommandLineTools/SDKs/MacOSX.sdk/System/Library/Frameworks/Ruby.framework/Versions/2.6/usr/include/ruby-2.6.0/ruby/ruby.h:1826:23: note: expanded from macro 'rb_intern'
 1826 |         __extension__ (RUBY_CONST_ID_CACHE((ID), (str))) : \
      |                       ^
mimic_json.c:854:41: note: '{' token is here
  854 |     if (!rb_const_defined_at(generator, rb_intern("State"))) {
      |                                         ^~~~~~~~~~~~~~~~~~
/Library/Developer/CommandLineTools/SDKs/MacOSX.sdk/System/Library/Frameworks/Ruby.framework/Versions/2.6/usr/include/ruby-2.6.0/ruby/ruby.h:1826:24: note: expanded from macro 'rb_intern'
 1826 |         __extension__ (RUBY_CONST_ID_CACHE((ID), (str))) : \
      |                        ^~~~~~~~~~~~~~~~~~~~~~~~~~~~~~~~
/Library/Developer/CommandLineTools/SDKs/MacOSX.sdk/System/Library/Frameworks/Ruby.framework/Versions/2.6/usr/include/ruby-2.6.0/ruby/ruby.h:1811:5: note: expanded from macro 'RUBY_CONST_ID_CACHE'
 1811 |     {                                                   \
      |     ^
mimic_json.c:854:41: warning: '}' and ')' tokens terminating statement expression appear in different macro expansion contexts [-Wcompound-token-split-by-macro]
  854 |     if (!rb_const_defined_at(generator, rb_intern("State"))) {
      |                                         ^~~~~~~~~~~~~~~~~~
/Library/Developer/CommandLineTools/SDKs/MacOSX.sdk/System/Library/Frameworks/Ruby.framework/Versions/2.6/usr/include/ruby-2.6.0/ruby/ruby.h:1826:24: note: expanded from macro 'rb_intern'
 1826 |         __extension__ (RUBY_CONST_ID_CACHE((ID), (str))) : \
      |                        ^~~~~~~~~~~~~~~~~~~~~~~~~~~~~~~~
/Library/Developer/CommandLineTools/SDKs/MacOSX.sdk/System/Library/Frameworks/Ruby.framework/Versions/2.6/usr/include/ruby-2.6.0/ruby/ruby.h:1816:5: note: expanded from macro 'RUBY_CONST_ID_CACHE'
 1816 |     }
      |     ^
mimic_json.c:854:41: note: ')' token is here
  854 |     if (!rb_const_defined_at(generator, rb_intern("State"))) {
      |                                         ^~~~~~~~~~~~~~~~~~
/Library/Developer/CommandLineTools/SDKs/MacOSX.sdk/System/Library/Frameworks/Ruby.framework/Versions/2.6/usr/include/ruby-2.6.0/ruby/ruby.h:1826:56: note: expanded from macro 'rb_intern'
 1826 |         __extension__ (RUBY_CONST_ID_CACHE((ID), (str))) : \
      |                                                        ^
mimic_json.c:858:46: warning: '(' and '{' tokens introducing statement expression appear in different macro expansion contexts [-Wcompound-token-split-by-macro]
  858 |     state_class = rb_const_get_at(generator, rb_intern("State"));
      |                                              ^~~~~~~~~~~~~~~~~~
/Library/Developer/CommandLineTools/SDKs/MacOSX.sdk/System/Library/Frameworks/Ruby.framework/Versions/2.6/usr/include/ruby-2.6.0/ruby/ruby.h:1826:23: note: expanded from macro 'rb_intern'
 1826 |         __extension__ (RUBY_CONST_ID_CACHE((ID), (str))) : \
      |                       ^
mimic_json.c:858:46: note: '{' token is here
  858 |     state_class = rb_const_get_at(generator, rb_intern("State"));
      |                                              ^~~~~~~~~~~~~~~~~~
/Library/Developer/CommandLineTools/SDKs/MacOSX.sdk/System/Library/Frameworks/Ruby.framework/Versions/2.6/usr/include/ruby-2.6.0/ruby/ruby.h:1826:24: note: expanded from macro 'rb_intern'
 1826 |         __extension__ (RUBY_CONST_ID_CACHE((ID), (str))) : \
      |                        ^~~~~~~~~~~~~~~~~~~~~~~~~~~~~~~~
/Library/Developer/CommandLineTools/SDKs/MacOSX.sdk/System/Library/Frameworks/Ruby.framework/Versions/2.6/usr/include/ruby-2.6.0/ruby/ruby.h:1811:5: note: expanded from macro 'RUBY_CONST_ID_CACHE'
 1811 |     {                                                   \
      |     ^
mimic_json.c:858:46: warning: '}' and ')' tokens terminating statement expression appear in different macro expansion contexts [-Wcompound-token-split-by-macro]
  858 |     state_class = rb_const_get_at(generator, rb_intern("State"));
      |                                              ^~~~~~~~~~~~~~~~~~
/Library/Developer/CommandLineTools/SDKs/MacOSX.sdk/System/Library/Frameworks/Ruby.framework/Versions/2.6/usr/include/ruby-2.6.0/ruby/ruby.h:1826:24: note: expanded from macro 'rb_intern'
 1826 |         __extension__ (RUBY_CONST_ID_CACHE((ID), (str))) : \
      |                        ^~~~~~~~~~~~~~~~~~~~~~~~~~~~~~~~
/Library/Developer/CommandLineTools/SDKs/MacOSX.sdk/System/Library/Frameworks/Ruby.framework/Versions/2.6/usr/include/ruby-2.6.0/ruby/ruby.h:1816:5: note: expanded from macro 'RUBY_CONST_ID_CACHE'
 1816 |     }
      |     ^
mimic_json.c:858:46: note: ')' token is here
  858 |     state_class = rb_const_get_at(generator, rb_intern("State"));
      |                                              ^~~~~~~~~~~~~~~~~~
/Library/Developer/CommandLineTools/SDKs/MacOSX.sdk/System/Library/Frameworks/Ruby.framework/Versions/2.6/usr/include/ruby-2.6.0/ruby/ruby.h:1826:56: note: expanded from macro 'rb_intern'
 1826 |         __extension__ (RUBY_CONST_ID_CACHE((ID), (str))) : \
      |                                                        ^
mimic_json.c:874:41: warning: '(' and '{' tokens introducing statement expression appear in different macro expansion contexts [-Wcompound-token-split-by-macro]
  874 |     if (rb_const_defined_at(rb_cObject, rb_intern("JSON"))) {
      |                                         ^~~~~~~~~~~~~~~~~
/Library/Developer/CommandLineTools/SDKs/MacOSX.sdk/System/Library/Frameworks/Ruby.framework/Versions/2.6/usr/include/ruby-2.6.0/ruby/ruby.h:1826:23: note: expanded from macro 'rb_intern'
 1826 |         __extension__ (RUBY_CONST_ID_CACHE((ID), (str))) : \
      |                       ^
mimic_json.c:874:41: note: '{' token is here
  874 |     if (rb_const_defined_at(rb_cObject, rb_intern("JSON"))) {
      |                                         ^~~~~~~~~~~~~~~~~
/Library/Developer/CommandLineTools/SDKs/MacOSX.sdk/System/Library/Frameworks/Ruby.framework/Versions/2.6/usr/include/ruby-2.6.0/ruby/ruby.h:1826:24: note: expanded from macro 'rb_intern'
 1826 |         __extension__ (RUBY_CONST_ID_CACHE((ID), (str))) : \
      |                        ^~~~~~~~~~~~~~~~~~~~~~~~~~~~~~~~
/Library/Developer/CommandLineTools/SDKs/MacOSX.sdk/System/Library/Frameworks/Ruby.framework/Versions/2.6/usr/include/ruby-2.6.0/ruby/ruby.h:1811:5: note: expanded from macro 'RUBY_CONST_ID_CACHE'
 1811 |     {                                                   \
      |     ^
mimic_json.c:874:41: warning: '}' and ')' tokens terminating statement expression appear in different macro expansion contexts [-Wcompound-token-split-by-macro]
  874 |     if (rb_const_defined_at(rb_cObject, rb_intern("JSON"))) {
      |                                         ^~~~~~~~~~~~~~~~~
/Library/Developer/CommandLineTools/SDKs/MacOSX.sdk/System/Library/Frameworks/Ruby.framework/Versions/2.6/usr/include/ruby-2.6.0/ruby/ruby.h:1826:24: note: expanded from macro 'rb_intern'
 1826 |         __extension__ (RUBY_CONST_ID_CACHE((ID), (str))) : \
      |                        ^~~~~~~~~~~~~~~~~~~~~~~~~~~~~~~~
/Library/Developer/CommandLineTools/SDKs/MacOSX.sdk/System/Library/Frameworks/Ruby.framework/Versions/2.6/usr/include/ruby-2.6.0/ruby/ruby.h:1816:5: note: expanded from macro 'RUBY_CONST_ID_CACHE'
 1816 |     }
      |     ^
mimic_json.c:874:41: note: ')' token is here
  874 |     if (rb_const_defined_at(rb_cObject, rb_intern("JSON"))) {
      |                                         ^~~~~~~~~~~~~~~~~
/Library/Developer/CommandLineTools/SDKs/MacOSX.sdk/System/Library/Frameworks/Ruby.framework/Versions/2.6/usr/include/ruby-2.6.0/ruby/ruby.h:1826:56: note: expanded from macro 'rb_intern'
 1826 |         __extension__ (RUBY_CONST_ID_CACHE((ID), (str))) : \
      |                                                        ^
mimic_json.c:875:44: warning: '(' and '{' tokens introducing statement expression appear in different macro expansion contexts [-Wcompound-token-split-by-macro]
  875 |         json = rb_const_get_at(rb_cObject, rb_intern("JSON"));
      |                                            ^~~~~~~~~~~~~~~~~
/Library/Developer/CommandLineTools/SDKs/MacOSX.sdk/System/Library/Frameworks/Ruby.framework/Versions/2.6/usr/include/ruby-2.6.0/ruby/ruby.h:1826:23: note: expanded from macro 'rb_intern'
 1826 |         __extension__ (RUBY_CONST_ID_CACHE((ID), (str))) : \
      |                       ^
mimic_json.c:875:44: note: '{' token is here
  875 |         json = rb_const_get_at(rb_cObject, rb_intern("JSON"));
      |                                            ^~~~~~~~~~~~~~~~~
/Library/Developer/CommandLineTools/SDKs/MacOSX.sdk/System/Library/Frameworks/Ruby.framework/Versions/2.6/usr/include/ruby-2.6.0/ruby/ruby.h:1826:24: note: expanded from macro 'rb_intern'
 1826 |         __extension__ (RUBY_CONST_ID_CACHE((ID), (str))) : \
      |                        ^~~~~~~~~~~~~~~~~~~~~~~~~~~~~~~~
/Library/Developer/CommandLineTools/SDKs/MacOSX.sdk/System/Library/Frameworks/Ruby.framework/Versions/2.6/usr/include/ruby-2.6.0/ruby/ruby.h:1811:5: note: expanded from macro 'RUBY_CONST_ID_CACHE'
 1811 |     {                                                   \
      |     ^
mimic_json.c:875:44: warning: '}' and ')' tokens terminating statement expression appear in different macro expansion contexts [-Wcompound-token-split-by-macro]
  875 |         json = rb_const_get_at(rb_cObject, rb_intern("JSON"));
      |                                            ^~~~~~~~~~~~~~~~~
/Library/Developer/CommandLineTools/SDKs/MacOSX.sdk/System/Library/Frameworks/Ruby.framework/Versions/2.6/usr/include/ruby-2.6.0/ruby/ruby.h:1826:24: note: expanded from macro 'rb_intern'
 1826 |         __extension__ (RUBY_CONST_ID_CACHE((ID), (str))) : \
      |                        ^~~~~~~~~~~~~~~~~~~~~~~~~~~~~~~~
/Library/Developer/CommandLineTools/SDKs/MacOSX.sdk/System/Library/Frameworks/Ruby.framework/Versions/2.6/usr/include/ruby-2.6.0/ruby/ruby.h:1816:5: note: expanded from macro 'RUBY_CONST_ID_CACHE'
 1816 |     }
      |     ^
mimic_json.c:875:44: note: ')' token is here
  875 |         json = rb_const_get_at(rb_cObject, rb_intern("JSON"));
      |                                            ^~~~~~~~~~~~~~~~~
/Library/Developer/CommandLineTools/SDKs/MacOSX.sdk/System/Library/Frameworks/Ruby.framework/Versions/2.6/usr/include/ruby-2.6.0/ruby/ruby.h:1826:56: note: expanded from macro 'rb_intern'
 1826 |         __extension__ (RUBY_CONST_ID_CACHE((ID), (str))) : \
      |                                                        ^
mimic_json.c:889:29: warning: '(' and '{' tokens introducing statement expression appear in different macro expansion contexts [-Wcompound-token-split-by-macro]
  889 |             rb_funcall2(Oj, rb_intern("mimic_loaded"), 1, mimic_args);
      |                             ^~~~~~~~~~~~~~~~~~~~~~~~~
/Library/Developer/CommandLineTools/SDKs/MacOSX.sdk/System/Library/Frameworks/Ruby.framework/Versions/2.6/usr/include/ruby-2.6.0/ruby/ruby.h:1826:23: note: expanded from macro 'rb_intern'
 1826 |         __extension__ (RUBY_CONST_ID_CACHE((ID), (str))) : \
      |                       ^
mimic_json.c:889:29: note: '{' token is here
  889 |             rb_funcall2(Oj, rb_intern("mimic_loaded"), 1, mimic_args);
      |                             ^~~~~~~~~~~~~~~~~~~~~~~~~
/Library/Developer/CommandLineTools/SDKs/MacOSX.sdk/System/Library/Frameworks/Ruby.framework/Versions/2.6/usr/include/ruby-2.6.0/ruby/ruby.h:1826:24: note: expanded from macro 'rb_intern'
 1826 |         __extension__ (RUBY_CONST_ID_CACHE((ID), (str))) : \
      |                        ^~~~~~~~~~~~~~~~~~~~~~~~~~~~~~~~
/Library/Developer/CommandLineTools/SDKs/MacOSX.sdk/System/Library/Frameworks/Ruby.framework/Versions/2.6/usr/include/ruby-2.6.0/ruby/ruby.h:1811:5: note: expanded from macro 'RUBY_CONST_ID_CACHE'
 1811 |     {                                                   \
      |     ^
mimic_json.c:889:29: warning: '}' and ')' tokens terminating statement expression appear in different macro expansion contexts [-Wcompound-token-split-by-macro]
  889 |             rb_funcall2(Oj, rb_intern("mimic_loaded"), 1, mimic_args);
      |                             ^~~~~~~~~~~~~~~~~~~~~~~~~
/Library/Developer/CommandLineTools/SDKs/MacOSX.sdk/System/Library/Frameworks/Ruby.framework/Versions/2.6/usr/include/ruby-2.6.0/ruby/ruby.h:1826:24: note: expanded from macro 'rb_intern'
 1826 |         __extension__ (RUBY_CONST_ID_CACHE((ID), (str))) : \
      |                        ^~~~~~~~~~~~~~~~~~~~~~~~~~~~~~~~
/Library/Developer/CommandLineTools/SDKs/MacOSX.sdk/System/Library/Frameworks/Ruby.framework/Versions/2.6/usr/include/ruby-2.6.0/ruby/ruby.h:1816:5: note: expanded from macro 'RUBY_CONST_ID_CACHE'
 1816 |     }
      |     ^
mimic_json.c:889:29: note: ')' token is here
  889 |             rb_funcall2(Oj, rb_intern("mimic_loaded"), 1, mimic_args);
      |                             ^~~~~~~~~~~~~~~~~~~~~~~~~
/Library/Developer/CommandLineTools/SDKs/MacOSX.sdk/System/Library/Frameworks/Ruby.framework/Versions/2.6/usr/include/ruby-2.6.0/ruby/ruby.h:1826:56: note: expanded from macro 'rb_intern'
 1826 |         __extension__ (RUBY_CONST_ID_CACHE((ID), (str))) : \
      |                                                        ^
mimic_json.c:891:29: warning: '(' and '{' tokens introducing statement expression appear in different macro expansion contexts [-Wcompound-token-split-by-macro]
  891 |             rb_funcall2(Oj, rb_intern("mimic_loaded"), 0, 0);
      |                             ^~~~~~~~~~~~~~~~~~~~~~~~~
/Library/Developer/CommandLineTools/SDKs/MacOSX.sdk/System/Library/Frameworks/Ruby.framework/Versions/2.6/usr/include/ruby-2.6.0/ruby/ruby.h:1826:23: note: expanded from macro 'rb_intern'
 1826 |         __extension__ (RUBY_CONST_ID_CACHE((ID), (str))) : \
      |                       ^
mimic_json.c:891:29: note: '{' token is here
  891 |             rb_funcall2(Oj, rb_intern("mimic_loaded"), 0, 0);
      |                             ^~~~~~~~~~~~~~~~~~~~~~~~~
/Library/Developer/CommandLineTools/SDKs/MacOSX.sdk/System/Library/Frameworks/Ruby.framework/Versions/2.6/usr/include/ruby-2.6.0/ruby/ruby.h:1826:24: note: expanded from macro 'rb_intern'
 1826 |         __extension__ (RUBY_CONST_ID_CACHE((ID), (str))) : \
      |                        ^~~~~~~~~~~~~~~~~~~~~~~~~~~~~~~~
/Library/Developer/CommandLineTools/SDKs/MacOSX.sdk/System/Library/Frameworks/Ruby.framework/Versions/2.6/usr/include/ruby-2.6.0/ruby/ruby.h:1811:5: note: expanded from macro 'RUBY_CONST_ID_CACHE'
 1811 |     {                                                   \
      |     ^
mimic_json.c:891:29: warning: '}' and ')' tokens terminating statement expression appear in different macro expansion contexts [-Wcompound-token-split-by-macro]
  891 |             rb_funcall2(Oj, rb_intern("mimic_loaded"), 0, 0);
      |                             ^~~~~~~~~~~~~~~~~~~~~~~~~
/Library/Developer/CommandLineTools/SDKs/MacOSX.sdk/System/Library/Frameworks/Ruby.framework/Versions/2.6/usr/include/ruby-2.6.0/ruby/ruby.h:1826:24: note: expanded from macro 'rb_intern'
 1826 |         __extension__ (RUBY_CONST_ID_CACHE((ID), (str))) : \
      |                        ^~~~~~~~~~~~~~~~~~~~~~~~~~~~~~~~
/Library/Developer/CommandLineTools/SDKs/MacOSX.sdk/System/Library/Frameworks/Ruby.framework/Versions/2.6/usr/include/ruby-2.6.0/ruby/ruby.h:1816:5: note: expanded from macro 'RUBY_CONST_ID_CACHE'
 1816 |     }
      |     ^
mimic_json.c:891:29: note: ')' token is here
  891 |             rb_funcall2(Oj, rb_intern("mimic_loaded"), 0, 0);
      |                             ^~~~~~~~~~~~~~~~~~~~~~~~~
/Library/Developer/CommandLineTools/SDKs/MacOSX.sdk/System/Library/Frameworks/Ruby.framework/Versions/2.6/usr/include/ruby-2.6.0/ruby/ruby.h:1826:56: note: expanded from macro 'rb_intern'
 1826 |         __extension__ (RUBY_CONST_ID_CACHE((ID), (str))) : \
      |                                                        ^
48 warnings generated.
compiling object.c
object.c:373:47: warning: '(' and '{' tokens introducing statement expression appear in different macro expansion contexts [-Wcompound-token-split-by-macro]
  373 |         parent->val = rb_funcall(parent->val, rb_intern("exception"), 1, value);
      |                                               ^~~~~~~~~~~~~~~~~~~~~~
/Library/Developer/CommandLineTools/SDKs/MacOSX.sdk/System/Library/Frameworks/Ruby.framework/Versions/2.6/usr/include/ruby-2.6.0/ruby/ruby.h:1826:23: note: expanded from macro 'rb_intern'
 1826 |         __extension__ (RUBY_CONST_ID_CACHE((ID), (str))) : \
      |                       ^
/Library/Developer/CommandLineTools/SDKs/MacOSX.sdk/System/Library/Frameworks/Ruby.framework/Versions/2.6/usr/include/ruby-2.6.0/ruby/ruby.h:2602:20: note: expanded from macro 'rb_funcall'
 2602 |         rb_funcallv(recv, mid, \
      |                           ^~~
object.c:373:47: note: '{' token is here
  373 |         parent->val = rb_funcall(parent->val, rb_intern("exception"), 1, value);
      |                                               ^~~~~~~~~~~~~~~~~~~~~~
/Library/Developer/CommandLineTools/SDKs/MacOSX.sdk/System/Library/Frameworks/Ruby.framework/Versions/2.6/usr/include/ruby-2.6.0/ruby/ruby.h:1826:24: note: expanded from macro 'rb_intern'
 1826 |         __extension__ (RUBY_CONST_ID_CACHE((ID), (str))) : \
      |                        ^~~~~~~~~~~~~~~~~~~~~~~~~~~~~~~~
/Library/Developer/CommandLineTools/SDKs/MacOSX.sdk/System/Library/Frameworks/Ruby.framework/Versions/2.6/usr/include/ruby-2.6.0/ruby/ruby.h:1811:5: note: expanded from macro 'RUBY_CONST_ID_CACHE'
 1811 |     {                                                   \
      |     ^
/Library/Developer/CommandLineTools/SDKs/MacOSX.sdk/System/Library/Frameworks/Ruby.framework/Versions/2.6/usr/include/ruby-2.6.0/ruby/ruby.h:2602:20: note: expanded from macro 'rb_funcall'
 2602 |         rb_funcallv(recv, mid, \
      |                           ^~~
object.c:373:47: warning: '}' and ')' tokens terminating statement expression appear in different macro expansion contexts [-Wcompound-token-split-by-macro]
  373 |         parent->val = rb_funcall(parent->val, rb_intern("exception"), 1, value);
      |                                               ^~~~~~~~~~~~~~~~~~~~~~
/Library/Developer/CommandLineTools/SDKs/MacOSX.sdk/System/Library/Frameworks/Ruby.framework/Versions/2.6/usr/include/ruby-2.6.0/ruby/ruby.h:1826:24: note: expanded from macro 'rb_intern'
 1826 |         __extension__ (RUBY_CONST_ID_CACHE((ID), (str))) : \
      |                        ^~~~~~~~~~~~~~~~~~~~~~~~~~~~~~~~
/Library/Developer/CommandLineTools/SDKs/MacOSX.sdk/System/Library/Frameworks/Ruby.framework/Versions/2.6/usr/include/ruby-2.6.0/ruby/ruby.h:1816:5: note: expanded from macro 'RUBY_CONST_ID_CACHE'
 1816 |     }
      |     ^
/Library/Developer/CommandLineTools/SDKs/MacOSX.sdk/System/Library/Frameworks/Ruby.framework/Versions/2.6/usr/include/ruby-2.6.0/ruby/ruby.h:2602:20: note: expanded from macro 'rb_funcall'
 2602 |         rb_funcallv(recv, mid, \
      |                           ^~~
object.c:373:47: note: ')' token is here
  373 |         parent->val = rb_funcall(parent->val, rb_intern("exception"), 1, value);
      |                                               ^~~~~~~~~~~~~~~~~~~~~~
/Library/Developer/CommandLineTools/SDKs/MacOSX.sdk/System/Library/Frameworks/Ruby.framework/Versions/2.6/usr/include/ruby-2.6.0/ruby/ruby.h:1826:56: note: expanded from macro 'rb_intern'
 1826 |         __extension__ (RUBY_CONST_ID_CACHE((ID), (str))) : \
      |                                                        ^
/Library/Developer/CommandLineTools/SDKs/MacOSX.sdk/System/Library/Frameworks/Ruby.framework/Versions/2.6/usr/include/ruby-2.6.0/ruby/ruby.h:2602:20: note: expanded from macro 'rb_funcall'
 2602 |         rb_funcallv(recv, mid, \
      |                           ^~~
object.c:375:33: warning: '(' and '{' tokens introducing statement expression appear in different macro expansion contexts [-Wcompound-token-split-by-macro]
  375 |         rb_funcall(parent->val, rb_intern("set_backtrace"), 1, value);
      |                                 ^~~~~~~~~~~~~~~~~~~~~~~~~~
/Library/Developer/CommandLineTools/SDKs/MacOSX.sdk/System/Library/Frameworks/Ruby.framework/Versions/2.6/usr/include/ruby-2.6.0/ruby/ruby.h:1826:23: note: expanded from macro 'rb_intern'
 1826 |         __extension__ (RUBY_CONST_ID_CACHE((ID), (str))) : \
      |                       ^
/Library/Developer/CommandLineTools/SDKs/MacOSX.sdk/System/Library/Frameworks/Ruby.framework/Versions/2.6/usr/include/ruby-2.6.0/ruby/ruby.h:2602:20: note: expanded from macro 'rb_funcall'
 2602 |         rb_funcallv(recv, mid, \
      |                           ^~~
object.c:375:33: note: '{' token is here
  375 |         rb_funcall(parent->val, rb_intern("set_backtrace"), 1, value);
      |                                 ^~~~~~~~~~~~~~~~~~~~~~~~~~
/Library/Developer/CommandLineTools/SDKs/MacOSX.sdk/System/Library/Frameworks/Ruby.framework/Versions/2.6/usr/include/ruby-2.6.0/ruby/ruby.h:1826:24: note: expanded from macro 'rb_intern'
 1826 |         __extension__ (RUBY_CONST_ID_CACHE((ID), (str))) : \
      |                        ^~~~~~~~~~~~~~~~~~~~~~~~~~~~~~~~
/Library/Developer/CommandLineTools/SDKs/MacOSX.sdk/System/Library/Frameworks/Ruby.framework/Versions/2.6/usr/include/ruby-2.6.0/ruby/ruby.h:1811:5: note: expanded from macro 'RUBY_CONST_ID_CACHE'
 1811 |     {                                                   \
      |     ^
/Library/Developer/CommandLineTools/SDKs/MacOSX.sdk/System/Library/Frameworks/Ruby.framework/Versions/2.6/usr/include/ruby-2.6.0/ruby/ruby.h:2602:20: note: expanded from macro 'rb_funcall'
 2602 |         rb_funcallv(recv, mid, \
      |                           ^~~
object.c:375:33: warning: '}' and ')' tokens terminating statement expression appear in different macro expansion contexts [-Wcompound-token-split-by-macro]
  375 |         rb_funcall(parent->val, rb_intern("set_backtrace"), 1, value);
      |                                 ^~~~~~~~~~~~~~~~~~~~~~~~~~
/Library/Developer/CommandLineTools/SDKs/MacOSX.sdk/System/Library/Frameworks/Ruby.framework/Versions/2.6/usr/include/ruby-2.6.0/ruby/ruby.h:1826:24: note: expanded from macro 'rb_intern'
 1826 |         __extension__ (RUBY_CONST_ID_CACHE((ID), (str))) : \
      |                        ^~~~~~~~~~~~~~~~~~~~~~~~~~~~~~~~
/Library/Developer/CommandLineTools/SDKs/MacOSX.sdk/System/Library/Frameworks/Ruby.framework/Versions/2.6/usr/include/ruby-2.6.0/ruby/ruby.h:1816:5: note: expanded from macro 'RUBY_CONST_ID_CACHE'
 1816 |     }
      |     ^
/Library/Developer/CommandLineTools/SDKs/MacOSX.sdk/System/Library/Frameworks/Ruby.framework/Versions/2.6/usr/include/ruby-2.6.0/ruby/ruby.h:2602:20: note: expanded from macro 'rb_funcall'
 2602 |         rb_funcallv(recv, mid, \
      |                           ^~~
object.c:375:33: note: ')' token is here
  375 |         rb_funcall(parent->val, rb_intern("set_backtrace"), 1, value);
      |                                 ^~~~~~~~~~~~~~~~~~~~~~~~~~
/Library/Developer/CommandLineTools/SDKs/MacOSX.sdk/System/Library/Frameworks/Ruby.framework/Versions/2.6/usr/include/ruby-2.6.0/ruby/ruby.h:1826:56: note: expanded from macro 'rb_intern'
 1826 |         __extension__ (RUBY_CONST_ID_CACHE((ID), (str))) : \
      |                                                        ^
/Library/Developer/CommandLineTools/SDKs/MacOSX.sdk/System/Library/Frameworks/Ruby.framework/Versions/2.6/usr/include/ruby-2.6.0/ruby/ruby.h:2602:20: note: expanded from macro 'rb_funcall'
 2602 |         rb_funcallv(recv, mid, \
      |                           ^~~
4 warnings generated.
compiling odd.c
odd.c:23:47: warning: '(' and '{' tokens introducing statement expression appear in different macro expansion contexts [-Wcompound-token-split-by-macro]
   23 |     odd->clas      = rb_const_get(rb_cObject, rb_intern(classname));
      |                                               ^~~~~~~~~~~~~~~~~~~~
/Library/Developer/CommandLineTools/SDKs/MacOSX.sdk/System/Library/Frameworks/Ruby.framework/Versions/2.6/usr/include/ruby-2.6.0/ruby/ruby.h:1826:23: note: expanded from macro 'rb_intern'
 1826 |         __extension__ (RUBY_CONST_ID_CACHE((ID), (str))) : \
      |                       ^
odd.c:23:47: note: '{' token is here
   23 |     odd->clas      = rb_const_get(rb_cObject, rb_intern(classname));
      |                                               ^~~~~~~~~~~~~~~~~~~~
/Library/Developer/CommandLineTools/SDKs/MacOSX.sdk/System/Library/Frameworks/Ruby.framework/Versions/2.6/usr/include/ruby-2.6.0/ruby/ruby.h:1826:24: note: expanded from macro 'rb_intern'
 1826 |         __extension__ (RUBY_CONST_ID_CACHE((ID), (str))) : \
      |                        ^~~~~~~~~~~~~~~~~~~~~~~~~~~~~~~~
/Library/Developer/CommandLineTools/SDKs/MacOSX.sdk/System/Library/Frameworks/Ruby.framework/Versions/2.6/usr/include/ruby-2.6.0/ruby/ruby.h:1811:5: note: expanded from macro 'RUBY_CONST_ID_CACHE'
 1811 |     {                                                   \
      |     ^
odd.c:23:47: warning: '}' and ')' tokens terminating statement expression appear in different macro expansion contexts [-Wcompound-token-split-by-macro]
   23 |     odd->clas      = rb_const_get(rb_cObject, rb_intern(classname));
      |                                               ^~~~~~~~~~~~~~~~~~~~
/Library/Developer/CommandLineTools/SDKs/MacOSX.sdk/System/Library/Frameworks/Ruby.framework/Versions/2.6/usr/include/ruby-2.6.0/ruby/ruby.h:1826:24: note: expanded from macro 'rb_intern'
 1826 |         __extension__ (RUBY_CONST_ID_CACHE((ID), (str))) : \
      |                        ^~~~~~~~~~~~~~~~~~~~~~~~~~~~~~~~
/Library/Developer/CommandLineTools/SDKs/MacOSX.sdk/System/Library/Frameworks/Ruby.framework/Versions/2.6/usr/include/ruby-2.6.0/ruby/ruby.h:1816:5: note: expanded from macro 'RUBY_CONST_ID_CACHE'
 1816 |     }
      |     ^
odd.c:23:47: note: ')' token is here
   23 |     odd->clas      = rb_const_get(rb_cObject, rb_intern(classname));
      |                                               ^~~~~~~~~~~~~~~~~~~~
/Library/Developer/CommandLineTools/SDKs/MacOSX.sdk/System/Library/Frameworks/Ruby.framework/Versions/2.6/usr/include/ruby-2.6.0/ruby/ruby.h:1826:56: note: expanded from macro 'rb_intern'
 1826 |         __extension__ (RUBY_CONST_ID_CACHE((ID), (str))) : \
      |                                                        ^
odd.c:27:22: warning: '(' and '{' tokens introducing statement expression appear in different macro expansion contexts [-Wcompound-token-split-by-macro]
   27 |     odd->create_op = rb_intern("new");
      |                      ^~~~~~~~~~~~~~~~
/Library/Developer/CommandLineTools/SDKs/MacOSX.sdk/System/Library/Frameworks/Ruby.framework/Versions/2.6/usr/include/ruby-2.6.0/ruby/ruby.h:1826:23: note: expanded from macro 'rb_intern'
 1826 |         __extension__ (RUBY_CONST_ID_CACHE((ID), (str))) : \
      |                       ^
odd.c:27:22: note: '{' token is here
   27 |     odd->create_op = rb_intern("new");
      |                      ^~~~~~~~~~~~~~~~
/Library/Developer/CommandLineTools/SDKs/MacOSX.sdk/System/Library/Frameworks/Ruby.framework/Versions/2.6/usr/include/ruby-2.6.0/ruby/ruby.h:1826:24: note: expanded from macro 'rb_intern'
 1826 |         __extension__ (RUBY_CONST_ID_CACHE((ID), (str))) : \
      |                        ^~~~~~~~~~~~~~~~~~~~~~~~~~~~~~~~
/Library/Developer/CommandLineTools/SDKs/MacOSX.sdk/System/Library/Frameworks/Ruby.framework/Versions/2.6/usr/include/ruby-2.6.0/ruby/ruby.h:1811:5: note: expanded from macro 'RUBY_CONST_ID_CACHE'
 1811 |     {                                                   \
      |     ^
odd.c:27:22: warning: '}' and ')' tokens terminating statement expression appear in different macro expansion contexts [-Wcompound-token-split-by-macro]
   27 |     odd->create_op = rb_intern("new");
      |                      ^~~~~~~~~~~~~~~~
/Library/Developer/CommandLineTools/SDKs/MacOSX.sdk/System/Library/Frameworks/Ruby.framework/Versions/2.6/usr/include/ruby-2.6.0/ruby/ruby.h:1826:24: note: expanded from macro 'rb_intern'
 1826 |         __extension__ (RUBY_CONST_ID_CACHE((ID), (str))) : \
      |                        ^~~~~~~~~~~~~~~~~~~~~~~~~~~~~~~~
/Library/Developer/CommandLineTools/SDKs/MacOSX.sdk/System/Library/Frameworks/Ruby.framework/Versions/2.6/usr/include/ruby-2.6.0/ruby/ruby.h:1816:5: note: expanded from macro 'RUBY_CONST_ID_CACHE'
 1816 |     }
      |     ^
odd.c:27:22: note: ')' token is here
   27 |     odd->create_op = rb_intern("new");
      |                      ^~~~~~~~~~~~~~~~
/Library/Developer/CommandLineTools/SDKs/MacOSX.sdk/System/Library/Frameworks/Ruby.framework/Versions/2.6/usr/include/ruby-2.6.0/ruby/ruby.h:1826:56: note: expanded from macro 'rb_intern'
 1826 |         __extension__ (RUBY_CONST_ID_CACHE((ID), (str))) : \
      |                                                        ^
odd.c:31:16: warning: '(' and '{' tokens introducing statement expression appear in different macro expansion contexts [-Wcompound-token-split-by-macro]
   31 |         *idp = rb_intern(*np);
      |                ^~~~~~~~~~~~~~
/Library/Developer/CommandLineTools/SDKs/MacOSX.sdk/System/Library/Frameworks/Ruby.framework/Versions/2.6/usr/include/ruby-2.6.0/ruby/ruby.h:1826:23: note: expanded from macro 'rb_intern'
 1826 |         __extension__ (RUBY_CONST_ID_CACHE((ID), (str))) : \
      |                       ^
odd.c:31:16: note: '{' token is here
   31 |         *idp = rb_intern(*np);
      |                ^~~~~~~~~~~~~~
/Library/Developer/CommandLineTools/SDKs/MacOSX.sdk/System/Library/Frameworks/Ruby.framework/Versions/2.6/usr/include/ruby-2.6.0/ruby/ruby.h:1826:24: note: expanded from macro 'rb_intern'
 1826 |         __extension__ (RUBY_CONST_ID_CACHE((ID), (str))) : \
      |                        ^~~~~~~~~~~~~~~~~~~~~~~~~~~~~~~~
/Library/Developer/CommandLineTools/SDKs/MacOSX.sdk/System/Library/Frameworks/Ruby.framework/Versions/2.6/usr/include/ruby-2.6.0/ruby/ruby.h:1811:5: note: expanded from macro 'RUBY_CONST_ID_CACHE'
 1811 |     {                                                   \
      |     ^
odd.c:31:16: warning: '}' and ')' tokens terminating statement expression appear in different macro expansion contexts [-Wcompound-token-split-by-macro]
   31 |         *idp = rb_intern(*np);
      |                ^~~~~~~~~~~~~~
/Library/Developer/CommandLineTools/SDKs/MacOSX.sdk/System/Library/Frameworks/Ruby.framework/Versions/2.6/usr/include/ruby-2.6.0/ruby/ruby.h:1826:24: note: expanded from macro 'rb_intern'
 1826 |         __extension__ (RUBY_CONST_ID_CACHE((ID), (str))) : \
      |                        ^~~~~~~~~~~~~~~~~~~~~~~~~~~~~~~~
/Library/Developer/CommandLineTools/SDKs/MacOSX.sdk/System/Library/Frameworks/Ruby.framework/Versions/2.6/usr/include/ruby-2.6.0/ruby/ruby.h:1816:5: note: expanded from macro 'RUBY_CONST_ID_CACHE'
 1816 |     }
      |     ^
odd.c:31:16: note: ')' token is here
   31 |         *idp = rb_intern(*np);
      |                ^~~~~~~~~~~~~~
/Library/Developer/CommandLineTools/SDKs/MacOSX.sdk/System/Library/Frameworks/Ruby.framework/Versions/2.6/usr/include/ruby-2.6.0/ruby/ruby.h:1826:56: note: expanded from macro 'rb_intern'
 1826 |         __extension__ (RUBY_CONST_ID_CACHE((ID), (str))) : \
      |                                                        ^
odd.c:85:23: warning: '(' and '{' tokens introducing statement expression appear in different macro expansion contexts [-Wcompound-token-split-by-macro]
   85 |     sec_id          = rb_intern("sec");
      |                       ^~~~~~~~~~~~~~~~
/Library/Developer/CommandLineTools/SDKs/MacOSX.sdk/System/Library/Frameworks/Ruby.framework/Versions/2.6/usr/include/ruby-2.6.0/ruby/ruby.h:1826:23: note: expanded from macro 'rb_intern'
 1826 |         __extension__ (RUBY_CONST_ID_CACHE((ID), (str))) : \
      |                       ^
odd.c:85:23: note: '{' token is here
   85 |     sec_id          = rb_intern("sec");
      |                       ^~~~~~~~~~~~~~~~
/Library/Developer/CommandLineTools/SDKs/MacOSX.sdk/System/Library/Frameworks/Ruby.framework/Versions/2.6/usr/include/ruby-2.6.0/ruby/ruby.h:1826:24: note: expanded from macro 'rb_intern'
 1826 |         __extension__ (RUBY_CONST_ID_CACHE((ID), (str))) : \
      |                        ^~~~~~~~~~~~~~~~~~~~~~~~~~~~~~~~
/Library/Developer/CommandLineTools/SDKs/MacOSX.sdk/System/Library/Frameworks/Ruby.framework/Versions/2.6/usr/include/ruby-2.6.0/ruby/ruby.h:1811:5: note: expanded from macro 'RUBY_CONST_ID_CACHE'
 1811 |     {                                                   \
      |     ^
odd.c:85:23: warning: '}' and ')' tokens terminating statement expression appear in different macro expansion contexts [-Wcompound-token-split-by-macro]
   85 |     sec_id          = rb_intern("sec");
      |                       ^~~~~~~~~~~~~~~~
/Library/Developer/CommandLineTools/SDKs/MacOSX.sdk/System/Library/Frameworks/Ruby.framework/Versions/2.6/usr/include/ruby-2.6.0/ruby/ruby.h:1826:24: note: expanded from macro 'rb_intern'
 1826 |         __extension__ (RUBY_CONST_ID_CACHE((ID), (str))) : \
      |                        ^~~~~~~~~~~~~~~~~~~~~~~~~~~~~~~~
/Library/Developer/CommandLineTools/SDKs/MacOSX.sdk/System/Library/Frameworks/Ruby.framework/Versions/2.6/usr/include/ruby-2.6.0/ruby/ruby.h:1816:5: note: expanded from macro 'RUBY_CONST_ID_CACHE'
 1816 |     }
      |     ^
odd.c:85:23: note: ')' token is here
   85 |     sec_id          = rb_intern("sec");
      |                       ^~~~~~~~~~~~~~~~
/Library/Developer/CommandLineTools/SDKs/MacOSX.sdk/System/Library/Frameworks/Ruby.framework/Versions/2.6/usr/include/ruby-2.6.0/ruby/ruby.h:1826:56: note: expanded from macro 'rb_intern'
 1826 |         __extension__ (RUBY_CONST_ID_CACHE((ID), (str))) : \
      |                                                        ^
odd.c:86:23: warning: '(' and '{' tokens introducing statement expression appear in different macro expansion contexts [-Wcompound-token-split-by-macro]
   86 |     sec_fraction_id = rb_intern("sec_fraction");
      |                       ^~~~~~~~~~~~~~~~~~~~~~~~~
/Library/Developer/CommandLineTools/SDKs/MacOSX.sdk/System/Library/Frameworks/Ruby.framework/Versions/2.6/usr/include/ruby-2.6.0/ruby/ruby.h:1826:23: note: expanded from macro 'rb_intern'
 1826 |         __extension__ (RUBY_CONST_ID_CACHE((ID), (str))) : \
      |                       ^
odd.c:86:23: note: '{' token is here
   86 |     sec_fraction_id = rb_intern("sec_fraction");
      |                       ^~~~~~~~~~~~~~~~~~~~~~~~~
/Library/Developer/CommandLineTools/SDKs/MacOSX.sdk/System/Library/Frameworks/Ruby.framework/Versions/2.6/usr/include/ruby-2.6.0/ruby/ruby.h:1826:24: note: expanded from macro 'rb_intern'
 1826 |         __extension__ (RUBY_CONST_ID_CACHE((ID), (str))) : \
      |                        ^~~~~~~~~~~~~~~~~~~~~~~~~~~~~~~~
/Library/Developer/CommandLineTools/SDKs/MacOSX.sdk/System/Library/Frameworks/Ruby.framework/Versions/2.6/usr/include/ruby-2.6.0/ruby/ruby.h:1811:5: note: expanded from macro 'RUBY_CONST_ID_CACHE'
 1811 |     {                                                   \
      |     ^
odd.c:86:23: warning: '}' and ')' tokens terminating statement expression appear in different macro expansion contexts [-Wcompound-token-split-by-macro]
   86 |     sec_fraction_id = rb_intern("sec_fraction");
      |                       ^~~~~~~~~~~~~~~~~~~~~~~~~
/Library/Developer/CommandLineTools/SDKs/MacOSX.sdk/System/Library/Frameworks/Ruby.framework/Versions/2.6/usr/include/ruby-2.6.0/ruby/ruby.h:1826:24: note: expanded from macro 'rb_intern'
 1826 |         __extension__ (RUBY_CONST_ID_CACHE((ID), (str))) : \
      |                        ^~~~~~~~~~~~~~~~~~~~~~~~~~~~~~~~
/Library/Developer/CommandLineTools/SDKs/MacOSX.sdk/System/Library/Frameworks/Ruby.framework/Versions/2.6/usr/include/ruby-2.6.0/ruby/ruby.h:1816:5: note: expanded from macro 'RUBY_CONST_ID_CACHE'
 1816 |     }
      |     ^
odd.c:86:23: note: ')' token is here
   86 |     sec_fraction_id = rb_intern("sec_fraction");
      |                       ^~~~~~~~~~~~~~~~~~~~~~~~~
/Library/Developer/CommandLineTools/SDKs/MacOSX.sdk/System/Library/Frameworks/Ruby.framework/Versions/2.6/usr/include/ruby-2.6.0/ruby/ruby.h:1826:56: note: expanded from macro 'rb_intern'
 1826 |         __extension__ (RUBY_CONST_ID_CACHE((ID), (str))) : \
      |                                                        ^
odd.c:87:23: warning: '(' and '{' tokens introducing statement expression appear in different macro expansion contexts [-Wcompound-token-split-by-macro]
   87 |     to_f_id         = rb_intern("to_f");
      |                       ^~~~~~~~~~~~~~~~~
/Library/Developer/CommandLineTools/SDKs/MacOSX.sdk/System/Library/Frameworks/Ruby.framework/Versions/2.6/usr/include/ruby-2.6.0/ruby/ruby.h:1826:23: note: expanded from macro 'rb_intern'
 1826 |         __extension__ (RUBY_CONST_ID_CACHE((ID), (str))) : \
      |                       ^
odd.c:87:23: note: '{' token is here
   87 |     to_f_id         = rb_intern("to_f");
      |                       ^~~~~~~~~~~~~~~~~
/Library/Developer/CommandLineTools/SDKs/MacOSX.sdk/System/Library/Frameworks/Ruby.framework/Versions/2.6/usr/include/ruby-2.6.0/ruby/ruby.h:1826:24: note: expanded from macro 'rb_intern'
 1826 |         __extension__ (RUBY_CONST_ID_CACHE((ID), (str))) : \
      |                        ^~~~~~~~~~~~~~~~~~~~~~~~~~~~~~~~
/Library/Developer/CommandLineTools/SDKs/MacOSX.sdk/System/Library/Frameworks/Ruby.framework/Versions/2.6/usr/include/ruby-2.6.0/ruby/ruby.h:1811:5: note: expanded from macro 'RUBY_CONST_ID_CACHE'
 1811 |     {                                                   \
      |     ^
odd.c:87:23: warning: '}' and ')' tokens terminating statement expression appear in different macro expansion contexts [-Wcompound-token-split-by-macro]
   87 |     to_f_id         = rb_intern("to_f");
      |                       ^~~~~~~~~~~~~~~~~
/Library/Developer/CommandLineTools/SDKs/MacOSX.sdk/System/Library/Frameworks/Ruby.framework/Versions/2.6/usr/include/ruby-2.6.0/ruby/ruby.h:1826:24: note: expanded from macro 'rb_intern'
 1826 |         __extension__ (RUBY_CONST_ID_CACHE((ID), (str))) : \
      |                        ^~~~~~~~~~~~~~~~~~~~~~~~~~~~~~~~
/Library/Developer/CommandLineTools/SDKs/MacOSX.sdk/System/Library/Frameworks/Ruby.framework/Versions/2.6/usr/include/ruby-2.6.0/ruby/ruby.h:1816:5: note: expanded from macro 'RUBY_CONST_ID_CACHE'
 1816 |     }
      |     ^
odd.c:87:23: note: ')' token is here
   87 |     to_f_id         = rb_intern("to_f");
      |                       ^~~~~~~~~~~~~~~~~
/Library/Developer/CommandLineTools/SDKs/MacOSX.sdk/System/Library/Frameworks/Ruby.framework/Versions/2.6/usr/include/ruby-2.6.0/ruby/ruby.h:1826:56: note: expanded from macro 'rb_intern'
 1826 |         __extension__ (RUBY_CONST_ID_CACHE((ID), (str))) : \
      |                                                        ^
odd.c:88:23: warning: '(' and '{' tokens introducing statement expression appear in different macro expansion contexts [-Wcompound-token-split-by-macro]
   88 |     numerator_id    = rb_intern("numerator");
      |                       ^~~~~~~~~~~~~~~~~~~~~~
/Library/Developer/CommandLineTools/SDKs/MacOSX.sdk/System/Library/Frameworks/Ruby.framework/Versions/2.6/usr/include/ruby-2.6.0/ruby/ruby.h:1826:23: note: expanded from macro 'rb_intern'
 1826 |         __extension__ (RUBY_CONST_ID_CACHE((ID), (str))) : \
      |                       ^
odd.c:88:23: note: '{' token is here
   88 |     numerator_id    = rb_intern("numerator");
      |                       ^~~~~~~~~~~~~~~~~~~~~~
/Library/Developer/CommandLineTools/SDKs/MacOSX.sdk/System/Library/Frameworks/Ruby.framework/Versions/2.6/usr/include/ruby-2.6.0/ruby/ruby.h:1826:24: note: expanded from macro 'rb_intern'
 1826 |         __extension__ (RUBY_CONST_ID_CACHE((ID), (str))) : \
      |                        ^~~~~~~~~~~~~~~~~~~~~~~~~~~~~~~~
/Library/Developer/CommandLineTools/SDKs/MacOSX.sdk/System/Library/Frameworks/Ruby.framework/Versions/2.6/usr/include/ruby-2.6.0/ruby/ruby.h:1811:5: note: expanded from macro 'RUBY_CONST_ID_CACHE'
 1811 |     {                                                   \
      |     ^
odd.c:88:23: warning: '}' and ')' tokens terminating statement expression appear in different macro expansion contexts [-Wcompound-token-split-by-macro]
   88 |     numerator_id    = rb_intern("numerator");
      |                       ^~~~~~~~~~~~~~~~~~~~~~
/Library/Developer/CommandLineTools/SDKs/MacOSX.sdk/System/Library/Frameworks/Ruby.framework/Versions/2.6/usr/include/ruby-2.6.0/ruby/ruby.h:1826:24: note: expanded from macro 'rb_intern'
 1826 |         __extension__ (RUBY_CONST_ID_CACHE((ID), (str))) : \
      |                        ^~~~~~~~~~~~~~~~~~~~~~~~~~~~~~~~
/Library/Developer/CommandLineTools/SDKs/MacOSX.sdk/System/Library/Frameworks/Ruby.framework/Versions/2.6/usr/include/ruby-2.6.0/ruby/ruby.h:1816:5: note: expanded from macro 'RUBY_CONST_ID_CACHE'
 1816 |     }
      |     ^
odd.c:88:23: note: ')' token is here
   88 |     numerator_id    = rb_intern("numerator");
      |                       ^~~~~~~~~~~~~~~~~~~~~~
/Library/Developer/CommandLineTools/SDKs/MacOSX.sdk/System/Library/Frameworks/Ruby.framework/Versions/2.6/usr/include/ruby-2.6.0/ruby/ruby.h:1826:56: note: expanded from macro 'rb_intern'
 1826 |         __extension__ (RUBY_CONST_ID_CACHE((ID), (str))) : \
      |                                                        ^
odd.c:89:23: warning: '(' and '{' tokens introducing statement expression appear in different macro expansion contexts [-Wcompound-token-split-by-macro]
   89 |     denominator_id  = rb_intern("denominator");
      |                       ^~~~~~~~~~~~~~~~~~~~~~~~
/Library/Developer/CommandLineTools/SDKs/MacOSX.sdk/System/Library/Frameworks/Ruby.framework/Versions/2.6/usr/include/ruby-2.6.0/ruby/ruby.h:1826:23: note: expanded from macro 'rb_intern'
 1826 |         __extension__ (RUBY_CONST_ID_CACHE((ID), (str))) : \
      |                       ^
odd.c:89:23: note: '{' token is here
   89 |     denominator_id  = rb_intern("denominator");
      |                       ^~~~~~~~~~~~~~~~~~~~~~~~
/Library/Developer/CommandLineTools/SDKs/MacOSX.sdk/System/Library/Frameworks/Ruby.framework/Versions/2.6/usr/include/ruby-2.6.0/ruby/ruby.h:1826:24: note: expanded from macro 'rb_intern'
 1826 |         __extension__ (RUBY_CONST_ID_CACHE((ID), (str))) : \
      |                        ^~~~~~~~~~~~~~~~~~~~~~~~~~~~~~~~
/Library/Developer/CommandLineTools/SDKs/MacOSX.sdk/System/Library/Frameworks/Ruby.framework/Versions/2.6/usr/include/ruby-2.6.0/ruby/ruby.h:1811:5: note: expanded from macro 'RUBY_CONST_ID_CACHE'
 1811 |     {                                                   \
      |     ^
odd.c:89:23: warning: '}' and ')' tokens terminating statement expression appear in different macro expansion contexts [-Wcompound-token-split-by-macro]
   89 |     denominator_id  = rb_intern("denominator");
      |                       ^~~~~~~~~~~~~~~~~~~~~~~~
/Library/Developer/CommandLineTools/SDKs/MacOSX.sdk/System/Library/Frameworks/Ruby.framework/Versions/2.6/usr/include/ruby-2.6.0/ruby/ruby.h:1826:24: note: expanded from macro 'rb_intern'
 1826 |         __extension__ (RUBY_CONST_ID_CACHE((ID), (str))) : \
      |                        ^~~~~~~~~~~~~~~~~~~~~~~~~~~~~~~~
/Library/Developer/CommandLineTools/SDKs/MacOSX.sdk/System/Library/Frameworks/Ruby.framework/Versions/2.6/usr/include/ruby-2.6.0/ruby/ruby.h:1816:5: note: expanded from macro 'RUBY_CONST_ID_CACHE'
 1816 |     }
      |     ^
odd.c:89:23: note: ')' token is here
   89 |     denominator_id  = rb_intern("denominator");
      |                       ^~~~~~~~~~~~~~~~~~~~~~~~
/Library/Developer/CommandLineTools/SDKs/MacOSX.sdk/System/Library/Frameworks/Ruby.framework/Versions/2.6/usr/include/ruby-2.6.0/ruby/ruby.h:1826:56: note: expanded from macro 'rb_intern'
 1826 |         __extension__ (RUBY_CONST_ID_CACHE((ID), (str))) : \
      |                                                        ^
odd.c:90:23: warning: '(' and '{' tokens introducing statement expression appear in different macro expansion contexts [-Wcompound-token-split-by-macro]
   90 |     rational_id     = rb_intern("Rational");
      |                       ^~~~~~~~~~~~~~~~~~~~~
/Library/Developer/CommandLineTools/SDKs/MacOSX.sdk/System/Library/Frameworks/Ruby.framework/Versions/2.6/usr/include/ruby-2.6.0/ruby/ruby.h:1826:23: note: expanded from macro 'rb_intern'
 1826 |         __extension__ (RUBY_CONST_ID_CACHE((ID), (str))) : \
      |                       ^
odd.c:90:23: note: '{' token is here
   90 |     rational_id     = rb_intern("Rational");
      |                       ^~~~~~~~~~~~~~~~~~~~~
/Library/Developer/CommandLineTools/SDKs/MacOSX.sdk/System/Library/Frameworks/Ruby.framework/Versions/2.6/usr/include/ruby-2.6.0/ruby/ruby.h:1826:24: note: expanded from macro 'rb_intern'
 1826 |         __extension__ (RUBY_CONST_ID_CACHE((ID), (str))) : \
      |                        ^~~~~~~~~~~~~~~~~~~~~~~~~~~~~~~~
/Library/Developer/CommandLineTools/SDKs/MacOSX.sdk/System/Library/Frameworks/Ruby.framework/Versions/2.6/usr/include/ruby-2.6.0/ruby/ruby.h:1811:5: note: expanded from macro 'RUBY_CONST_ID_CACHE'
 1811 |     {                                                   \
      |     ^
odd.c:90:23: warning: '}' and ')' tokens terminating statement expression appear in different macro expansion contexts [-Wcompound-token-split-by-macro]
   90 |     rational_id     = rb_intern("Rational");
      |                       ^~~~~~~~~~~~~~~~~~~~~
/Library/Developer/CommandLineTools/SDKs/MacOSX.sdk/System/Library/Frameworks/Ruby.framework/Versions/2.6/usr/include/ruby-2.6.0/ruby/ruby.h:1826:24: note: expanded from macro 'rb_intern'
 1826 |         __extension__ (RUBY_CONST_ID_CACHE((ID), (str))) : \
      |                        ^~~~~~~~~~~~~~~~~~~~~~~~~~~~~~~~
/Library/Developer/CommandLineTools/SDKs/MacOSX.sdk/System/Library/Frameworks/Ruby.framework/Versions/2.6/usr/include/ruby-2.6.0/ruby/ruby.h:1816:5: note: expanded from macro 'RUBY_CONST_ID_CACHE'
 1816 |     }
      |     ^
odd.c:90:23: note: ')' token is here
   90 |     rational_id     = rb_intern("Rational");
      |                       ^~~~~~~~~~~~~~~~~~~~~
/Library/Developer/CommandLineTools/SDKs/MacOSX.sdk/System/Library/Frameworks/Ruby.framework/Versions/2.6/usr/include/ruby-2.6.0/ruby/ruby.h:1826:56: note: expanded from macro 'rb_intern'
 1826 |         __extension__ (RUBY_CONST_ID_CACHE((ID), (str))) : \
      |                                                        ^
odd.c:240:15: warning: '(' and '{' tokens introducing statement expression appear in different macro expansion contexts [-Wcompound-token-split-by-macro]
  240 |         *ap = rb_intern(*np);
      |               ^~~~~~~~~~~~~~
/Library/Developer/CommandLineTools/SDKs/MacOSX.sdk/System/Library/Frameworks/Ruby.framework/Versions/2.6/usr/include/ruby-2.6.0/ruby/ruby.h:1826:23: note: expanded from macro 'rb_intern'
 1826 |         __extension__ (RUBY_CONST_ID_CACHE((ID), (str))) : \
      |                       ^
odd.c:240:15: note: '{' token is here
  240 |         *ap = rb_intern(*np);
      |               ^~~~~~~~~~~~~~
/Library/Developer/CommandLineTools/SDKs/MacOSX.sdk/System/Library/Frameworks/Ruby.framework/Versions/2.6/usr/include/ruby-2.6.0/ruby/ruby.h:1826:24: note: expanded from macro 'rb_intern'
 1826 |         __extension__ (RUBY_CONST_ID_CACHE((ID), (str))) : \
      |                        ^~~~~~~~~~~~~~~~~~~~~~~~~~~~~~~~
/Library/Developer/CommandLineTools/SDKs/MacOSX.sdk/System/Library/Frameworks/Ruby.framework/Versions/2.6/usr/include/ruby-2.6.0/ruby/ruby.h:1811:5: note: expanded from macro 'RUBY_CONST_ID_CACHE'
 1811 |     {                                                   \
      |     ^
odd.c:240:15: warning: '}' and ')' tokens terminating statement expression appear in different macro expansion contexts [-Wcompound-token-split-by-macro]
  240 |         *ap = rb_intern(*np);
      |               ^~~~~~~~~~~~~~
/Library/Developer/CommandLineTools/SDKs/MacOSX.sdk/System/Library/Frameworks/Ruby.framework/Versions/2.6/usr/include/ruby-2.6.0/ruby/ruby.h:1826:24: note: expanded from macro 'rb_intern'
 1826 |         __extension__ (RUBY_CONST_ID_CACHE((ID), (str))) : \
      |                        ^~~~~~~~~~~~~~~~~~~~~~~~~~~~~~~~
/Library/Developer/CommandLineTools/SDKs/MacOSX.sdk/System/Library/Frameworks/Ruby.framework/Versions/2.6/usr/include/ruby-2.6.0/ruby/ruby.h:1816:5: note: expanded from macro 'RUBY_CONST_ID_CACHE'
 1816 |     }
      |     ^
odd.c:240:15: note: ')' token is here
  240 |         *ap = rb_intern(*np);
      |               ^~~~~~~~~~~~~~
/Library/Developer/CommandLineTools/SDKs/MacOSX.sdk/System/Library/Frameworks/Ruby.framework/Versions/2.6/usr/include/ruby-2.6.0/ruby/ruby.h:1826:56: note: expanded from macro 'rb_intern'
 1826 |         __extension__ (RUBY_CONST_ID_CACHE((ID), (str))) : \
      |                                                        ^
20 warnings generated.
compiling oj.c
oj.c:1822:32: warning: '(' and '{' tokens introducing statement expression appear in different macro expansion contexts [-Wcompound-token-split-by-macro]
 1822 |     oj_add_value_id          = rb_intern("add_value");
      |                                ^~~~~~~~~~~~~~~~~~~~~~
/Library/Developer/CommandLineTools/SDKs/MacOSX.sdk/System/Library/Frameworks/Ruby.framework/Versions/2.6/usr/include/ruby-2.6.0/ruby/ruby.h:1826:23: note: expanded from macro 'rb_intern'
 1826 |         __extension__ (RUBY_CONST_ID_CACHE((ID), (str))) : \
      |                       ^
oj.c:1822:32: note: '{' token is here
 1822 |     oj_add_value_id          = rb_intern("add_value");
      |                                ^~~~~~~~~~~~~~~~~~~~~~
/Library/Developer/CommandLineTools/SDKs/MacOSX.sdk/System/Library/Frameworks/Ruby.framework/Versions/2.6/usr/include/ruby-2.6.0/ruby/ruby.h:1826:24: note: expanded from macro 'rb_intern'
 1826 |         __extension__ (RUBY_CONST_ID_CACHE((ID), (str))) : \
      |                        ^~~~~~~~~~~~~~~~~~~~~~~~~~~~~~~~
/Library/Developer/CommandLineTools/SDKs/MacOSX.sdk/System/Library/Frameworks/Ruby.framework/Versions/2.6/usr/include/ruby-2.6.0/ruby/ruby.h:1811:5: note: expanded from macro 'RUBY_CONST_ID_CACHE'
 1811 |     {                                                   \
      |     ^
oj.c:1822:32: warning: '}' and ')' tokens terminating statement expression appear in different macro expansion contexts [-Wcompound-token-split-by-macro]
 1822 |     oj_add_value_id          = rb_intern("add_value");
      |                                ^~~~~~~~~~~~~~~~~~~~~~
/Library/Developer/CommandLineTools/SDKs/MacOSX.sdk/System/Library/Frameworks/Ruby.framework/Versions/2.6/usr/include/ruby-2.6.0/ruby/ruby.h:1826:24: note: expanded from macro 'rb_intern'
 1826 |         __extension__ (RUBY_CONST_ID_CACHE((ID), (str))) : \
      |                        ^~~~~~~~~~~~~~~~~~~~~~~~~~~~~~~~
/Library/Developer/CommandLineTools/SDKs/MacOSX.sdk/System/Library/Frameworks/Ruby.framework/Versions/2.6/usr/include/ruby-2.6.0/ruby/ruby.h:1816:5: note: expanded from macro 'RUBY_CONST_ID_CACHE'
 1816 |     }
      |     ^
oj.c:1822:32: note: ')' token is here
 1822 |     oj_add_value_id          = rb_intern("add_value");
      |                                ^~~~~~~~~~~~~~~~~~~~~~
/Library/Developer/CommandLineTools/SDKs/MacOSX.sdk/System/Library/Frameworks/Ruby.framework/Versions/2.6/usr/include/ruby-2.6.0/ruby/ruby.h:1826:56: note: expanded from macro 'rb_intern'
 1826 |         __extension__ (RUBY_CONST_ID_CACHE((ID), (str))) : \
      |                                                        ^
oj.c:1823:32: warning: '(' and '{' tokens introducing statement expression appear in different macro expansion contexts [-Wcompound-token-split-by-macro]
 1823 |     oj_array_append_id       = rb_intern("array_append");
      |                                ^~~~~~~~~~~~~~~~~~~~~~~~~
/Library/Developer/CommandLineTools/SDKs/MacOSX.sdk/System/Library/Frameworks/Ruby.framework/Versions/2.6/usr/include/ruby-2.6.0/ruby/ruby.h:1826:23: note: expanded from macro 'rb_intern'
 1826 |         __extension__ (RUBY_CONST_ID_CACHE((ID), (str))) : \
      |                       ^
oj.c:1823:32: note: '{' token is here
 1823 |     oj_array_append_id       = rb_intern("array_append");
      |                                ^~~~~~~~~~~~~~~~~~~~~~~~~
/Library/Developer/CommandLineTools/SDKs/MacOSX.sdk/System/Library/Frameworks/Ruby.framework/Versions/2.6/usr/include/ruby-2.6.0/ruby/ruby.h:1826:24: note: expanded from macro 'rb_intern'
 1826 |         __extension__ (RUBY_CONST_ID_CACHE((ID), (str))) : \
      |                        ^~~~~~~~~~~~~~~~~~~~~~~~~~~~~~~~
/Library/Developer/CommandLineTools/SDKs/MacOSX.sdk/System/Library/Frameworks/Ruby.framework/Versions/2.6/usr/include/ruby-2.6.0/ruby/ruby.h:1811:5: note: expanded from macro 'RUBY_CONST_ID_CACHE'
 1811 |     {                                                   \
      |     ^
oj.c:1823:32: warning: '}' and ')' tokens terminating statement expression appear in different macro expansion contexts [-Wcompound-token-split-by-macro]
 1823 |     oj_array_append_id       = rb_intern("array_append");
      |                                ^~~~~~~~~~~~~~~~~~~~~~~~~
/Library/Developer/CommandLineTools/SDKs/MacOSX.sdk/System/Library/Frameworks/Ruby.framework/Versions/2.6/usr/include/ruby-2.6.0/ruby/ruby.h:1826:24: note: expanded from macro 'rb_intern'
 1826 |         __extension__ (RUBY_CONST_ID_CACHE((ID), (str))) : \
      |                        ^~~~~~~~~~~~~~~~~~~~~~~~~~~~~~~~
/Library/Developer/CommandLineTools/SDKs/MacOSX.sdk/System/Library/Frameworks/Ruby.framework/Versions/2.6/usr/include/ruby-2.6.0/ruby/ruby.h:1816:5: note: expanded from macro 'RUBY_CONST_ID_CACHE'
 1816 |     }
      |     ^
oj.c:1823:32: note: ')' token is here
 1823 |     oj_array_append_id       = rb_intern("array_append");
      |                                ^~~~~~~~~~~~~~~~~~~~~~~~~
/Library/Developer/CommandLineTools/SDKs/MacOSX.sdk/System/Library/Frameworks/Ruby.framework/Versions/2.6/usr/include/ruby-2.6.0/ruby/ruby.h:1826:56: note: expanded from macro 'rb_intern'
 1826 |         __extension__ (RUBY_CONST_ID_CACHE((ID), (str))) : \
      |                                                        ^
oj.c:1824:32: warning: '(' and '{' tokens introducing statement expression appear in different macro expansion contexts [-Wcompound-token-split-by-macro]
 1824 |     oj_array_end_id          = rb_intern("array_end");
      |                                ^~~~~~~~~~~~~~~~~~~~~~
/Library/Developer/CommandLineTools/SDKs/MacOSX.sdk/System/Library/Frameworks/Ruby.framework/Versions/2.6/usr/include/ruby-2.6.0/ruby/ruby.h:1826:23: note: expanded from macro 'rb_intern'
 1826 |         __extension__ (RUBY_CONST_ID_CACHE((ID), (str))) : \
      |                       ^
oj.c:1824:32: note: '{' token is here
 1824 |     oj_array_end_id          = rb_intern("array_end");
      |                                ^~~~~~~~~~~~~~~~~~~~~~
/Library/Developer/CommandLineTools/SDKs/MacOSX.sdk/System/Library/Frameworks/Ruby.framework/Versions/2.6/usr/include/ruby-2.6.0/ruby/ruby.h:1826:24: note: expanded from macro 'rb_intern'
 1826 |         __extension__ (RUBY_CONST_ID_CACHE((ID), (str))) : \
      |                        ^~~~~~~~~~~~~~~~~~~~~~~~~~~~~~~~
/Library/Developer/CommandLineTools/SDKs/MacOSX.sdk/System/Library/Frameworks/Ruby.framework/Versions/2.6/usr/include/ruby-2.6.0/ruby/ruby.h:1811:5: note: expanded from macro 'RUBY_CONST_ID_CACHE'
 1811 |     {                                                   \
      |     ^
oj.c:1824:32: warning: '}' and ')' tokens terminating statement expression appear in different macro expansion contexts [-Wcompound-token-split-by-macro]
 1824 |     oj_array_end_id          = rb_intern("array_end");
      |                                ^~~~~~~~~~~~~~~~~~~~~~
/Library/Developer/CommandLineTools/SDKs/MacOSX.sdk/System/Library/Frameworks/Ruby.framework/Versions/2.6/usr/include/ruby-2.6.0/ruby/ruby.h:1826:24: note: expanded from macro 'rb_intern'
 1826 |         __extension__ (RUBY_CONST_ID_CACHE((ID), (str))) : \
      |                        ^~~~~~~~~~~~~~~~~~~~~~~~~~~~~~~~
/Library/Developer/CommandLineTools/SDKs/MacOSX.sdk/System/Library/Frameworks/Ruby.framework/Versions/2.6/usr/include/ruby-2.6.0/ruby/ruby.h:1816:5: note: expanded from macro 'RUBY_CONST_ID_CACHE'
 1816 |     }
      |     ^
oj.c:1824:32: note: ')' token is here
 1824 |     oj_array_end_id          = rb_intern("array_end");
      |                                ^~~~~~~~~~~~~~~~~~~~~~
/Library/Developer/CommandLineTools/SDKs/MacOSX.sdk/System/Library/Frameworks/Ruby.framework/Versions/2.6/usr/include/ruby-2.6.0/ruby/ruby.h:1826:56: note: expanded from macro 'rb_intern'
 1826 |         __extension__ (RUBY_CONST_ID_CACHE((ID), (str))) : \
      |                                                        ^
oj.c:1825:32: warning: '(' and '{' tokens introducing statement expression appear in different macro expansion contexts [-Wcompound-token-split-by-macro]
 1825 |     oj_array_start_id        = rb_intern("array_start");
      |                                ^~~~~~~~~~~~~~~~~~~~~~~~
/Library/Developer/CommandLineTools/SDKs/MacOSX.sdk/System/Library/Frameworks/Ruby.framework/Versions/2.6/usr/include/ruby-2.6.0/ruby/ruby.h:1826:23: note: expanded from macro 'rb_intern'
 1826 |         __extension__ (RUBY_CONST_ID_CACHE((ID), (str))) : \
      |                       ^
oj.c:1825:32: note: '{' token is here
 1825 |     oj_array_start_id        = rb_intern("array_start");
      |                                ^~~~~~~~~~~~~~~~~~~~~~~~
/Library/Developer/CommandLineTools/SDKs/MacOSX.sdk/System/Library/Frameworks/Ruby.framework/Versions/2.6/usr/include/ruby-2.6.0/ruby/ruby.h:1826:24: note: expanded from macro 'rb_intern'
 1826 |         __extension__ (RUBY_CONST_ID_CACHE((ID), (str))) : \
      |                        ^~~~~~~~~~~~~~~~~~~~~~~~~~~~~~~~
/Library/Developer/CommandLineTools/SDKs/MacOSX.sdk/System/Library/Frameworks/Ruby.framework/Versions/2.6/usr/include/ruby-2.6.0/ruby/ruby.h:1811:5: note: expanded from macro 'RUBY_CONST_ID_CACHE'
 1811 |     {                                                   \
      |     ^
oj.c:1825:32: warning: '}' and ')' tokens terminating statement expression appear in different macro expansion contexts [-Wcompound-token-split-by-macro]
 1825 |     oj_array_start_id        = rb_intern("array_start");
      |                                ^~~~~~~~~~~~~~~~~~~~~~~~
/Library/Developer/CommandLineTools/SDKs/MacOSX.sdk/System/Library/Frameworks/Ruby.framework/Versions/2.6/usr/include/ruby-2.6.0/ruby/ruby.h:1826:24: note: expanded from macro 'rb_intern'
 1826 |         __extension__ (RUBY_CONST_ID_CACHE((ID), (str))) : \
      |                        ^~~~~~~~~~~~~~~~~~~~~~~~~~~~~~~~
/Library/Developer/CommandLineTools/SDKs/MacOSX.sdk/System/Library/Frameworks/Ruby.framework/Versions/2.6/usr/include/ruby-2.6.0/ruby/ruby.h:1816:5: note: expanded from macro 'RUBY_CONST_ID_CACHE'
 1816 |     }
      |     ^
oj.c:1825:32: note: ')' token is here
 1825 |     oj_array_start_id        = rb_intern("array_start");
      |                                ^~~~~~~~~~~~~~~~~~~~~~~~
/Library/Developer/CommandLineTools/SDKs/MacOSX.sdk/System/Library/Frameworks/Ruby.framework/Versions/2.6/usr/include/ruby-2.6.0/ruby/ruby.h:1826:56: note: expanded from macro 'rb_intern'
 1826 |         __extension__ (RUBY_CONST_ID_CACHE((ID), (str))) : \
      |                                                        ^
oj.c:1826:32: warning: '(' and '{' tokens introducing statement expression appear in different macro expansion contexts [-Wcompound-token-split-by-macro]
 1826 |     oj_as_json_id            = rb_intern("as_json");
      |                                ^~~~~~~~~~~~~~~~~~~~
/Library/Developer/CommandLineTools/SDKs/MacOSX.sdk/System/Library/Frameworks/Ruby.framework/Versions/2.6/usr/include/ruby-2.6.0/ruby/ruby.h:1826:23: note: expanded from macro 'rb_intern'
 1826 |         __extension__ (RUBY_CONST_ID_CACHE((ID), (str))) : \
      |                       ^
oj.c:1826:32: note: '{' token is here
 1826 |     oj_as_json_id            = rb_intern("as_json");
      |                                ^~~~~~~~~~~~~~~~~~~~
/Library/Developer/CommandLineTools/SDKs/MacOSX.sdk/System/Library/Frameworks/Ruby.framework/Versions/2.6/usr/include/ruby-2.6.0/ruby/ruby.h:1826:24: note: expanded from macro 'rb_intern'
 1826 |         __extension__ (RUBY_CONST_ID_CACHE((ID), (str))) : \
      |                        ^~~~~~~~~~~~~~~~~~~~~~~~~~~~~~~~
/Library/Developer/CommandLineTools/SDKs/MacOSX.sdk/System/Library/Frameworks/Ruby.framework/Versions/2.6/usr/include/ruby-2.6.0/ruby/ruby.h:1811:5: note: expanded from macro 'RUBY_CONST_ID_CACHE'
 1811 |     {                                                   \
      |     ^
oj.c:1826:32: warning: '}' and ')' tokens terminating statement expression appear in different macro expansion contexts [-Wcompound-token-split-by-macro]
 1826 |     oj_as_json_id            = rb_intern("as_json");
      |                                ^~~~~~~~~~~~~~~~~~~~
/Library/Developer/CommandLineTools/SDKs/MacOSX.sdk/System/Library/Frameworks/Ruby.framework/Versions/2.6/usr/include/ruby-2.6.0/ruby/ruby.h:1826:24: note: expanded from macro 'rb_intern'
 1826 |         __extension__ (RUBY_CONST_ID_CACHE((ID), (str))) : \
      |                        ^~~~~~~~~~~~~~~~~~~~~~~~~~~~~~~~
/Library/Developer/CommandLineTools/SDKs/MacOSX.sdk/System/Library/Frameworks/Ruby.framework/Versions/2.6/usr/include/ruby-2.6.0/ruby/ruby.h:1816:5: note: expanded from macro 'RUBY_CONST_ID_CACHE'
 1816 |     }
      |     ^
oj.c:1826:32: note: ')' token is here
 1826 |     oj_as_json_id            = rb_intern("as_json");
      |                                ^~~~~~~~~~~~~~~~~~~~
/Library/Developer/CommandLineTools/SDKs/MacOSX.sdk/System/Library/Frameworks/Ruby.framework/Versions/2.6/usr/include/ruby-2.6.0/ruby/ruby.h:1826:56: note: expanded from macro 'rb_intern'
 1826 |         __extension__ (RUBY_CONST_ID_CACHE((ID), (str))) : \
      |                                                        ^
oj.c:1827:32: warning: '(' and '{' tokens introducing statement expression appear in different macro expansion contexts [-Wcompound-token-split-by-macro]
 1827 |     oj_at_id                 = rb_intern("at");
      |                                ^~~~~~~~~~~~~~~
/Library/Developer/CommandLineTools/SDKs/MacOSX.sdk/System/Library/Frameworks/Ruby.framework/Versions/2.6/usr/include/ruby-2.6.0/ruby/ruby.h:1826:23: note: expanded from macro 'rb_intern'
 1826 |         __extension__ (RUBY_CONST_ID_CACHE((ID), (str))) : \
      |                       ^
oj.c:1827:32: note: '{' token is here
 1827 |     oj_at_id                 = rb_intern("at");
      |                                ^~~~~~~~~~~~~~~
/Library/Developer/CommandLineTools/SDKs/MacOSX.sdk/System/Library/Frameworks/Ruby.framework/Versions/2.6/usr/include/ruby-2.6.0/ruby/ruby.h:1826:24: note: expanded from macro 'rb_intern'
 1826 |         __extension__ (RUBY_CONST_ID_CACHE((ID), (str))) : \
      |                        ^~~~~~~~~~~~~~~~~~~~~~~~~~~~~~~~
/Library/Developer/CommandLineTools/SDKs/MacOSX.sdk/System/Library/Frameworks/Ruby.framework/Versions/2.6/usr/include/ruby-2.6.0/ruby/ruby.h:1811:5: note: expanded from macro 'RUBY_CONST_ID_CACHE'
 1811 |     {                                                   \
      |     ^
oj.c:1827:32: warning: '}' and ')' tokens terminating statement expression appear in different macro expansion contexts [-Wcompound-token-split-by-macro]
 1827 |     oj_at_id                 = rb_intern("at");
      |                                ^~~~~~~~~~~~~~~
/Library/Developer/CommandLineTools/SDKs/MacOSX.sdk/System/Library/Frameworks/Ruby.framework/Versions/2.6/usr/include/ruby-2.6.0/ruby/ruby.h:1826:24: note: expanded from macro 'rb_intern'
 1826 |         __extension__ (RUBY_CONST_ID_CACHE((ID), (str))) : \
      |                        ^~~~~~~~~~~~~~~~~~~~~~~~~~~~~~~~
/Library/Developer/CommandLineTools/SDKs/MacOSX.sdk/System/Library/Frameworks/Ruby.framework/Versions/2.6/usr/include/ruby-2.6.0/ruby/ruby.h:1816:5: note: expanded from macro 'RUBY_CONST_ID_CACHE'
 1816 |     }
      |     ^
oj.c:1827:32: note: ')' token is here
 1827 |     oj_at_id                 = rb_intern("at");
      |                                ^~~~~~~~~~~~~~~
/Library/Developer/CommandLineTools/SDKs/MacOSX.sdk/System/Library/Frameworks/Ruby.framework/Versions/2.6/usr/include/ruby-2.6.0/ruby/ruby.h:1826:56: note: expanded from macro 'rb_intern'
 1826 |         __extension__ (RUBY_CONST_ID_CACHE((ID), (str))) : \
      |                                                        ^
oj.c:1828:32: warning: '(' and '{' tokens introducing statement expression appear in different macro expansion contexts [-Wcompound-token-split-by-macro]
 1828 |     oj_begin_id              = rb_intern("begin");
      |                                ^~~~~~~~~~~~~~~~~~
/Library/Developer/CommandLineTools/SDKs/MacOSX.sdk/System/Library/Frameworks/Ruby.framework/Versions/2.6/usr/include/ruby-2.6.0/ruby/ruby.h:1826:23: note: expanded from macro 'rb_intern'
 1826 |         __extension__ (RUBY_CONST_ID_CACHE((ID), (str))) : \
      |                       ^
oj.c:1828:32: note: '{' token is here
 1828 |     oj_begin_id              = rb_intern("begin");
      |                                ^~~~~~~~~~~~~~~~~~
/Library/Developer/CommandLineTools/SDKs/MacOSX.sdk/System/Library/Frameworks/Ruby.framework/Versions/2.6/usr/include/ruby-2.6.0/ruby/ruby.h:1826:24: note: expanded from macro 'rb_intern'
 1826 |         __extension__ (RUBY_CONST_ID_CACHE((ID), (str))) : \
      |                        ^~~~~~~~~~~~~~~~~~~~~~~~~~~~~~~~
/Library/Developer/CommandLineTools/SDKs/MacOSX.sdk/System/Library/Frameworks/Ruby.framework/Versions/2.6/usr/include/ruby-2.6.0/ruby/ruby.h:1811:5: note: expanded from macro 'RUBY_CONST_ID_CACHE'
 1811 |     {                                                   \
      |     ^
oj.c:1828:32: warning: '}' and ')' tokens terminating statement expression appear in different macro expansion contexts [-Wcompound-token-split-by-macro]
 1828 |     oj_begin_id              = rb_intern("begin");
      |                                ^~~~~~~~~~~~~~~~~~
/Library/Developer/CommandLineTools/SDKs/MacOSX.sdk/System/Library/Frameworks/Ruby.framework/Versions/2.6/usr/include/ruby-2.6.0/ruby/ruby.h:1826:24: note: expanded from macro 'rb_intern'
 1826 |         __extension__ (RUBY_CONST_ID_CACHE((ID), (str))) : \
      |                        ^~~~~~~~~~~~~~~~~~~~~~~~~~~~~~~~
/Library/Developer/CommandLineTools/SDKs/MacOSX.sdk/System/Library/Frameworks/Ruby.framework/Versions/2.6/usr/include/ruby-2.6.0/ruby/ruby.h:1816:5: note: expanded from macro 'RUBY_CONST_ID_CACHE'
 1816 |     }
      |     ^
oj.c:1828:32: note: ')' token is here
 1828 |     oj_begin_id              = rb_intern("begin");
      |                                ^~~~~~~~~~~~~~~~~~
/Library/Developer/CommandLineTools/SDKs/MacOSX.sdk/System/Library/Frameworks/Ruby.framework/Versions/2.6/usr/include/ruby-2.6.0/ruby/ruby.h:1826:56: note: expanded from macro 'rb_intern'
 1826 |         __extension__ (RUBY_CONST_ID_CACHE((ID), (str))) : \
      |                                                        ^
oj.c:1829:32: warning: '(' and '{' tokens introducing statement expression appear in different macro expansion contexts [-Wcompound-token-split-by-macro]
 1829 |     oj_bigdecimal_id         = rb_intern("BigDecimal");
      |                                ^~~~~~~~~~~~~~~~~~~~~~~
/Library/Developer/CommandLineTools/SDKs/MacOSX.sdk/System/Library/Frameworks/Ruby.framework/Versions/2.6/usr/include/ruby-2.6.0/ruby/ruby.h:1826:23: note: expanded from macro 'rb_intern'
 1826 |         __extension__ (RUBY_CONST_ID_CACHE((ID), (str))) : \
      |                       ^
oj.c:1829:32: note: '{' token is here
 1829 |     oj_bigdecimal_id         = rb_intern("BigDecimal");
      |                                ^~~~~~~~~~~~~~~~~~~~~~~
/Library/Developer/CommandLineTools/SDKs/MacOSX.sdk/System/Library/Frameworks/Ruby.framework/Versions/2.6/usr/include/ruby-2.6.0/ruby/ruby.h:1826:24: note: expanded from macro 'rb_intern'
 1826 |         __extension__ (RUBY_CONST_ID_CACHE((ID), (str))) : \
      |                        ^~~~~~~~~~~~~~~~~~~~~~~~~~~~~~~~
/Library/Developer/CommandLineTools/SDKs/MacOSX.sdk/System/Library/Frameworks/Ruby.framework/Versions/2.6/usr/include/ruby-2.6.0/ruby/ruby.h:1811:5: note: expanded from macro 'RUBY_CONST_ID_CACHE'
 1811 |     {                                                   \
      |     ^
oj.c:1829:32: warning: '}' and ')' tokens terminating statement expression appear in different macro expansion contexts [-Wcompound-token-split-by-macro]
 1829 |     oj_bigdecimal_id         = rb_intern("BigDecimal");
      |                                ^~~~~~~~~~~~~~~~~~~~~~~
/Library/Developer/CommandLineTools/SDKs/MacOSX.sdk/System/Library/Frameworks/Ruby.framework/Versions/2.6/usr/include/ruby-2.6.0/ruby/ruby.h:1826:24: note: expanded from macro 'rb_intern'
 1826 |         __extension__ (RUBY_CONST_ID_CACHE((ID), (str))) : \
      |                        ^~~~~~~~~~~~~~~~~~~~~~~~~~~~~~~~
/Library/Developer/CommandLineTools/SDKs/MacOSX.sdk/System/Library/Frameworks/Ruby.framework/Versions/2.6/usr/include/ruby-2.6.0/ruby/ruby.h:1816:5: note: expanded from macro 'RUBY_CONST_ID_CACHE'
 1816 |     }
      |     ^
oj.c:1829:32: note: ')' token is here
 1829 |     oj_bigdecimal_id         = rb_intern("BigDecimal");
      |                                ^~~~~~~~~~~~~~~~~~~~~~~
/Library/Developer/CommandLineTools/SDKs/MacOSX.sdk/System/Library/Frameworks/Ruby.framework/Versions/2.6/usr/include/ruby-2.6.0/ruby/ruby.h:1826:56: note: expanded from macro 'rb_intern'
 1826 |         __extension__ (RUBY_CONST_ID_CACHE((ID), (str))) : \
      |                                                        ^
oj.c:1830:32: warning: '(' and '{' tokens introducing statement expression appear in different macro expansion contexts [-Wcompound-token-split-by-macro]
 1830 |     oj_end_id                = rb_intern("end");
      |                                ^~~~~~~~~~~~~~~~
/Library/Developer/CommandLineTools/SDKs/MacOSX.sdk/System/Library/Frameworks/Ruby.framework/Versions/2.6/usr/include/ruby-2.6.0/ruby/ruby.h:1826:23: note: expanded from macro 'rb_intern'
 1826 |         __extension__ (RUBY_CONST_ID_CACHE((ID), (str))) : \
      |                       ^
oj.c:1830:32: note: '{' token is here
 1830 |     oj_end_id                = rb_intern("end");
      |                                ^~~~~~~~~~~~~~~~
/Library/Developer/CommandLineTools/SDKs/MacOSX.sdk/System/Library/Frameworks/Ruby.framework/Versions/2.6/usr/include/ruby-2.6.0/ruby/ruby.h:1826:24: note: expanded from macro 'rb_intern'
 1826 |         __extension__ (RUBY_CONST_ID_CACHE((ID), (str))) : \
      |                        ^~~~~~~~~~~~~~~~~~~~~~~~~~~~~~~~
/Library/Developer/CommandLineTools/SDKs/MacOSX.sdk/System/Library/Frameworks/Ruby.framework/Versions/2.6/usr/include/ruby-2.6.0/ruby/ruby.h:1811:5: note: expanded from macro 'RUBY_CONST_ID_CACHE'
 1811 |     {                                                   \
      |     ^
oj.c:1830:32: warning: '}' and ')' tokens terminating statement expression appear in different macro expansion contexts [-Wcompound-token-split-by-macro]
 1830 |     oj_end_id                = rb_intern("end");
      |                                ^~~~~~~~~~~~~~~~
/Library/Developer/CommandLineTools/SDKs/MacOSX.sdk/System/Library/Frameworks/Ruby.framework/Versions/2.6/usr/include/ruby-2.6.0/ruby/ruby.h:1826:24: note: expanded from macro 'rb_intern'
 1826 |         __extension__ (RUBY_CONST_ID_CACHE((ID), (str))) : \
      |                        ^~~~~~~~~~~~~~~~~~~~~~~~~~~~~~~~
/Library/Developer/CommandLineTools/SDKs/MacOSX.sdk/System/Library/Frameworks/Ruby.framework/Versions/2.6/usr/include/ruby-2.6.0/ruby/ruby.h:1816:5: note: expanded from macro 'RUBY_CONST_ID_CACHE'
 1816 |     }
      |     ^
oj.c:1830:32: note: ')' token is here
 1830 |     oj_end_id                = rb_intern("end");
      |                                ^~~~~~~~~~~~~~~~
/Library/Developer/CommandLineTools/SDKs/MacOSX.sdk/System/Library/Frameworks/Ruby.framework/Versions/2.6/usr/include/ruby-2.6.0/ruby/ruby.h:1826:56: note: expanded from macro 'rb_intern'
 1826 |         __extension__ (RUBY_CONST_ID_CACHE((ID), (str))) : \
      |                                                        ^
oj.c:1831:32: warning: '(' and '{' tokens introducing statement expression appear in different macro expansion contexts [-Wcompound-token-split-by-macro]
 1831 |     oj_error_id              = rb_intern("error");
      |                                ^~~~~~~~~~~~~~~~~~
/Library/Developer/CommandLineTools/SDKs/MacOSX.sdk/System/Library/Frameworks/Ruby.framework/Versions/2.6/usr/include/ruby-2.6.0/ruby/ruby.h:1826:23: note: expanded from macro 'rb_intern'
 1826 |         __extension__ (RUBY_CONST_ID_CACHE((ID), (str))) : \
      |                       ^
oj.c:1831:32: note: '{' token is here
 1831 |     oj_error_id              = rb_intern("error");
      |                                ^~~~~~~~~~~~~~~~~~
/Library/Developer/CommandLineTools/SDKs/MacOSX.sdk/System/Library/Frameworks/Ruby.framework/Versions/2.6/usr/include/ruby-2.6.0/ruby/ruby.h:1826:24: note: expanded from macro 'rb_intern'
 1826 |         __extension__ (RUBY_CONST_ID_CACHE((ID), (str))) : \
      |                        ^~~~~~~~~~~~~~~~~~~~~~~~~~~~~~~~
/Library/Developer/CommandLineTools/SDKs/MacOSX.sdk/System/Library/Frameworks/Ruby.framework/Versions/2.6/usr/include/ruby-2.6.0/ruby/ruby.h:1811:5: note: expanded from macro 'RUBY_CONST_ID_CACHE'
 1811 |     {                                                   \
      |     ^
oj.c:1831:32: warning: '}' and ')' tokens terminating statement expression appear in different macro expansion contexts [-Wcompound-token-split-by-macro]
 1831 |     oj_error_id              = rb_intern("error");
      |                                ^~~~~~~~~~~~~~~~~~
/Library/Developer/CommandLineTools/SDKs/MacOSX.sdk/System/Library/Frameworks/Ruby.framework/Versions/2.6/usr/include/ruby-2.6.0/ruby/ruby.h:1826:24: note: expanded from macro 'rb_intern'
 1826 |         __extension__ (RUBY_CONST_ID_CACHE((ID), (str))) : \
      |                        ^~~~~~~~~~~~~~~~~~~~~~~~~~~~~~~~
/Library/Developer/CommandLineTools/SDKs/MacOSX.sdk/System/Library/Frameworks/Ruby.framework/Versions/2.6/usr/include/ruby-2.6.0/ruby/ruby.h:1816:5: note: expanded from macro 'RUBY_CONST_ID_CACHE'
 1816 |     }
      |     ^
oj.c:1831:32: note: ')' token is here
 1831 |     oj_error_id              = rb_intern("error");
      |                                ^~~~~~~~~~~~~~~~~~
/Library/Developer/CommandLineTools/SDKs/MacOSX.sdk/System/Library/Frameworks/Ruby.framework/Versions/2.6/usr/include/ruby-2.6.0/ruby/ruby.h:1826:56: note: expanded from macro 'rb_intern'
 1826 |         __extension__ (RUBY_CONST_ID_CACHE((ID), (str))) : \
      |                                                        ^
oj.c:1832:32: warning: '(' and '{' tokens introducing statement expression appear in different macro expansion contexts [-Wcompound-token-split-by-macro]
 1832 |     oj_exclude_end_id        = rb_intern("exclude_end?");
      |                                ^~~~~~~~~~~~~~~~~~~~~~~~~
/Library/Developer/CommandLineTools/SDKs/MacOSX.sdk/System/Library/Frameworks/Ruby.framework/Versions/2.6/usr/include/ruby-2.6.0/ruby/ruby.h:1826:23: note: expanded from macro 'rb_intern'
 1826 |         __extension__ (RUBY_CONST_ID_CACHE((ID), (str))) : \
      |                       ^
oj.c:1832:32: note: '{' token is here
 1832 |     oj_exclude_end_id        = rb_intern("exclude_end?");
      |                                ^~~~~~~~~~~~~~~~~~~~~~~~~
/Library/Developer/CommandLineTools/SDKs/MacOSX.sdk/System/Library/Frameworks/Ruby.framework/Versions/2.6/usr/include/ruby-2.6.0/ruby/ruby.h:1826:24: note: expanded from macro 'rb_intern'
 1826 |         __extension__ (RUBY_CONST_ID_CACHE((ID), (str))) : \
      |                        ^~~~~~~~~~~~~~~~~~~~~~~~~~~~~~~~
/Library/Developer/CommandLineTools/SDKs/MacOSX.sdk/System/Library/Frameworks/Ruby.framework/Versions/2.6/usr/include/ruby-2.6.0/ruby/ruby.h:1811:5: note: expanded from macro 'RUBY_CONST_ID_CACHE'
 1811 |     {                                                   \
      |     ^
oj.c:1832:32: warning: '}' and ')' tokens terminating statement expression appear in different macro expansion contexts [-Wcompound-token-split-by-macro]
 1832 |     oj_exclude_end_id        = rb_intern("exclude_end?");
      |                                ^~~~~~~~~~~~~~~~~~~~~~~~~
/Library/Developer/CommandLineTools/SDKs/MacOSX.sdk/System/Library/Frameworks/Ruby.framework/Versions/2.6/usr/include/ruby-2.6.0/ruby/ruby.h:1826:24: note: expanded from macro 'rb_intern'
 1826 |         __extension__ (RUBY_CONST_ID_CACHE((ID), (str))) : \
      |                        ^~~~~~~~~~~~~~~~~~~~~~~~~~~~~~~~
/Library/Developer/CommandLineTools/SDKs/MacOSX.sdk/System/Library/Frameworks/Ruby.framework/Versions/2.6/usr/include/ruby-2.6.0/ruby/ruby.h:1816:5: note: expanded from macro 'RUBY_CONST_ID_CACHE'
 1816 |     }
      |     ^
oj.c:1832:32: note: ')' token is here
 1832 |     oj_exclude_end_id        = rb_intern("exclude_end?");
      |                                ^~~~~~~~~~~~~~~~~~~~~~~~~
/Library/Developer/CommandLineTools/SDKs/MacOSX.sdk/System/Library/Frameworks/Ruby.framework/Versions/2.6/usr/include/ruby-2.6.0/ruby/ruby.h:1826:56: note: expanded from macro 'rb_intern'
 1826 |         __extension__ (RUBY_CONST_ID_CACHE((ID), (str))) : \
      |                                                        ^
oj.c:1833:32: warning: '(' and '{' tokens introducing statement expression appear in different macro expansion contexts [-Wcompound-token-split-by-macro]
 1833 |     oj_file_id               = rb_intern("file?");
      |                                ^~~~~~~~~~~~~~~~~~
/Library/Developer/CommandLineTools/SDKs/MacOSX.sdk/System/Library/Frameworks/Ruby.framework/Versions/2.6/usr/include/ruby-2.6.0/ruby/ruby.h:1826:23: note: expanded from macro 'rb_intern'
 1826 |         __extension__ (RUBY_CONST_ID_CACHE((ID), (str))) : \
      |                       ^
oj.c:1833:32: note: '{' token is here
 1833 |     oj_file_id               = rb_intern("file?");
      |                                ^~~~~~~~~~~~~~~~~~
/Library/Developer/CommandLineTools/SDKs/MacOSX.sdk/System/Library/Frameworks/Ruby.framework/Versions/2.6/usr/include/ruby-2.6.0/ruby/ruby.h:1826:24: note: expanded from macro 'rb_intern'
 1826 |         __extension__ (RUBY_CONST_ID_CACHE((ID), (str))) : \
      |                        ^~~~~~~~~~~~~~~~~~~~~~~~~~~~~~~~
/Library/Developer/CommandLineTools/SDKs/MacOSX.sdk/System/Library/Frameworks/Ruby.framework/Versions/2.6/usr/include/ruby-2.6.0/ruby/ruby.h:1811:5: note: expanded from macro 'RUBY_CONST_ID_CACHE'
 1811 |     {                                                   \
      |     ^
oj.c:1833:32: warning: '}' and ')' tokens terminating statement expression appear in different macro expansion contexts [-Wcompound-token-split-by-macro]
 1833 |     oj_file_id               = rb_intern("file?");
      |                                ^~~~~~~~~~~~~~~~~~
/Library/Developer/CommandLineTools/SDKs/MacOSX.sdk/System/Library/Frameworks/Ruby.framework/Versions/2.6/usr/include/ruby-2.6.0/ruby/ruby.h:1826:24: note: expanded from macro 'rb_intern'
 1826 |         __extension__ (RUBY_CONST_ID_CACHE((ID), (str))) : \
      |                        ^~~~~~~~~~~~~~~~~~~~~~~~~~~~~~~~
/Library/Developer/CommandLineTools/SDKs/MacOSX.sdk/System/Library/Frameworks/Ruby.framework/Versions/2.6/usr/include/ruby-2.6.0/ruby/ruby.h:1816:5: note: expanded from macro 'RUBY_CONST_ID_CACHE'
 1816 |     }
      |     ^
oj.c:1833:32: note: ')' token is here
 1833 |     oj_file_id               = rb_intern("file?");
      |                                ^~~~~~~~~~~~~~~~~~
/Library/Developer/CommandLineTools/SDKs/MacOSX.sdk/System/Library/Frameworks/Ruby.framework/Versions/2.6/usr/include/ruby-2.6.0/ruby/ruby.h:1826:56: note: expanded from macro 'rb_intern'
 1826 |         __extension__ (RUBY_CONST_ID_CACHE((ID), (str))) : \
      |                                                        ^
oj.c:1834:32: warning: '(' and '{' tokens introducing statement expression appear in different macro expansion contexts [-Wcompound-token-split-by-macro]
 1834 |     oj_fileno_id             = rb_intern("fileno");
      |                                ^~~~~~~~~~~~~~~~~~~
/Library/Developer/CommandLineTools/SDKs/MacOSX.sdk/System/Library/Frameworks/Ruby.framework/Versions/2.6/usr/include/ruby-2.6.0/ruby/ruby.h:1826:23: note: expanded from macro 'rb_intern'
 1826 |         __extension__ (RUBY_CONST_ID_CACHE((ID), (str))) : \
      |                       ^
oj.c:1834:32: note: '{' token is here
 1834 |     oj_fileno_id             = rb_intern("fileno");
      |                                ^~~~~~~~~~~~~~~~~~~
/Library/Developer/CommandLineTools/SDKs/MacOSX.sdk/System/Library/Frameworks/Ruby.framework/Versions/2.6/usr/include/ruby-2.6.0/ruby/ruby.h:1826:24: note: expanded from macro 'rb_intern'
 1826 |         __extension__ (RUBY_CONST_ID_CACHE((ID), (str))) : \
      |                        ^~~~~~~~~~~~~~~~~~~~~~~~~~~~~~~~
/Library/Developer/CommandLineTools/SDKs/MacOSX.sdk/System/Library/Frameworks/Ruby.framework/Versions/2.6/usr/include/ruby-2.6.0/ruby/ruby.h:1811:5: note: expanded from macro 'RUBY_CONST_ID_CACHE'
 1811 |     {                                                   \
      |     ^
oj.c:1834:32: warning: '}' and ')' tokens terminating statement expression appear in different macro expansion contexts [-Wcompound-token-split-by-macro]
 1834 |     oj_fileno_id             = rb_intern("fileno");
      |                                ^~~~~~~~~~~~~~~~~~~
/Library/Developer/CommandLineTools/SDKs/MacOSX.sdk/System/Library/Frameworks/Ruby.framework/Versions/2.6/usr/include/ruby-2.6.0/ruby/ruby.h:1826:24: note: expanded from macro 'rb_intern'
 1826 |         __extension__ (RUBY_CONST_ID_CACHE((ID), (str))) : \
      |                        ^~~~~~~~~~~~~~~~~~~~~~~~~~~~~~~~
/Library/Developer/CommandLineTools/SDKs/MacOSX.sdk/System/Library/Frameworks/Ruby.framework/Versions/2.6/usr/include/ruby-2.6.0/ruby/ruby.h:1816:5: note: expanded from macro 'RUBY_CONST_ID_CACHE'
 1816 |     }
      |     ^
oj.c:1834:32: note: ')' token is here
 1834 |     oj_fileno_id             = rb_intern("fileno");
      |                                ^~~~~~~~~~~~~~~~~~~
/Library/Developer/CommandLineTools/SDKs/MacOSX.sdk/System/Library/Frameworks/Ruby.framework/Versions/2.6/usr/include/ruby-2.6.0/ruby/ruby.h:1826:56: note: expanded from macro 'rb_intern'
 1826 |         __extension__ (RUBY_CONST_ID_CACHE((ID), (str))) : \
      |                                                        ^
oj.c:1835:32: warning: '(' and '{' tokens introducing statement expression appear in different macro expansion contexts [-Wcompound-token-split-by-macro]
 1835 |     oj_ftype_id              = rb_intern("ftype");
      |                                ^~~~~~~~~~~~~~~~~~
/Library/Developer/CommandLineTools/SDKs/MacOSX.sdk/System/Library/Frameworks/Ruby.framework/Versions/2.6/usr/include/ruby-2.6.0/ruby/ruby.h:1826:23: note: expanded from macro 'rb_intern'
 1826 |         __extension__ (RUBY_CONST_ID_CACHE((ID), (str))) : \
      |                       ^
oj.c:1835:32: note: '{' token is here
 1835 |     oj_ftype_id              = rb_intern("ftype");
      |                                ^~~~~~~~~~~~~~~~~~
/Library/Developer/CommandLineTools/SDKs/MacOSX.sdk/System/Library/Frameworks/Ruby.framework/Versions/2.6/usr/include/ruby-2.6.0/ruby/ruby.h:1826:24: note: expanded from macro 'rb_intern'
 1826 |         __extension__ (RUBY_CONST_ID_CACHE((ID), (str))) : \
      |                        ^~~~~~~~~~~~~~~~~~~~~~~~~~~~~~~~
/Library/Developer/CommandLineTools/SDKs/MacOSX.sdk/System/Library/Frameworks/Ruby.framework/Versions/2.6/usr/include/ruby-2.6.0/ruby/ruby.h:1811:5: note: expanded from macro 'RUBY_CONST_ID_CACHE'
 1811 |     {                                                   \
      |     ^
oj.c:1835:32: warning: '}' and ')' tokens terminating statement expression appear in different macro expansion contexts [-Wcompound-token-split-by-macro]
 1835 |     oj_ftype_id              = rb_intern("ftype");
      |                                ^~~~~~~~~~~~~~~~~~
/Library/Developer/CommandLineTools/SDKs/MacOSX.sdk/System/Library/Frameworks/Ruby.framework/Versions/2.6/usr/include/ruby-2.6.0/ruby/ruby.h:1826:24: note: expanded from macro 'rb_intern'
 1826 |         __extension__ (RUBY_CONST_ID_CACHE((ID), (str))) : \
      |                        ^~~~~~~~~~~~~~~~~~~~~~~~~~~~~~~~
/Library/Developer/CommandLineTools/SDKs/MacOSX.sdk/System/Library/Frameworks/Ruby.framework/Versions/2.6/usr/include/ruby-2.6.0/ruby/ruby.h:1816:5: note: expanded from macro 'RUBY_CONST_ID_CACHE'
 1816 |     }
      |     ^
oj.c:1835:32: note: ')' token is here
 1835 |     oj_ftype_id              = rb_intern("ftype");
      |                                ^~~~~~~~~~~~~~~~~~
/Library/Developer/CommandLineTools/SDKs/MacOSX.sdk/System/Library/Frameworks/Ruby.framework/Versions/2.6/usr/include/ruby-2.6.0/ruby/ruby.h:1826:56: note: expanded from macro 'rb_intern'
 1826 |         __extension__ (RUBY_CONST_ID_CACHE((ID), (str))) : \
      |                                                        ^
oj.c:1836:32: warning: '(' and '{' tokens introducing statement expression appear in different macro expansion contexts [-Wcompound-token-split-by-macro]
 1836 |     oj_hash_end_id           = rb_intern("hash_end");
      |                                ^~~~~~~~~~~~~~~~~~~~~
/Library/Developer/CommandLineTools/SDKs/MacOSX.sdk/System/Library/Frameworks/Ruby.framework/Versions/2.6/usr/include/ruby-2.6.0/ruby/ruby.h:1826:23: note: expanded from macro 'rb_intern'
 1826 |         __extension__ (RUBY_CONST_ID_CACHE((ID), (str))) : \
      |                       ^
oj.c:1836:32: note: '{' token is here
 1836 |     oj_hash_end_id           = rb_intern("hash_end");
      |                                ^~~~~~~~~~~~~~~~~~~~~
/Library/Developer/CommandLineTools/SDKs/MacOSX.sdk/System/Library/Frameworks/Ruby.framework/Versions/2.6/usr/include/ruby-2.6.0/ruby/ruby.h:1826:24: note: expanded from macro 'rb_intern'
 1826 |         __extension__ (RUBY_CONST_ID_CACHE((ID), (str))) : \
      |                        ^~~~~~~~~~~~~~~~~~~~~~~~~~~~~~~~
/Library/Developer/CommandLineTools/SDKs/MacOSX.sdk/System/Library/Frameworks/Ruby.framework/Versions/2.6/usr/include/ruby-2.6.0/ruby/ruby.h:1811:5: note: expanded from macro 'RUBY_CONST_ID_CACHE'
 1811 |     {                                                   \
      |     ^
oj.c:1836:32: warning: '}' and ')' tokens terminating statement expression appear in different macro expansion contexts [-Wcompound-token-split-by-macro]
 1836 |     oj_hash_end_id           = rb_intern("hash_end");
      |                                ^~~~~~~~~~~~~~~~~~~~~
/Library/Developer/CommandLineTools/SDKs/MacOSX.sdk/System/Library/Frameworks/Ruby.framework/Versions/2.6/usr/include/ruby-2.6.0/ruby/ruby.h:1826:24: note: expanded from macro 'rb_intern'
 1826 |         __extension__ (RUBY_CONST_ID_CACHE((ID), (str))) : \
      |                        ^~~~~~~~~~~~~~~~~~~~~~~~~~~~~~~~
/Library/Developer/CommandLineTools/SDKs/MacOSX.sdk/System/Library/Frameworks/Ruby.framework/Versions/2.6/usr/include/ruby-2.6.0/ruby/ruby.h:1816:5: note: expanded from macro 'RUBY_CONST_ID_CACHE'
 1816 |     }
      |     ^
oj.c:1836:32: note: ')' token is here
 1836 |     oj_hash_end_id           = rb_intern("hash_end");
      |                                ^~~~~~~~~~~~~~~~~~~~~
/Library/Developer/CommandLineTools/SDKs/MacOSX.sdk/System/Library/Frameworks/Ruby.framework/Versions/2.6/usr/include/ruby-2.6.0/ruby/ruby.h:1826:56: note: expanded from macro 'rb_intern'
 1826 |         __extension__ (RUBY_CONST_ID_CACHE((ID), (str))) : \
      |                                                        ^
oj.c:1837:32: warning: '(' and '{' tokens introducing statement expression appear in different macro expansion contexts [-Wcompound-token-split-by-macro]
 1837 |     oj_hash_key_id           = rb_intern("hash_key");
      |                                ^~~~~~~~~~~~~~~~~~~~~
/Library/Developer/CommandLineTools/SDKs/MacOSX.sdk/System/Library/Frameworks/Ruby.framework/Versions/2.6/usr/include/ruby-2.6.0/ruby/ruby.h:1826:23: note: expanded from macro 'rb_intern'
 1826 |         __extension__ (RUBY_CONST_ID_CACHE((ID), (str))) : \
      |                       ^
oj.c:1837:32: note: '{' token is here
 1837 |     oj_hash_key_id           = rb_intern("hash_key");
      |                                ^~~~~~~~~~~~~~~~~~~~~
/Library/Developer/CommandLineTools/SDKs/MacOSX.sdk/System/Library/Frameworks/Ruby.framework/Versions/2.6/usr/include/ruby-2.6.0/ruby/ruby.h:1826:24: note: expanded from macro 'rb_intern'
 1826 |         __extension__ (RUBY_CONST_ID_CACHE((ID), (str))) : \
      |                        ^~~~~~~~~~~~~~~~~~~~~~~~~~~~~~~~
/Library/Developer/CommandLineTools/SDKs/MacOSX.sdk/System/Library/Frameworks/Ruby.framework/Versions/2.6/usr/include/ruby-2.6.0/ruby/ruby.h:1811:5: note: expanded from macro 'RUBY_CONST_ID_CACHE'
 1811 |     {                                                   \
      |     ^
oj.c:1837:32: warning: '}' and ')' tokens terminating statement expression appear in different macro expansion contexts [-Wcompound-token-split-by-macro]
 1837 |     oj_hash_key_id           = rb_intern("hash_key");
      |                                ^~~~~~~~~~~~~~~~~~~~~
/Library/Developer/CommandLineTools/SDKs/MacOSX.sdk/System/Library/Frameworks/Ruby.framework/Versions/2.6/usr/include/ruby-2.6.0/ruby/ruby.h:1826:24: note: expanded from macro 'rb_intern'
 1826 |         __extension__ (RUBY_CONST_ID_CACHE((ID), (str))) : \
      |                        ^~~~~~~~~~~~~~~~~~~~~~~~~~~~~~~~
/Library/Developer/CommandLineTools/SDKs/MacOSX.sdk/System/Library/Frameworks/Ruby.framework/Versions/2.6/usr/include/ruby-2.6.0/ruby/ruby.h:1816:5: note: expanded from macro 'RUBY_CONST_ID_CACHE'
 1816 |     }
      |     ^
oj.c:1837:32: note: ')' token is here
 1837 |     oj_hash_key_id           = rb_intern("hash_key");
      |                                ^~~~~~~~~~~~~~~~~~~~~
/Library/Developer/CommandLineTools/SDKs/MacOSX.sdk/System/Library/Frameworks/Ruby.framework/Versions/2.6/usr/include/ruby-2.6.0/ruby/ruby.h:1826:56: note: expanded from macro 'rb_intern'
 1826 |         __extension__ (RUBY_CONST_ID_CACHE((ID), (str))) : \
      |                                                        ^
oj.c:1838:32: warning: '(' and '{' tokens introducing statement expression appear in different macro expansion contexts [-Wcompound-token-split-by-macro]
 1838 |     oj_hash_set_id           = rb_intern("hash_set");
      |                                ^~~~~~~~~~~~~~~~~~~~~
/Library/Developer/CommandLineTools/SDKs/MacOSX.sdk/System/Library/Frameworks/Ruby.framework/Versions/2.6/usr/include/ruby-2.6.0/ruby/ruby.h:1826:23: note: expanded from macro 'rb_intern'
 1826 |         __extension__ (RUBY_CONST_ID_CACHE((ID), (str))) : \
      |                       ^
oj.c:1838:32: note: '{' token is here
 1838 |     oj_hash_set_id           = rb_intern("hash_set");
      |                                ^~~~~~~~~~~~~~~~~~~~~
/Library/Developer/CommandLineTools/SDKs/MacOSX.sdk/System/Library/Frameworks/Ruby.framework/Versions/2.6/usr/include/ruby-2.6.0/ruby/ruby.h:1826:24: note: expanded from macro 'rb_intern'
 1826 |         __extension__ (RUBY_CONST_ID_CACHE((ID), (str))) : \
      |                        ^~~~~~~~~~~~~~~~~~~~~~~~~~~~~~~~
/Library/Developer/CommandLineTools/SDKs/MacOSX.sdk/System/Library/Frameworks/Ruby.framework/Versions/2.6/usr/include/ruby-2.6.0/ruby/ruby.h:1811:5: note: expanded from macro 'RUBY_CONST_ID_CACHE'
 1811 |     {                                                   \
      |     ^
oj.c:1838:32: warning: '}' and ')' tokens terminating statement expression appear in different macro expansion contexts [-Wcompound-token-split-by-macro]
 1838 |     oj_hash_set_id           = rb_intern("hash_set");
      |                                ^~~~~~~~~~~~~~~~~~~~~
/Library/Developer/CommandLineTools/SDKs/MacOSX.sdk/System/Library/Frameworks/Ruby.framework/Versions/2.6/usr/include/ruby-2.6.0/ruby/ruby.h:1826:24: note: expanded from macro 'rb_intern'
 1826 |         __extension__ (RUBY_CONST_ID_CACHE((ID), (str))) : \
      |                        ^~~~~~~~~~~~~~~~~~~~~~~~~~~~~~~~
/Library/Developer/CommandLineTools/SDKs/MacOSX.sdk/System/Library/Frameworks/Ruby.framework/Versions/2.6/usr/include/ruby-2.6.0/ruby/ruby.h:1816:5: note: expanded from macro 'RUBY_CONST_ID_CACHE'
 1816 |     }
      |     ^
oj.c:1838:32: note: ')' token is here
 1838 |     oj_hash_set_id           = rb_intern("hash_set");
      |                                ^~~~~~~~~~~~~~~~~~~~~
/Library/Developer/CommandLineTools/SDKs/MacOSX.sdk/System/Library/Frameworks/Ruby.framework/Versions/2.6/usr/include/ruby-2.6.0/ruby/ruby.h:1826:56: note: expanded from macro 'rb_intern'
 1826 |         __extension__ (RUBY_CONST_ID_CACHE((ID), (str))) : \
      |                                                        ^
oj.c:1839:32: warning: '(' and '{' tokens introducing statement expression appear in different macro expansion contexts [-Wcompound-token-split-by-macro]
 1839 |     oj_hash_start_id         = rb_intern("hash_start");
      |                                ^~~~~~~~~~~~~~~~~~~~~~~
/Library/Developer/CommandLineTools/SDKs/MacOSX.sdk/System/Library/Frameworks/Ruby.framework/Versions/2.6/usr/include/ruby-2.6.0/ruby/ruby.h:1826:23: note: expanded from macro 'rb_intern'
 1826 |         __extension__ (RUBY_CONST_ID_CACHE((ID), (str))) : \
      |                       ^
oj.c:1839:32: note: '{' token is here
 1839 |     oj_hash_start_id         = rb_intern("hash_start");
      |                                ^~~~~~~~~~~~~~~~~~~~~~~
/Library/Developer/CommandLineTools/SDKs/MacOSX.sdk/System/Library/Frameworks/Ruby.framework/Versions/2.6/usr/include/ruby-2.6.0/ruby/ruby.h:1826:24: note: expanded from macro 'rb_intern'
 1826 |         __extension__ (RUBY_CONST_ID_CACHE((ID), (str))) : \
      |                        ^~~~~~~~~~~~~~~~~~~~~~~~~~~~~~~~
/Library/Developer/CommandLineTools/SDKs/MacOSX.sdk/System/Library/Frameworks/Ruby.framework/Versions/2.6/usr/include/ruby-2.6.0/ruby/ruby.h:1811:5: note: expanded from macro 'RUBY_CONST_ID_CACHE'
 1811 |     {                                                   \
      |     ^
oj.c:1839:32: warning: '}' and ')' tokens terminating statement expression appear in different macro expansion contexts [-Wcompound-token-split-by-macro]
 1839 |     oj_hash_start_id         = rb_intern("hash_start");
      |                                ^~~~~~~~~~~~~~~~~~~~~~~
/Library/Developer/CommandLineTools/SDKs/MacOSX.sdk/System/Library/Frameworks/Ruby.framework/Versions/2.6/usr/include/ruby-2.6.0/ruby/ruby.h:1826:24: note: expanded from macro 'rb_intern'
 1826 |         __extension__ (RUBY_CONST_ID_CACHE((ID), (str))) : \
      |                        ^~~~~~~~~~~~~~~~~~~~~~~~~~~~~~~~
/Library/Developer/CommandLineTools/SDKs/MacOSX.sdk/System/Library/Frameworks/Ruby.framework/Versions/2.6/usr/include/ruby-2.6.0/ruby/ruby.h:1816:5: note: expanded from macro 'RUBY_CONST_ID_CACHE'
 1816 |     }
      |     ^
oj.c:1839:32: note: ')' token is here
 1839 |     oj_hash_start_id         = rb_intern("hash_start");
      |                                ^~~~~~~~~~~~~~~~~~~~~~~
/Library/Developer/CommandLineTools/SDKs/MacOSX.sdk/System/Library/Frameworks/Ruby.framework/Versions/2.6/usr/include/ruby-2.6.0/ruby/ruby.h:1826:56: note: expanded from macro 'rb_intern'
 1826 |         __extension__ (RUBY_CONST_ID_CACHE((ID), (str))) : \
      |                                                        ^
oj.c:1840:32: warning: '(' and '{' tokens introducing statement expression appear in different macro expansion contexts [-Wcompound-token-split-by-macro]
 1840 |     oj_iconv_id              = rb_intern("iconv");
      |                                ^~~~~~~~~~~~~~~~~~
/Library/Developer/CommandLineTools/SDKs/MacOSX.sdk/System/Library/Frameworks/Ruby.framework/Versions/2.6/usr/include/ruby-2.6.0/ruby/ruby.h:1826:23: note: expanded from macro 'rb_intern'
 1826 |         __extension__ (RUBY_CONST_ID_CACHE((ID), (str))) : \
      |                       ^
oj.c:1840:32: note: '{' token is here
 1840 |     oj_iconv_id              = rb_intern("iconv");
      |                                ^~~~~~~~~~~~~~~~~~
/Library/Developer/CommandLineTools/SDKs/MacOSX.sdk/System/Library/Frameworks/Ruby.framework/Versions/2.6/usr/include/ruby-2.6.0/ruby/ruby.h:1826:24: note: expanded from macro 'rb_intern'
 1826 |         __extension__ (RUBY_CONST_ID_CACHE((ID), (str))) : \
      |                        ^~~~~~~~~~~~~~~~~~~~~~~~~~~~~~~~
/Library/Developer/CommandLineTools/SDKs/MacOSX.sdk/System/Library/Frameworks/Ruby.framework/Versions/2.6/usr/include/ruby-2.6.0/ruby/ruby.h:1811:5: note: expanded from macro 'RUBY_CONST_ID_CACHE'
 1811 |     {                                                   \
      |     ^
oj.c:1840:32: warning: '}' and ')' tokens terminating statement expression appear in different macro expansion contexts [-Wcompound-token-split-by-macro]
 1840 |     oj_iconv_id              = rb_intern("iconv");
      |                                ^~~~~~~~~~~~~~~~~~
/Library/Developer/CommandLineTools/SDKs/MacOSX.sdk/System/Library/Frameworks/Ruby.framework/Versions/2.6/usr/include/ruby-2.6.0/ruby/ruby.h:1826:24: note: expanded from macro 'rb_intern'
 1826 |         __extension__ (RUBY_CONST_ID_CACHE((ID), (str))) : \
      |                        ^~~~~~~~~~~~~~~~~~~~~~~~~~~~~~~~
/Library/Developer/CommandLineTools/SDKs/MacOSX.sdk/System/Library/Frameworks/Ruby.framework/Versions/2.6/usr/include/ruby-2.6.0/ruby/ruby.h:1816:5: note: expanded from macro 'RUBY_CONST_ID_CACHE'
 1816 |     }
      |     ^
oj.c:1840:32: note: ')' token is here
 1840 |     oj_iconv_id              = rb_intern("iconv");
      |                                ^~~~~~~~~~~~~~~~~~
/Library/Developer/CommandLineTools/SDKs/MacOSX.sdk/System/Library/Frameworks/Ruby.framework/Versions/2.6/usr/include/ruby-2.6.0/ruby/ruby.h:1826:56: note: expanded from macro 'rb_intern'
 1826 |         __extension__ (RUBY_CONST_ID_CACHE((ID), (str))) : \
      |                                                        ^
oj.c:1841:32: warning: '(' and '{' tokens introducing statement expression appear in different macro expansion contexts [-Wcompound-token-split-by-macro]
 1841 |     oj_json_create_id        = rb_intern("json_create");
      |                                ^~~~~~~~~~~~~~~~~~~~~~~~
/Library/Developer/CommandLineTools/SDKs/MacOSX.sdk/System/Library/Frameworks/Ruby.framework/Versions/2.6/usr/include/ruby-2.6.0/ruby/ruby.h:1826:23: note: expanded from macro 'rb_intern'
 1826 |         __extension__ (RUBY_CONST_ID_CACHE((ID), (str))) : \
      |                       ^
oj.c:1841:32: note: '{' token is here
 1841 |     oj_json_create_id        = rb_intern("json_create");
      |                                ^~~~~~~~~~~~~~~~~~~~~~~~
/Library/Developer/CommandLineTools/SDKs/MacOSX.sdk/System/Library/Frameworks/Ruby.framework/Versions/2.6/usr/include/ruby-2.6.0/ruby/ruby.h:1826:24: note: expanded from macro 'rb_intern'
 1826 |         __extension__ (RUBY_CONST_ID_CACHE((ID), (str))) : \
      |                        ^~~~~~~~~~~~~~~~~~~~~~~~~~~~~~~~
/Library/Developer/CommandLineTools/SDKs/MacOSX.sdk/System/Library/Frameworks/Ruby.framework/Versions/2.6/usr/include/ruby-2.6.0/ruby/ruby.h:1811:5: note: expanded from macro 'RUBY_CONST_ID_CACHE'
 1811 |     {                                                   \
      |     ^
oj.c:1841:32: warning: '}' and ')' tokens terminating statement expression appear in different macro expansion contexts [-Wcompound-token-split-by-macro]
 1841 |     oj_json_create_id        = rb_intern("json_create");
      |                                ^~~~~~~~~~~~~~~~~~~~~~~~
/Library/Developer/CommandLineTools/SDKs/MacOSX.sdk/System/Library/Frameworks/Ruby.framework/Versions/2.6/usr/include/ruby-2.6.0/ruby/ruby.h:1826:24: note: expanded from macro 'rb_intern'
 1826 |         __extension__ (RUBY_CONST_ID_CACHE((ID), (str))) : \
      |                        ^~~~~~~~~~~~~~~~~~~~~~~~~~~~~~~~
/Library/Developer/CommandLineTools/SDKs/MacOSX.sdk/System/Library/Frameworks/Ruby.framework/Versions/2.6/usr/include/ruby-2.6.0/ruby/ruby.h:1816:5: note: expanded from macro 'RUBY_CONST_ID_CACHE'
 1816 |     }
      |     ^
oj.c:1841:32: note: ')' token is here
 1841 |     oj_json_create_id        = rb_intern("json_create");
      |                                ^~~~~~~~~~~~~~~~~~~~~~~~
/Library/Developer/CommandLineTools/SDKs/MacOSX.sdk/System/Library/Frameworks/Ruby.framework/Versions/2.6/usr/include/ruby-2.6.0/ruby/ruby.h:1826:56: note: expanded from macro 'rb_intern'
 1826 |         __extension__ (RUBY_CONST_ID_CACHE((ID), (str))) : \
      |                                                        ^
oj.c:1842:32: warning: '(' and '{' tokens introducing statement expression appear in different macro expansion contexts [-Wcompound-token-split-by-macro]
 1842 |     oj_length_id             = rb_intern("length");
      |                                ^~~~~~~~~~~~~~~~~~~
/Library/Developer/CommandLineTools/SDKs/MacOSX.sdk/System/Library/Frameworks/Ruby.framework/Versions/2.6/usr/include/ruby-2.6.0/ruby/ruby.h:1826:23: note: expanded from macro 'rb_intern'
 1826 |         __extension__ (RUBY_CONST_ID_CACHE((ID), (str))) : \
      |                       ^
oj.c:1842:32: note: '{' token is here
 1842 |     oj_length_id             = rb_intern("length");
      |                                ^~~~~~~~~~~~~~~~~~~
/Library/Developer/CommandLineTools/SDKs/MacOSX.sdk/System/Library/Frameworks/Ruby.framework/Versions/2.6/usr/include/ruby-2.6.0/ruby/ruby.h:1826:24: note: expanded from macro 'rb_intern'
 1826 |         __extension__ (RUBY_CONST_ID_CACHE((ID), (str))) : \
      |                        ^~~~~~~~~~~~~~~~~~~~~~~~~~~~~~~~
/Library/Developer/CommandLineTools/SDKs/MacOSX.sdk/System/Library/Frameworks/Ruby.framework/Versions/2.6/usr/include/ruby-2.6.0/ruby/ruby.h:1811:5: note: expanded from macro 'RUBY_CONST_ID_CACHE'
 1811 |     {                                                   \
      |     ^
oj.c:1842:32: warning: '}' and ')' tokens terminating statement expression appear in different macro expansion contexts [-Wcompound-token-split-by-macro]
 1842 |     oj_length_id             = rb_intern("length");
      |                                ^~~~~~~~~~~~~~~~~~~
/Library/Developer/CommandLineTools/SDKs/MacOSX.sdk/System/Library/Frameworks/Ruby.framework/Versions/2.6/usr/include/ruby-2.6.0/ruby/ruby.h:1826:24: note: expanded from macro 'rb_intern'
 1826 |         __extension__ (RUBY_CONST_ID_CACHE((ID), (str))) : \
      |                        ^~~~~~~~~~~~~~~~~~~~~~~~~~~~~~~~
/Library/Developer/CommandLineTools/SDKs/MacOSX.sdk/System/Library/Frameworks/Ruby.framework/Versions/2.6/usr/include/ruby-2.6.0/ruby/ruby.h:1816:5: note: expanded from macro 'RUBY_CONST_ID_CACHE'
 1816 |     }
      |     ^
oj.c:1842:32: note: ')' token is here
 1842 |     oj_length_id             = rb_intern("length");
      |                                ^~~~~~~~~~~~~~~~~~~
/Library/Developer/CommandLineTools/SDKs/MacOSX.sdk/System/Library/Frameworks/Ruby.framework/Versions/2.6/usr/include/ruby-2.6.0/ruby/ruby.h:1826:56: note: expanded from macro 'rb_intern'
 1826 |         __extension__ (RUBY_CONST_ID_CACHE((ID), (str))) : \
      |                                                        ^
oj.c:1843:32: warning: '(' and '{' tokens introducing statement expression appear in different macro expansion contexts [-Wcompound-token-split-by-macro]
 1843 |     oj_new_id                = rb_intern("new");
      |                                ^~~~~~~~~~~~~~~~
/Library/Developer/CommandLineTools/SDKs/MacOSX.sdk/System/Library/Frameworks/Ruby.framework/Versions/2.6/usr/include/ruby-2.6.0/ruby/ruby.h:1826:23: note: expanded from macro 'rb_intern'
 1826 |         __extension__ (RUBY_CONST_ID_CACHE((ID), (str))) : \
      |                       ^
oj.c:1843:32: note: '{' token is here
 1843 |     oj_new_id                = rb_intern("new");
      |                                ^~~~~~~~~~~~~~~~
/Library/Developer/CommandLineTools/SDKs/MacOSX.sdk/System/Library/Frameworks/Ruby.framework/Versions/2.6/usr/include/ruby-2.6.0/ruby/ruby.h:1826:24: note: expanded from macro 'rb_intern'
 1826 |         __extension__ (RUBY_CONST_ID_CACHE((ID), (str))) : \
      |                        ^~~~~~~~~~~~~~~~~~~~~~~~~~~~~~~~
/Library/Developer/CommandLineTools/SDKs/MacOSX.sdk/System/Library/Frameworks/Ruby.framework/Versions/2.6/usr/include/ruby-2.6.0/ruby/ruby.h:1811:5: note: expanded from macro 'RUBY_CONST_ID_CACHE'
 1811 |     {                                                   \
      |     ^
oj.c:1843:32: warning: '}' and ')' tokens terminating statement expression appear in different macro expansion contexts [-Wcompound-token-split-by-macro]
 1843 |     oj_new_id                = rb_intern("new");
      |                                ^~~~~~~~~~~~~~~~
/Library/Developer/CommandLineTools/SDKs/MacOSX.sdk/System/Library/Frameworks/Ruby.framework/Versions/2.6/usr/include/ruby-2.6.0/ruby/ruby.h:1826:24: note: expanded from macro 'rb_intern'
 1826 |         __extension__ (RUBY_CONST_ID_CACHE((ID), (str))) : \
      |                        ^~~~~~~~~~~~~~~~~~~~~~~~~~~~~~~~
/Library/Developer/CommandLineTools/SDKs/MacOSX.sdk/System/Library/Frameworks/Ruby.framework/Versions/2.6/usr/include/ruby-2.6.0/ruby/ruby.h:1816:5: note: expanded from macro 'RUBY_CONST_ID_CACHE'
 1816 |     }
      |     ^
oj.c:1843:32: note: ')' token is here
 1843 |     oj_new_id                = rb_intern("new");
      |                                ^~~~~~~~~~~~~~~~
/Library/Developer/CommandLineTools/SDKs/MacOSX.sdk/System/Library/Frameworks/Ruby.framework/Versions/2.6/usr/include/ruby-2.6.0/ruby/ruby.h:1826:56: note: expanded from macro 'rb_intern'
 1826 |         __extension__ (RUBY_CONST_ID_CACHE((ID), (str))) : \
      |                                                        ^
oj.c:1844:32: warning: '(' and '{' tokens introducing statement expression appear in different macro expansion contexts [-Wcompound-token-split-by-macro]
 1844 |     oj_parse_id              = rb_intern("parse");
      |                                ^~~~~~~~~~~~~~~~~~
/Library/Developer/CommandLineTools/SDKs/MacOSX.sdk/System/Library/Frameworks/Ruby.framework/Versions/2.6/usr/include/ruby-2.6.0/ruby/ruby.h:1826:23: note: expanded from macro 'rb_intern'
 1826 |         __extension__ (RUBY_CONST_ID_CACHE((ID), (str))) : \
      |                       ^
oj.c:1844:32: note: '{' token is here
 1844 |     oj_parse_id              = rb_intern("parse");
      |                                ^~~~~~~~~~~~~~~~~~
/Library/Developer/CommandLineTools/SDKs/MacOSX.sdk/System/Library/Frameworks/Ruby.framework/Versions/2.6/usr/include/ruby-2.6.0/ruby/ruby.h:1826:24: note: expanded from macro 'rb_intern'
 1826 |         __extension__ (RUBY_CONST_ID_CACHE((ID), (str))) : \
      |                        ^~~~~~~~~~~~~~~~~~~~~~~~~~~~~~~~
/Library/Developer/CommandLineTools/SDKs/MacOSX.sdk/System/Library/Frameworks/Ruby.framework/Versions/2.6/usr/include/ruby-2.6.0/ruby/ruby.h:1811:5: note: expanded from macro 'RUBY_CONST_ID_CACHE'
 1811 |     {                                                   \
      |     ^
oj.c:1844:32: warning: '}' and ')' tokens terminating statement expression appear in different macro expansion contexts [-Wcompound-token-split-by-macro]
 1844 |     oj_parse_id              = rb_intern("parse");
      |                                ^~~~~~~~~~~~~~~~~~
/Library/Developer/CommandLineTools/SDKs/MacOSX.sdk/System/Library/Frameworks/Ruby.framework/Versions/2.6/usr/include/ruby-2.6.0/ruby/ruby.h:1826:24: note: expanded from macro 'rb_intern'
 1826 |         __extension__ (RUBY_CONST_ID_CACHE((ID), (str))) : \
      |                        ^~~~~~~~~~~~~~~~~~~~~~~~~~~~~~~~
/Library/Developer/CommandLineTools/SDKs/MacOSX.sdk/System/Library/Frameworks/Ruby.framework/Versions/2.6/usr/include/ruby-2.6.0/ruby/ruby.h:1816:5: note: expanded from macro 'RUBY_CONST_ID_CACHE'
 1816 |     }
      |     ^
oj.c:1844:32: note: ')' token is here
 1844 |     oj_parse_id              = rb_intern("parse");
      |                                ^~~~~~~~~~~~~~~~~~
/Library/Developer/CommandLineTools/SDKs/MacOSX.sdk/System/Library/Frameworks/Ruby.framework/Versions/2.6/usr/include/ruby-2.6.0/ruby/ruby.h:1826:56: note: expanded from macro 'rb_intern'
 1826 |         __extension__ (RUBY_CONST_ID_CACHE((ID), (str))) : \
      |                                                        ^
oj.c:1845:32: warning: '(' and '{' tokens introducing statement expression appear in different macro expansion contexts [-Wcompound-token-split-by-macro]
 1845 |     oj_pos_id                = rb_intern("pos");
      |                                ^~~~~~~~~~~~~~~~
/Library/Developer/CommandLineTools/SDKs/MacOSX.sdk/System/Library/Frameworks/Ruby.framework/Versions/2.6/usr/include/ruby-2.6.0/ruby/ruby.h:1826:23: note: expanded from macro 'rb_intern'
 1826 |         __extension__ (RUBY_CONST_ID_CACHE((ID), (str))) : \
      |                       ^
oj.c:1845:32: note: '{' token is here
 1845 |     oj_pos_id                = rb_intern("pos");
      |                                ^~~~~~~~~~~~~~~~
/Library/Developer/CommandLineTools/SDKs/MacOSX.sdk/System/Library/Frameworks/Ruby.framework/Versions/2.6/usr/include/ruby-2.6.0/ruby/ruby.h:1826:24: note: expanded from macro 'rb_intern'
 1826 |         __extension__ (RUBY_CONST_ID_CACHE((ID), (str))) : \
      |                        ^~~~~~~~~~~~~~~~~~~~~~~~~~~~~~~~
/Library/Developer/CommandLineTools/SDKs/MacOSX.sdk/System/Library/Frameworks/Ruby.framework/Versions/2.6/usr/include/ruby-2.6.0/ruby/ruby.h:1811:5: note: expanded from macro 'RUBY_CONST_ID_CACHE'
 1811 |     {                                                   \
      |     ^
oj.c:1845:32: warning: '}' and ')' tokens terminating statement expression appear in different macro expansion contexts [-Wcompound-token-split-by-macro]
 1845 |     oj_pos_id                = rb_intern("pos");
      |                                ^~~~~~~~~~~~~~~~
/Library/Developer/CommandLineTools/SDKs/MacOSX.sdk/System/Library/Frameworks/Ruby.framework/Versions/2.6/usr/include/ruby-2.6.0/ruby/ruby.h:1826:24: note: expanded from macro 'rb_intern'
 1826 |         __extension__ (RUBY_CONST_ID_CACHE((ID), (str))) : \
      |                        ^~~~~~~~~~~~~~~~~~~~~~~~~~~~~~~~
/Library/Developer/CommandLineTools/SDKs/MacOSX.sdk/System/Library/Frameworks/Ruby.framework/Versions/2.6/usr/include/ruby-2.6.0/ruby/ruby.h:1816:5: note: expanded from macro 'RUBY_CONST_ID_CACHE'
 1816 |     }
      |     ^
oj.c:1845:32: note: ')' token is here
 1845 |     oj_pos_id                = rb_intern("pos");
      |                                ^~~~~~~~~~~~~~~~
/Library/Developer/CommandLineTools/SDKs/MacOSX.sdk/System/Library/Frameworks/Ruby.framework/Versions/2.6/usr/include/ruby-2.6.0/ruby/ruby.h:1826:56: note: expanded from macro 'rb_intern'
 1826 |         __extension__ (RUBY_CONST_ID_CACHE((ID), (str))) : \
      |                                                        ^
oj.c:1846:32: warning: '(' and '{' tokens introducing statement expression appear in different macro expansion contexts [-Wcompound-token-split-by-macro]
 1846 |     oj_raw_json_id           = rb_intern("raw_json");
      |                                ^~~~~~~~~~~~~~~~~~~~~
/Library/Developer/CommandLineTools/SDKs/MacOSX.sdk/System/Library/Frameworks/Ruby.framework/Versions/2.6/usr/include/ruby-2.6.0/ruby/ruby.h:1826:23: note: expanded from macro 'rb_intern'
 1826 |         __extension__ (RUBY_CONST_ID_CACHE((ID), (str))) : \
      |                       ^
oj.c:1846:32: note: '{' token is here
 1846 |     oj_raw_json_id           = rb_intern("raw_json");
      |                                ^~~~~~~~~~~~~~~~~~~~~
/Library/Developer/CommandLineTools/SDKs/MacOSX.sdk/System/Library/Frameworks/Ruby.framework/Versions/2.6/usr/include/ruby-2.6.0/ruby/ruby.h:1826:24: note: expanded from macro 'rb_intern'
 1826 |         __extension__ (RUBY_CONST_ID_CACHE((ID), (str))) : \
      |                        ^~~~~~~~~~~~~~~~~~~~~~~~~~~~~~~~
/Library/Developer/CommandLineTools/SDKs/MacOSX.sdk/System/Library/Frameworks/Ruby.framework/Versions/2.6/usr/include/ruby-2.6.0/ruby/ruby.h:1811:5: note: expanded from macro 'RUBY_CONST_ID_CACHE'
 1811 |     {                                                   \
      |     ^
oj.c:1846:32: warning: '}' and ')' tokens terminating statement expression appear in different macro expansion contexts [-Wcompound-token-split-by-macro]
 1846 |     oj_raw_json_id           = rb_intern("raw_json");
      |                                ^~~~~~~~~~~~~~~~~~~~~
/Library/Developer/CommandLineTools/SDKs/MacOSX.sdk/System/Library/Frameworks/Ruby.framework/Versions/2.6/usr/include/ruby-2.6.0/ruby/ruby.h:1826:24: note: expanded from macro 'rb_intern'
 1826 |         __extension__ (RUBY_CONST_ID_CACHE((ID), (str))) : \
      |                        ^~~~~~~~~~~~~~~~~~~~~~~~~~~~~~~~
/Library/Developer/CommandLineTools/SDKs/MacOSX.sdk/System/Library/Frameworks/Ruby.framework/Versions/2.6/usr/include/ruby-2.6.0/ruby/ruby.h:1816:5: note: expanded from macro 'RUBY_CONST_ID_CACHE'
 1816 |     }
      |     ^
oj.c:1846:32: note: ')' token is here
 1846 |     oj_raw_json_id           = rb_intern("raw_json");
      |                                ^~~~~~~~~~~~~~~~~~~~~
/Library/Developer/CommandLineTools/SDKs/MacOSX.sdk/System/Library/Frameworks/Ruby.framework/Versions/2.6/usr/include/ruby-2.6.0/ruby/ruby.h:1826:56: note: expanded from macro 'rb_intern'
 1826 |         __extension__ (RUBY_CONST_ID_CACHE((ID), (str))) : \
      |                                                        ^
oj.c:1847:32: warning: '(' and '{' tokens introducing statement expression appear in different macro expansion contexts [-Wcompound-token-split-by-macro]
 1847 |     oj_read_id               = rb_intern("read");
      |                                ^~~~~~~~~~~~~~~~~
/Library/Developer/CommandLineTools/SDKs/MacOSX.sdk/System/Library/Frameworks/Ruby.framework/Versions/2.6/usr/include/ruby-2.6.0/ruby/ruby.h:1826:23: note: expanded from macro 'rb_intern'
 1826 |         __extension__ (RUBY_CONST_ID_CACHE((ID), (str))) : \
      |                       ^
oj.c:1847:32: note: '{' token is here
 1847 |     oj_read_id               = rb_intern("read");
      |                                ^~~~~~~~~~~~~~~~~
/Library/Developer/CommandLineTools/SDKs/MacOSX.sdk/System/Library/Frameworks/Ruby.framework/Versions/2.6/usr/include/ruby-2.6.0/ruby/ruby.h:1826:24: note: expanded from macro 'rb_intern'
 1826 |         __extension__ (RUBY_CONST_ID_CACHE((ID), (str))) : \
      |                        ^~~~~~~~~~~~~~~~~~~~~~~~~~~~~~~~
/Library/Developer/CommandLineTools/SDKs/MacOSX.sdk/System/Library/Frameworks/Ruby.framework/Versions/2.6/usr/include/ruby-2.6.0/ruby/ruby.h:1811:5: note: expanded from macro 'RUBY_CONST_ID_CACHE'
 1811 |     {                                                   \
      |     ^
oj.c:1847:32: warning: '}' and ')' tokens terminating statement expression appear in different macro expansion contexts [-Wcompound-token-split-by-macro]
 1847 |     oj_read_id               = rb_intern("read");
      |                                ^~~~~~~~~~~~~~~~~
/Library/Developer/CommandLineTools/SDKs/MacOSX.sdk/System/Library/Frameworks/Ruby.framework/Versions/2.6/usr/include/ruby-2.6.0/ruby/ruby.h:1826:24: note: expanded from macro 'rb_intern'
 1826 |         __extension__ (RUBY_CONST_ID_CACHE((ID), (str))) : \
      |                        ^~~~~~~~~~~~~~~~~~~~~~~~~~~~~~~~
/Library/Developer/CommandLineTools/SDKs/MacOSX.sdk/System/Library/Frameworks/Ruby.framework/Versions/2.6/usr/include/ruby-2.6.0/ruby/ruby.h:1816:5: note: expanded from macro 'RUBY_CONST_ID_CACHE'
 1816 |     }
      |     ^
oj.c:1847:32: note: ')' token is here
 1847 |     oj_read_id               = rb_intern("read");
      |                                ^~~~~~~~~~~~~~~~~
/Library/Developer/CommandLineTools/SDKs/MacOSX.sdk/System/Library/Frameworks/Ruby.framework/Versions/2.6/usr/include/ruby-2.6.0/ruby/ruby.h:1826:56: note: expanded from macro 'rb_intern'
 1826 |         __extension__ (RUBY_CONST_ID_CACHE((ID), (str))) : \
      |                                                        ^
oj.c:1848:32: warning: '(' and '{' tokens introducing statement expression appear in different macro expansion contexts [-Wcompound-token-split-by-macro]
 1848 |     oj_readpartial_id        = rb_intern("readpartial");
      |                                ^~~~~~~~~~~~~~~~~~~~~~~~
/Library/Developer/CommandLineTools/SDKs/MacOSX.sdk/System/Library/Frameworks/Ruby.framework/Versions/2.6/usr/include/ruby-2.6.0/ruby/ruby.h:1826:23: note: expanded from macro 'rb_intern'
 1826 |         __extension__ (RUBY_CONST_ID_CACHE((ID), (str))) : \
      |                       ^
oj.c:1848:32: note: '{' token is here
 1848 |     oj_readpartial_id        = rb_intern("readpartial");
      |                                ^~~~~~~~~~~~~~~~~~~~~~~~
/Library/Developer/CommandLineTools/SDKs/MacOSX.sdk/System/Library/Frameworks/Ruby.framework/Versions/2.6/usr/include/ruby-2.6.0/ruby/ruby.h:1826:24: note: expanded from macro 'rb_intern'
 1826 |         __extension__ (RUBY_CONST_ID_CACHE((ID), (str))) : \
      |                        ^~~~~~~~~~~~~~~~~~~~~~~~~~~~~~~~
/Library/Developer/CommandLineTools/SDKs/MacOSX.sdk/System/Library/Frameworks/Ruby.framework/Versions/2.6/usr/include/ruby-2.6.0/ruby/ruby.h:1811:5: note: expanded from macro 'RUBY_CONST_ID_CACHE'
 1811 |     {                                                   \
      |     ^
oj.c:1848:32: warning: '}' and ')' tokens terminating statement expression appear in different macro expansion contexts [-Wcompound-token-split-by-macro]
 1848 |     oj_readpartial_id        = rb_intern("readpartial");
      |                                ^~~~~~~~~~~~~~~~~~~~~~~~
/Library/Developer/CommandLineTools/SDKs/MacOSX.sdk/System/Library/Frameworks/Ruby.framework/Versions/2.6/usr/include/ruby-2.6.0/ruby/ruby.h:1826:24: note: expanded from macro 'rb_intern'
 1826 |         __extension__ (RUBY_CONST_ID_CACHE((ID), (str))) : \
      |                        ^~~~~~~~~~~~~~~~~~~~~~~~~~~~~~~~
/Library/Developer/CommandLineTools/SDKs/MacOSX.sdk/System/Library/Frameworks/Ruby.framework/Versions/2.6/usr/include/ruby-2.6.0/ruby/ruby.h:1816:5: note: expanded from macro 'RUBY_CONST_ID_CACHE'
 1816 |     }
      |     ^
oj.c:1848:32: note: ')' token is here
 1848 |     oj_readpartial_id        = rb_intern("readpartial");
      |                                ^~~~~~~~~~~~~~~~~~~~~~~~
/Library/Developer/CommandLineTools/SDKs/MacOSX.sdk/System/Library/Frameworks/Ruby.framework/Versions/2.6/usr/include/ruby-2.6.0/ruby/ruby.h:1826:56: note: expanded from macro 'rb_intern'
 1826 |         __extension__ (RUBY_CONST_ID_CACHE((ID), (str))) : \
      |                                                        ^
oj.c:1849:32: warning: '(' and '{' tokens introducing statement expression appear in different macro expansion contexts [-Wcompound-token-split-by-macro]
 1849 |     oj_replace_id            = rb_intern("replace");
      |                                ^~~~~~~~~~~~~~~~~~~~
/Library/Developer/CommandLineTools/SDKs/MacOSX.sdk/System/Library/Frameworks/Ruby.framework/Versions/2.6/usr/include/ruby-2.6.0/ruby/ruby.h:1826:23: note: expanded from macro 'rb_intern'
 1826 |         __extension__ (RUBY_CONST_ID_CACHE((ID), (str))) : \
      |                       ^
oj.c:1849:32: note: '{' token is here
 1849 |     oj_replace_id            = rb_intern("replace");
      |                                ^~~~~~~~~~~~~~~~~~~~
/Library/Developer/CommandLineTools/SDKs/MacOSX.sdk/System/Library/Frameworks/Ruby.framework/Versions/2.6/usr/include/ruby-2.6.0/ruby/ruby.h:1826:24: note: expanded from macro 'rb_intern'
 1826 |         __extension__ (RUBY_CONST_ID_CACHE((ID), (str))) : \
      |                        ^~~~~~~~~~~~~~~~~~~~~~~~~~~~~~~~
/Library/Developer/CommandLineTools/SDKs/MacOSX.sdk/System/Library/Frameworks/Ruby.framework/Versions/2.6/usr/include/ruby-2.6.0/ruby/ruby.h:1811:5: note: expanded from macro 'RUBY_CONST_ID_CACHE'
 1811 |     {                                                   \
      |     ^
oj.c:1849:32: warning: '}' and ')' tokens terminating statement expression appear in different macro expansion contexts [-Wcompound-token-split-by-macro]
 1849 |     oj_replace_id            = rb_intern("replace");
      |                                ^~~~~~~~~~~~~~~~~~~~
/Library/Developer/CommandLineTools/SDKs/MacOSX.sdk/System/Library/Frameworks/Ruby.framework/Versions/2.6/usr/include/ruby-2.6.0/ruby/ruby.h:1826:24: note: expanded from macro 'rb_intern'
 1826 |         __extension__ (RUBY_CONST_ID_CACHE((ID), (str))) : \
      |                        ^~~~~~~~~~~~~~~~~~~~~~~~~~~~~~~~
/Library/Developer/CommandLineTools/SDKs/MacOSX.sdk/System/Library/Frameworks/Ruby.framework/Versions/2.6/usr/include/ruby-2.6.0/ruby/ruby.h:1816:5: note: expanded from macro 'RUBY_CONST_ID_CACHE'
 1816 |     }
      |     ^
oj.c:1849:32: note: ')' token is here
 1849 |     oj_replace_id            = rb_intern("replace");
      |                                ^~~~~~~~~~~~~~~~~~~~
/Library/Developer/CommandLineTools/SDKs/MacOSX.sdk/System/Library/Frameworks/Ruby.framework/Versions/2.6/usr/include/ruby-2.6.0/ruby/ruby.h:1826:56: note: expanded from macro 'rb_intern'
 1826 |         __extension__ (RUBY_CONST_ID_CACHE((ID), (str))) : \
      |                                                        ^
oj.c:1850:32: warning: '(' and '{' tokens introducing statement expression appear in different macro expansion contexts [-Wcompound-token-split-by-macro]
 1850 |     oj_stat_id               = rb_intern("stat");
      |                                ^~~~~~~~~~~~~~~~~
/Library/Developer/CommandLineTools/SDKs/MacOSX.sdk/System/Library/Frameworks/Ruby.framework/Versions/2.6/usr/include/ruby-2.6.0/ruby/ruby.h:1826:23: note: expanded from macro 'rb_intern'
 1826 |         __extension__ (RUBY_CONST_ID_CACHE((ID), (str))) : \
      |                       ^
oj.c:1850:32: note: '{' token is here
 1850 |     oj_stat_id               = rb_intern("stat");
      |                                ^~~~~~~~~~~~~~~~~
/Library/Developer/CommandLineTools/SDKs/MacOSX.sdk/System/Library/Frameworks/Ruby.framework/Versions/2.6/usr/include/ruby-2.6.0/ruby/ruby.h:1826:24: note: expanded from macro 'rb_intern'
 1826 |         __extension__ (RUBY_CONST_ID_CACHE((ID), (str))) : \
      |                        ^~~~~~~~~~~~~~~~~~~~~~~~~~~~~~~~
/Library/Developer/CommandLineTools/SDKs/MacOSX.sdk/System/Library/Frameworks/Ruby.framework/Versions/2.6/usr/include/ruby-2.6.0/ruby/ruby.h:1811:5: note: expanded from macro 'RUBY_CONST_ID_CACHE'
 1811 |     {                                                   \
      |     ^
oj.c:1850:32: warning: '}' and ')' tokens terminating statement expression appear in different macro expansion contexts [-Wcompound-token-split-by-macro]
 1850 |     oj_stat_id               = rb_intern("stat");
      |                                ^~~~~~~~~~~~~~~~~
/Library/Developer/CommandLineTools/SDKs/MacOSX.sdk/System/Library/Frameworks/Ruby.framework/Versions/2.6/usr/include/ruby-2.6.0/ruby/ruby.h:1826:24: note: expanded from macro 'rb_intern'
 1826 |         __extension__ (RUBY_CONST_ID_CACHE((ID), (str))) : \
      |                        ^~~~~~~~~~~~~~~~~~~~~~~~~~~~~~~~
/Library/Developer/CommandLineTools/SDKs/MacOSX.sdk/System/Library/Frameworks/Ruby.framework/Versions/2.6/usr/include/ruby-2.6.0/ruby/ruby.h:1816:5: note: expanded from macro 'RUBY_CONST_ID_CACHE'
 1816 |     }
      |     ^
oj.c:1850:32: note: ')' token is here
 1850 |     oj_stat_id               = rb_intern("stat");
      |                                ^~~~~~~~~~~~~~~~~
/Library/Developer/CommandLineTools/SDKs/MacOSX.sdk/System/Library/Frameworks/Ruby.framework/Versions/2.6/usr/include/ruby-2.6.0/ruby/ruby.h:1826:56: note: expanded from macro 'rb_intern'
 1826 |         __extension__ (RUBY_CONST_ID_CACHE((ID), (str))) : \
      |                                                        ^
oj.c:1851:32: warning: '(' and '{' tokens introducing statement expression appear in different macro expansion contexts [-Wcompound-token-split-by-macro]
 1851 |     oj_string_id             = rb_intern("string");
      |                                ^~~~~~~~~~~~~~~~~~~
/Library/Developer/CommandLineTools/SDKs/MacOSX.sdk/System/Library/Frameworks/Ruby.framework/Versions/2.6/usr/include/ruby-2.6.0/ruby/ruby.h:1826:23: note: expanded from macro 'rb_intern'
 1826 |         __extension__ (RUBY_CONST_ID_CACHE((ID), (str))) : \
      |                       ^
oj.c:1851:32: note: '{' token is here
 1851 |     oj_string_id             = rb_intern("string");
      |                                ^~~~~~~~~~~~~~~~~~~
/Library/Developer/CommandLineTools/SDKs/MacOSX.sdk/System/Library/Frameworks/Ruby.framework/Versions/2.6/usr/include/ruby-2.6.0/ruby/ruby.h:1826:24: note: expanded from macro 'rb_intern'
 1826 |         __extension__ (RUBY_CONST_ID_CACHE((ID), (str))) : \
      |                        ^~~~~~~~~~~~~~~~~~~~~~~~~~~~~~~~
/Library/Developer/CommandLineTools/SDKs/MacOSX.sdk/System/Library/Frameworks/Ruby.framework/Versions/2.6/usr/include/ruby-2.6.0/ruby/ruby.h:1811:5: note: expanded from macro 'RUBY_CONST_ID_CACHE'
 1811 |     {                                                   \
      |     ^
oj.c:1851:32: warning: '}' and ')' tokens terminating statement expression appear in different macro expansion contexts [-Wcompound-token-split-by-macro]
 1851 |     oj_string_id             = rb_intern("string");
      |                                ^~~~~~~~~~~~~~~~~~~
/Library/Developer/CommandLineTools/SDKs/MacOSX.sdk/System/Library/Frameworks/Ruby.framework/Versions/2.6/usr/include/ruby-2.6.0/ruby/ruby.h:1826:24: note: expanded from macro 'rb_intern'
 1826 |         __extension__ (RUBY_CONST_ID_CACHE((ID), (str))) : \
      |                        ^~~~~~~~~~~~~~~~~~~~~~~~~~~~~~~~
/Library/Developer/CommandLineTools/SDKs/MacOSX.sdk/System/Library/Frameworks/Ruby.framework/Versions/2.6/usr/include/ruby-2.6.0/ruby/ruby.h:1816:5: note: expanded from macro 'RUBY_CONST_ID_CACHE'
 1816 |     }
      |     ^
oj.c:1851:32: note: ')' token is here
 1851 |     oj_string_id             = rb_intern("string");
      |                                ^~~~~~~~~~~~~~~~~~~
/Library/Developer/CommandLineTools/SDKs/MacOSX.sdk/System/Library/Frameworks/Ruby.framework/Versions/2.6/usr/include/ruby-2.6.0/ruby/ruby.h:1826:56: note: expanded from macro 'rb_intern'
 1826 |         __extension__ (RUBY_CONST_ID_CACHE((ID), (str))) : \
      |                                                        ^
oj.c:1852:32: warning: '(' and '{' tokens introducing statement expression appear in different macro expansion contexts [-Wcompound-token-split-by-macro]
 1852 |     oj_to_h_id               = rb_intern("to_h");
      |                                ^~~~~~~~~~~~~~~~~
/Library/Developer/CommandLineTools/SDKs/MacOSX.sdk/System/Library/Frameworks/Ruby.framework/Versions/2.6/usr/include/ruby-2.6.0/ruby/ruby.h:1826:23: note: expanded from macro 'rb_intern'
 1826 |         __extension__ (RUBY_CONST_ID_CACHE((ID), (str))) : \
      |                       ^
oj.c:1852:32: note: '{' token is here
 1852 |     oj_to_h_id               = rb_intern("to_h");
      |                                ^~~~~~~~~~~~~~~~~
/Library/Developer/CommandLineTools/SDKs/MacOSX.sdk/System/Library/Frameworks/Ruby.framework/Versions/2.6/usr/include/ruby-2.6.0/ruby/ruby.h:1826:24: note: expanded from macro 'rb_intern'
 1826 |         __extension__ (RUBY_CONST_ID_CACHE((ID), (str))) : \
      |                        ^~~~~~~~~~~~~~~~~~~~~~~~~~~~~~~~
/Library/Developer/CommandLineTools/SDKs/MacOSX.sdk/System/Library/Frameworks/Ruby.framework/Versions/2.6/usr/include/ruby-2.6.0/ruby/ruby.h:1811:5: note: expanded from macro 'RUBY_CONST_ID_CACHE'
 1811 |     {                                                   \
      |     ^
oj.c:1852:32: warning: '}' and ')' tokens terminating statement expression appear in different macro expansion contexts [-Wcompound-token-split-by-macro]
 1852 |     oj_to_h_id               = rb_intern("to_h");
      |                                ^~~~~~~~~~~~~~~~~
/Library/Developer/CommandLineTools/SDKs/MacOSX.sdk/System/Library/Frameworks/Ruby.framework/Versions/2.6/usr/include/ruby-2.6.0/ruby/ruby.h:1826:24: note: expanded from macro 'rb_intern'
 1826 |         __extension__ (RUBY_CONST_ID_CACHE((ID), (str))) : \
      |                        ^~~~~~~~~~~~~~~~~~~~~~~~~~~~~~~~
/Library/Developer/CommandLineTools/SDKs/MacOSX.sdk/System/Library/Frameworks/Ruby.framework/Versions/2.6/usr/include/ruby-2.6.0/ruby/ruby.h:1816:5: note: expanded from macro 'RUBY_CONST_ID_CACHE'
 1816 |     }
      |     ^
oj.c:1852:32: note: ')' token is here
 1852 |     oj_to_h_id               = rb_intern("to_h");
      |                                ^~~~~~~~~~~~~~~~~
/Library/Developer/CommandLineTools/SDKs/MacOSX.sdk/System/Library/Frameworks/Ruby.framework/Versions/2.6/usr/include/ruby-2.6.0/ruby/ruby.h:1826:56: note: expanded from macro 'rb_intern'
 1826 |         __extension__ (RUBY_CONST_ID_CACHE((ID), (str))) : \
      |                                                        ^
oj.c:1853:32: warning: '(' and '{' tokens introducing statement expression appear in different macro expansion contexts [-Wcompound-token-split-by-macro]
 1853 |     oj_to_hash_id            = rb_intern("to_hash");
      |                                ^~~~~~~~~~~~~~~~~~~~
/Library/Developer/CommandLineTools/SDKs/MacOSX.sdk/System/Library/Frameworks/Ruby.framework/Versions/2.6/usr/include/ruby-2.6.0/ruby/ruby.h:1826:23: note: expanded from macro 'rb_intern'
 1826 |         __extension__ (RUBY_CONST_ID_CACHE((ID), (str))) : \
      |                       ^
oj.c:1853:32: note: '{' token is here
 1853 |     oj_to_hash_id            = rb_intern("to_hash");
      |                                ^~~~~~~~~~~~~~~~~~~~
/Library/Developer/CommandLineTools/SDKs/MacOSX.sdk/System/Library/Frameworks/Ruby.framework/Versions/2.6/usr/include/ruby-2.6.0/ruby/ruby.h:1826:24: note: expanded from macro 'rb_intern'
 1826 |         __extension__ (RUBY_CONST_ID_CACHE((ID), (str))) : \
      |                        ^~~~~~~~~~~~~~~~~~~~~~~~~~~~~~~~
/Library/Developer/CommandLineTools/SDKs/MacOSX.sdk/System/Library/Frameworks/Ruby.framework/Versions/2.6/usr/include/ruby-2.6.0/ruby/ruby.h:1811:5: note: expanded from macro 'RUBY_CONST_ID_CACHE'
 1811 |     {                                                   \
      |     ^
oj.c:1853:32: warning: '}' and ')' tokens terminating statement expression appear in different macro expansion contexts [-Wcompound-token-split-by-macro]
 1853 |     oj_to_hash_id            = rb_intern("to_hash");
      |                                ^~~~~~~~~~~~~~~~~~~~
/Library/Developer/CommandLineTools/SDKs/MacOSX.sdk/System/Library/Frameworks/Ruby.framework/Versions/2.6/usr/include/ruby-2.6.0/ruby/ruby.h:1826:24: note: expanded from macro 'rb_intern'
 1826 |         __extension__ (RUBY_CONST_ID_CACHE((ID), (str))) : \
      |                        ^~~~~~~~~~~~~~~~~~~~~~~~~~~~~~~~
/Library/Developer/CommandLineTools/SDKs/MacOSX.sdk/System/Library/Frameworks/Ruby.framework/Versions/2.6/usr/include/ruby-2.6.0/ruby/ruby.h:1816:5: note: expanded from macro 'RUBY_CONST_ID_CACHE'
 1816 |     }
      |     ^
oj.c:1853:32: note: ')' token is here
 1853 |     oj_to_hash_id            = rb_intern("to_hash");
      |                                ^~~~~~~~~~~~~~~~~~~~
/Library/Developer/CommandLineTools/SDKs/MacOSX.sdk/System/Library/Frameworks/Ruby.framework/Versions/2.6/usr/include/ruby-2.6.0/ruby/ruby.h:1826:56: note: expanded from macro 'rb_intern'
 1826 |         __extension__ (RUBY_CONST_ID_CACHE((ID), (str))) : \
      |                                                        ^
oj.c:1854:32: warning: '(' and '{' tokens introducing statement expression appear in different macro expansion contexts [-Wcompound-token-split-by-macro]
 1854 |     oj_to_json_id            = rb_intern("to_json");
      |                                ^~~~~~~~~~~~~~~~~~~~
/Library/Developer/CommandLineTools/SDKs/MacOSX.sdk/System/Library/Frameworks/Ruby.framework/Versions/2.6/usr/include/ruby-2.6.0/ruby/ruby.h:1826:23: note: expanded from macro 'rb_intern'
 1826 |         __extension__ (RUBY_CONST_ID_CACHE((ID), (str))) : \
      |                       ^
oj.c:1854:32: note: '{' token is here
 1854 |     oj_to_json_id            = rb_intern("to_json");
      |                                ^~~~~~~~~~~~~~~~~~~~
/Library/Developer/CommandLineTools/SDKs/MacOSX.sdk/System/Library/Frameworks/Ruby.framework/Versions/2.6/usr/include/ruby-2.6.0/ruby/ruby.h:1826:24: note: expanded from macro 'rb_intern'
 1826 |         __extension__ (RUBY_CONST_ID_CACHE((ID), (str))) : \
      |                        ^~~~~~~~~~~~~~~~~~~~~~~~~~~~~~~~
/Library/Developer/CommandLineTools/SDKs/MacOSX.sdk/System/Library/Frameworks/Ruby.framework/Versions/2.6/usr/include/ruby-2.6.0/ruby/ruby.h:1811:5: note: expanded from macro 'RUBY_CONST_ID_CACHE'
 1811 |     {                                                   \
      |     ^
oj.c:1854:32: warning: '}' and ')' tokens terminating statement expression appear in different macro expansion contexts [-Wcompound-token-split-by-macro]
 1854 |     oj_to_json_id            = rb_intern("to_json");
      |                                ^~~~~~~~~~~~~~~~~~~~
/Library/Developer/CommandLineTools/SDKs/MacOSX.sdk/System/Library/Frameworks/Ruby.framework/Versions/2.6/usr/include/ruby-2.6.0/ruby/ruby.h:1826:24: note: expanded from macro 'rb_intern'
 1826 |         __extension__ (RUBY_CONST_ID_CACHE((ID), (str))) : \
      |                        ^~~~~~~~~~~~~~~~~~~~~~~~~~~~~~~~
/Library/Developer/CommandLineTools/SDKs/MacOSX.sdk/System/Library/Frameworks/Ruby.framework/Versions/2.6/usr/include/ruby-2.6.0/ruby/ruby.h:1816:5: note: expanded from macro 'RUBY_CONST_ID_CACHE'
 1816 |     }
      |     ^
oj.c:1854:32: note: ')' token is here
 1854 |     oj_to_json_id            = rb_intern("to_json");
      |                                ^~~~~~~~~~~~~~~~~~~~
/Library/Developer/CommandLineTools/SDKs/MacOSX.sdk/System/Library/Frameworks/Ruby.framework/Versions/2.6/usr/include/ruby-2.6.0/ruby/ruby.h:1826:56: note: expanded from macro 'rb_intern'
 1826 |         __extension__ (RUBY_CONST_ID_CACHE((ID), (str))) : \
      |                                                        ^
oj.c:1855:32: warning: '(' and '{' tokens introducing statement expression appear in different macro expansion contexts [-Wcompound-token-split-by-macro]
 1855 |     oj_to_s_id               = rb_intern("to_s");
      |                                ^~~~~~~~~~~~~~~~~
/Library/Developer/CommandLineTools/SDKs/MacOSX.sdk/System/Library/Frameworks/Ruby.framework/Versions/2.6/usr/include/ruby-2.6.0/ruby/ruby.h:1826:23: note: expanded from macro 'rb_intern'
 1826 |         __extension__ (RUBY_CONST_ID_CACHE((ID), (str))) : \
      |                       ^
oj.c:1855:32: note: '{' token is here
 1855 |     oj_to_s_id               = rb_intern("to_s");
      |                                ^~~~~~~~~~~~~~~~~
/Library/Developer/CommandLineTools/SDKs/MacOSX.sdk/System/Library/Frameworks/Ruby.framework/Versions/2.6/usr/include/ruby-2.6.0/ruby/ruby.h:1826:24: note: expanded from macro 'rb_intern'
 1826 |         __extension__ (RUBY_CONST_ID_CACHE((ID), (str))) : \
      |                        ^~~~~~~~~~~~~~~~~~~~~~~~~~~~~~~~
/Library/Developer/CommandLineTools/SDKs/MacOSX.sdk/System/Library/Frameworks/Ruby.framework/Versions/2.6/usr/include/ruby-2.6.0/ruby/ruby.h:1811:5: note: expanded from macro 'RUBY_CONST_ID_CACHE'
 1811 |     {                                                   \
      |     ^
oj.c:1855:32: warning: '}' and ')' tokens terminating statement expression appear in different macro expansion contexts [-Wcompound-token-split-by-macro]
 1855 |     oj_to_s_id               = rb_intern("to_s");
      |                                ^~~~~~~~~~~~~~~~~
/Library/Developer/CommandLineTools/SDKs/MacOSX.sdk/System/Library/Frameworks/Ruby.framework/Versions/2.6/usr/include/ruby-2.6.0/ruby/ruby.h:1826:24: note: expanded from macro 'rb_intern'
 1826 |         __extension__ (RUBY_CONST_ID_CACHE((ID), (str))) : \
      |                        ^~~~~~~~~~~~~~~~~~~~~~~~~~~~~~~~
/Library/Developer/CommandLineTools/SDKs/MacOSX.sdk/System/Library/Frameworks/Ruby.framework/Versions/2.6/usr/include/ruby-2.6.0/ruby/ruby.h:1816:5: note: expanded from macro 'RUBY_CONST_ID_CACHE'
 1816 |     }
      |     ^
oj.c:1855:32: note: ')' token is here
 1855 |     oj_to_s_id               = rb_intern("to_s");
      |                                ^~~~~~~~~~~~~~~~~
/Library/Developer/CommandLineTools/SDKs/MacOSX.sdk/System/Library/Frameworks/Ruby.framework/Versions/2.6/usr/include/ruby-2.6.0/ruby/ruby.h:1826:56: note: expanded from macro 'rb_intern'
 1826 |         __extension__ (RUBY_CONST_ID_CACHE((ID), (str))) : \
      |                                                        ^
oj.c:1856:32: warning: '(' and '{' tokens introducing statement expression appear in different macro expansion contexts [-Wcompound-token-split-by-macro]
 1856 |     oj_to_sym_id             = rb_intern("to_sym");
      |                                ^~~~~~~~~~~~~~~~~~~
/Library/Developer/CommandLineTools/SDKs/MacOSX.sdk/System/Library/Frameworks/Ruby.framework/Versions/2.6/usr/include/ruby-2.6.0/ruby/ruby.h:1826:23: note: expanded from macro 'rb_intern'
 1826 |         __extension__ (RUBY_CONST_ID_CACHE((ID), (str))) : \
      |                       ^
oj.c:1856:32: note: '{' token is here
 1856 |     oj_to_sym_id             = rb_intern("to_sym");
      |                                ^~~~~~~~~~~~~~~~~~~
/Library/Developer/CommandLineTools/SDKs/MacOSX.sdk/System/Library/Frameworks/Ruby.framework/Versions/2.6/usr/include/ruby-2.6.0/ruby/ruby.h:1826:24: note: expanded from macro 'rb_intern'
 1826 |         __extension__ (RUBY_CONST_ID_CACHE((ID), (str))) : \
      |                        ^~~~~~~~~~~~~~~~~~~~~~~~~~~~~~~~
/Library/Developer/CommandLineTools/SDKs/MacOSX.sdk/System/Library/Frameworks/Ruby.framework/Versions/2.6/usr/include/ruby-2.6.0/ruby/ruby.h:1811:5: note: expanded from macro 'RUBY_CONST_ID_CACHE'
 1811 |     {                                                   \
      |     ^
oj.c:1856:32: warning: '}' and ')' tokens terminating statement expression appear in different macro expansion contexts [-Wcompound-token-split-by-macro]
 1856 |     oj_to_sym_id             = rb_intern("to_sym");
      |                                ^~~~~~~~~~~~~~~~~~~
/Library/Developer/CommandLineTools/SDKs/MacOSX.sdk/System/Library/Frameworks/Ruby.framework/Versions/2.6/usr/include/ruby-2.6.0/ruby/ruby.h:1826:24: note: expanded from macro 'rb_intern'
 1826 |         __extension__ (RUBY_CONST_ID_CACHE((ID), (str))) : \
      |                        ^~~~~~~~~~~~~~~~~~~~~~~~~~~~~~~~
/Library/Developer/CommandLineTools/SDKs/MacOSX.sdk/System/Library/Frameworks/Ruby.framework/Versions/2.6/usr/include/ruby-2.6.0/ruby/ruby.h:1816:5: note: expanded from macro 'RUBY_CONST_ID_CACHE'
 1816 |     }
      |     ^
oj.c:1856:32: note: ')' token is here
 1856 |     oj_to_sym_id             = rb_intern("to_sym");
      |                                ^~~~~~~~~~~~~~~~~~~
/Library/Developer/CommandLineTools/SDKs/MacOSX.sdk/System/Library/Frameworks/Ruby.framework/Versions/2.6/usr/include/ruby-2.6.0/ruby/ruby.h:1826:56: note: expanded from macro 'rb_intern'
 1826 |         __extension__ (RUBY_CONST_ID_CACHE((ID), (str))) : \
      |                                                        ^
oj.c:1857:32: warning: '(' and '{' tokens introducing statement expression appear in different macro expansion contexts [-Wcompound-token-split-by-macro]
 1857 |     oj_to_time_id            = rb_intern("to_time");
      |                                ^~~~~~~~~~~~~~~~~~~~
/Library/Developer/CommandLineTools/SDKs/MacOSX.sdk/System/Library/Frameworks/Ruby.framework/Versions/2.6/usr/include/ruby-2.6.0/ruby/ruby.h:1826:23: note: expanded from macro 'rb_intern'
 1826 |         __extension__ (RUBY_CONST_ID_CACHE((ID), (str))) : \
      |                       ^
oj.c:1857:32: note: '{' token is here
 1857 |     oj_to_time_id            = rb_intern("to_time");
      |                                ^~~~~~~~~~~~~~~~~~~~
/Library/Developer/CommandLineTools/SDKs/MacOSX.sdk/System/Library/Frameworks/Ruby.framework/Versions/2.6/usr/include/ruby-2.6.0/ruby/ruby.h:1826:24: note: expanded from macro 'rb_intern'
 1826 |         __extension__ (RUBY_CONST_ID_CACHE((ID), (str))) : \
      |                        ^~~~~~~~~~~~~~~~~~~~~~~~~~~~~~~~
/Library/Developer/CommandLineTools/SDKs/MacOSX.sdk/System/Library/Frameworks/Ruby.framework/Versions/2.6/usr/include/ruby-2.6.0/ruby/ruby.h:1811:5: note: expanded from macro 'RUBY_CONST_ID_CACHE'
 1811 |     {                                                   \
      |     ^
oj.c:1857:32: warning: '}' and ')' tokens terminating statement expression appear in different macro expansion contexts [-Wcompound-token-split-by-macro]
 1857 |     oj_to_time_id            = rb_intern("to_time");
      |                                ^~~~~~~~~~~~~~~~~~~~
/Library/Developer/CommandLineTools/SDKs/MacOSX.sdk/System/Library/Frameworks/Ruby.framework/Versions/2.6/usr/include/ruby-2.6.0/ruby/ruby.h:1826:24: note: expanded from macro 'rb_intern'
 1826 |         __extension__ (RUBY_CONST_ID_CACHE((ID), (str))) : \
      |                        ^~~~~~~~~~~~~~~~~~~~~~~~~~~~~~~~
/Library/Developer/CommandLineTools/SDKs/MacOSX.sdk/System/Library/Frameworks/Ruby.framework/Versions/2.6/usr/include/ruby-2.6.0/ruby/ruby.h:1816:5: note: expanded from macro 'RUBY_CONST_ID_CACHE'
 1816 |     }
      |     ^
oj.c:1857:32: note: ')' token is here
 1857 |     oj_to_time_id            = rb_intern("to_time");
      |                                ^~~~~~~~~~~~~~~~~~~~
/Library/Developer/CommandLineTools/SDKs/MacOSX.sdk/System/Library/Frameworks/Ruby.framework/Versions/2.6/usr/include/ruby-2.6.0/ruby/ruby.h:1826:56: note: expanded from macro 'rb_intern'
 1826 |         __extension__ (RUBY_CONST_ID_CACHE((ID), (str))) : \
      |                                                        ^
oj.c:1858:32: warning: '(' and '{' tokens introducing statement expression appear in different macro expansion contexts [-Wcompound-token-split-by-macro]
 1858 |     oj_tv_nsec_id            = rb_intern("tv_nsec");
      |                                ^~~~~~~~~~~~~~~~~~~~
/Library/Developer/CommandLineTools/SDKs/MacOSX.sdk/System/Library/Frameworks/Ruby.framework/Versions/2.6/usr/include/ruby-2.6.0/ruby/ruby.h:1826:23: note: expanded from macro 'rb_intern'
 1826 |         __extension__ (RUBY_CONST_ID_CACHE((ID), (str))) : \
      |                       ^
oj.c:1858:32: note: '{' token is here
 1858 |     oj_tv_nsec_id            = rb_intern("tv_nsec");
      |                                ^~~~~~~~~~~~~~~~~~~~
/Library/Developer/CommandLineTools/SDKs/MacOSX.sdk/System/Library/Frameworks/Ruby.framework/Versions/2.6/usr/include/ruby-2.6.0/ruby/ruby.h:1826:24: note: expanded from macro 'rb_intern'
 1826 |         __extension__ (RUBY_CONST_ID_CACHE((ID), (str))) : \
      |                        ^~~~~~~~~~~~~~~~~~~~~~~~~~~~~~~~
/Library/Developer/CommandLineTools/SDKs/MacOSX.sdk/System/Library/Frameworks/Ruby.framework/Versions/2.6/usr/include/ruby-2.6.0/ruby/ruby.h:1811:5: note: expanded from macro 'RUBY_CONST_ID_CACHE'
 1811 |     {                                                   \
      |     ^
oj.c:1858:32: warning: '}' and ')' tokens terminating statement expression appear in different macro expansion contexts [-Wcompound-token-split-by-macro]
 1858 |     oj_tv_nsec_id            = rb_intern("tv_nsec");
      |                                ^~~~~~~~~~~~~~~~~~~~
/Library/Developer/CommandLineTools/SDKs/MacOSX.sdk/System/Library/Frameworks/Ruby.framework/Versions/2.6/usr/include/ruby-2.6.0/ruby/ruby.h:1826:24: note: expanded from macro 'rb_intern'
 1826 |         __extension__ (RUBY_CONST_ID_CACHE((ID), (str))) : \
      |                        ^~~~~~~~~~~~~~~~~~~~~~~~~~~~~~~~
/Library/Developer/CommandLineTools/SDKs/MacOSX.sdk/System/Library/Frameworks/Ruby.framework/Versions/2.6/usr/include/ruby-2.6.0/ruby/ruby.h:1816:5: note: expanded from macro 'RUBY_CONST_ID_CACHE'
 1816 |     }
      |     ^
oj.c:1858:32: note: ')' token is here
 1858 |     oj_tv_nsec_id            = rb_intern("tv_nsec");
      |                                ^~~~~~~~~~~~~~~~~~~~
/Library/Developer/CommandLineTools/SDKs/MacOSX.sdk/System/Library/Frameworks/Ruby.framework/Versions/2.6/usr/include/ruby-2.6.0/ruby/ruby.h:1826:56: note: expanded from macro 'rb_intern'
 1826 |         __extension__ (RUBY_CONST_ID_CACHE((ID), (str))) : \
      |                                                        ^
oj.c:1859:32: warning: '(' and '{' tokens introducing statement expression appear in different macro expansion contexts [-Wcompound-token-split-by-macro]
 1859 |     oj_tv_sec_id             = rb_intern("tv_sec");
      |                                ^~~~~~~~~~~~~~~~~~~
/Library/Developer/CommandLineTools/SDKs/MacOSX.sdk/System/Library/Frameworks/Ruby.framework/Versions/2.6/usr/include/ruby-2.6.0/ruby/ruby.h:1826:23: note: expanded from macro 'rb_intern'
 1826 |         __extension__ (RUBY_CONST_ID_CACHE((ID), (str))) : \
      |                       ^
oj.c:1859:32: note: '{' token is here
 1859 |     oj_tv_sec_id             = rb_intern("tv_sec");
      |                                ^~~~~~~~~~~~~~~~~~~
/Library/Developer/CommandLineTools/SDKs/MacOSX.sdk/System/Library/Frameworks/Ruby.framework/Versions/2.6/usr/include/ruby-2.6.0/ruby/ruby.h:1826:24: note: expanded from macro 'rb_intern'
 1826 |         __extension__ (RUBY_CONST_ID_CACHE((ID), (str))) : \
      |                        ^~~~~~~~~~~~~~~~~~~~~~~~~~~~~~~~
/Library/Developer/CommandLineTools/SDKs/MacOSX.sdk/System/Library/Frameworks/Ruby.framework/Versions/2.6/usr/include/ruby-2.6.0/ruby/ruby.h:1811:5: note: expanded from macro 'RUBY_CONST_ID_CACHE'
 1811 |     {                                                   \
      |     ^
oj.c:1859:32: warning: '}' and ')' tokens terminating statement expression appear in different macro expansion contexts [-Wcompound-token-split-by-macro]
 1859 |     oj_tv_sec_id             = rb_intern("tv_sec");
      |                                ^~~~~~~~~~~~~~~~~~~
/Library/Developer/CommandLineTools/SDKs/MacOSX.sdk/System/Library/Frameworks/Ruby.framework/Versions/2.6/usr/include/ruby-2.6.0/ruby/ruby.h:1826:24: note: expanded from macro 'rb_intern'
 1826 |         __extension__ (RUBY_CONST_ID_CACHE((ID), (str))) : \
      |                        ^~~~~~~~~~~~~~~~~~~~~~~~~~~~~~~~
/Library/Developer/CommandLineTools/SDKs/MacOSX.sdk/System/Library/Frameworks/Ruby.framework/Versions/2.6/usr/include/ruby-2.6.0/ruby/ruby.h:1816:5: note: expanded from macro 'RUBY_CONST_ID_CACHE'
 1816 |     }
      |     ^
oj.c:1859:32: note: ')' token is here
 1859 |     oj_tv_sec_id             = rb_intern("tv_sec");
      |                                ^~~~~~~~~~~~~~~~~~~
/Library/Developer/CommandLineTools/SDKs/MacOSX.sdk/System/Library/Frameworks/Ruby.framework/Versions/2.6/usr/include/ruby-2.6.0/ruby/ruby.h:1826:56: note: expanded from macro 'rb_intern'
 1826 |         __extension__ (RUBY_CONST_ID_CACHE((ID), (str))) : \
      |                                                        ^
oj.c:1860:32: warning: '(' and '{' tokens introducing statement expression appear in different macro expansion contexts [-Wcompound-token-split-by-macro]
 1860 |     oj_tv_usec_id            = rb_intern("tv_usec");
      |                                ^~~~~~~~~~~~~~~~~~~~
/Library/Developer/CommandLineTools/SDKs/MacOSX.sdk/System/Library/Frameworks/Ruby.framework/Versions/2.6/usr/include/ruby-2.6.0/ruby/ruby.h:1826:23: note: expanded from macro 'rb_intern'
 1826 |         __extension__ (RUBY_CONST_ID_CACHE((ID), (str))) : \
      |                       ^
oj.c:1860:32: note: '{' token is here
 1860 |     oj_tv_usec_id            = rb_intern("tv_usec");
      |                                ^~~~~~~~~~~~~~~~~~~~
/Library/Developer/CommandLineTools/SDKs/MacOSX.sdk/System/Library/Frameworks/Ruby.framework/Versions/2.6/usr/include/ruby-2.6.0/ruby/ruby.h:1826:24: note: expanded from macro 'rb_intern'
 1826 |         __extension__ (RUBY_CONST_ID_CACHE((ID), (str))) : \
      |                        ^~~~~~~~~~~~~~~~~~~~~~~~~~~~~~~~
/Library/Developer/CommandLineTools/SDKs/MacOSX.sdk/System/Library/Frameworks/Ruby.framework/Versions/2.6/usr/include/ruby-2.6.0/ruby/ruby.h:1811:5: note: expanded from macro 'RUBY_CONST_ID_CACHE'
 1811 |     {                                                   \
      |     ^
oj.c:1860:32: warning: '}' and ')' tokens terminating statement expression appear in different macro expansion contexts [-Wcompound-token-split-by-macro]
 1860 |     oj_tv_usec_id            = rb_intern("tv_usec");
      |                                ^~~~~~~~~~~~~~~~~~~~
/Library/Developer/CommandLineTools/SDKs/MacOSX.sdk/System/Library/Frameworks/Ruby.framework/Versions/2.6/usr/include/ruby-2.6.0/ruby/ruby.h:1826:24: note: expanded from macro 'rb_intern'
 1826 |         __extension__ (RUBY_CONST_ID_CACHE((ID), (str))) : \
      |                        ^~~~~~~~~~~~~~~~~~~~~~~~~~~~~~~~
/Library/Developer/CommandLineTools/SDKs/MacOSX.sdk/System/Library/Frameworks/Ruby.framework/Versions/2.6/usr/include/ruby-2.6.0/ruby/ruby.h:1816:5: note: expanded from macro 'RUBY_CONST_ID_CACHE'
 1816 |     }
      |     ^
oj.c:1860:32: note: ')' token is here
 1860 |     oj_tv_usec_id            = rb_intern("tv_usec");
      |                                ^~~~~~~~~~~~~~~~~~~~
/Library/Developer/CommandLineTools/SDKs/MacOSX.sdk/System/Library/Frameworks/Ruby.framework/Versions/2.6/usr/include/ruby-2.6.0/ruby/ruby.h:1826:56: note: expanded from macro 'rb_intern'
 1826 |         __extension__ (RUBY_CONST_ID_CACHE((ID), (str))) : \
      |                                                        ^
oj.c:1861:32: warning: '(' and '{' tokens introducing statement expression appear in different macro expansion contexts [-Wcompound-token-split-by-macro]
 1861 |     oj_utc_id                = rb_intern("utc");
      |                                ^~~~~~~~~~~~~~~~
/Library/Developer/CommandLineTools/SDKs/MacOSX.sdk/System/Library/Frameworks/Ruby.framework/Versions/2.6/usr/include/ruby-2.6.0/ruby/ruby.h:1826:23: note: expanded from macro 'rb_intern'
 1826 |         __extension__ (RUBY_CONST_ID_CACHE((ID), (str))) : \
      |                       ^
oj.c:1861:32: note: '{' token is here
 1861 |     oj_utc_id                = rb_intern("utc");
      |                                ^~~~~~~~~~~~~~~~
/Library/Developer/CommandLineTools/SDKs/MacOSX.sdk/System/Library/Frameworks/Ruby.framework/Versions/2.6/usr/include/ruby-2.6.0/ruby/ruby.h:1826:24: note: expanded from macro 'rb_intern'
 1826 |         __extension__ (RUBY_CONST_ID_CACHE((ID), (str))) : \
      |                        ^~~~~~~~~~~~~~~~~~~~~~~~~~~~~~~~
/Library/Developer/CommandLineTools/SDKs/MacOSX.sdk/System/Library/Frameworks/Ruby.framework/Versions/2.6/usr/include/ruby-2.6.0/ruby/ruby.h:1811:5: note: expanded from macro 'RUBY_CONST_ID_CACHE'
 1811 |     {                                                   \
      |     ^
oj.c:1861:32: warning: '}' and ')' tokens terminating statement expression appear in different macro expansion contexts [-Wcompound-token-split-by-macro]
 1861 |     oj_utc_id                = rb_intern("utc");
      |                                ^~~~~~~~~~~~~~~~
/Library/Developer/CommandLineTools/SDKs/MacOSX.sdk/System/Library/Frameworks/Ruby.framework/Versions/2.6/usr/include/ruby-2.6.0/ruby/ruby.h:1826:24: note: expanded from macro 'rb_intern'
 1826 |         __extension__ (RUBY_CONST_ID_CACHE((ID), (str))) : \
      |                        ^~~~~~~~~~~~~~~~~~~~~~~~~~~~~~~~
/Library/Developer/CommandLineTools/SDKs/MacOSX.sdk/System/Library/Frameworks/Ruby.framework/Versions/2.6/usr/include/ruby-2.6.0/ruby/ruby.h:1816:5: note: expanded from macro 'RUBY_CONST_ID_CACHE'
 1816 |     }
      |     ^
oj.c:1861:32: note: ')' token is here
 1861 |     oj_utc_id                = rb_intern("utc");
      |                                ^~~~~~~~~~~~~~~~
/Library/Developer/CommandLineTools/SDKs/MacOSX.sdk/System/Library/Frameworks/Ruby.framework/Versions/2.6/usr/include/ruby-2.6.0/ruby/ruby.h:1826:56: note: expanded from macro 'rb_intern'
 1826 |         __extension__ (RUBY_CONST_ID_CACHE((ID), (str))) : \
      |                                                        ^
oj.c:1862:32: warning: '(' and '{' tokens introducing statement expression appear in different macro expansion contexts [-Wcompound-token-split-by-macro]
 1862 |     oj_utc_offset_id         = rb_intern("utc_offset");
      |                                ^~~~~~~~~~~~~~~~~~~~~~~
/Library/Developer/CommandLineTools/SDKs/MacOSX.sdk/System/Library/Frameworks/Ruby.framework/Versions/2.6/usr/include/ruby-2.6.0/ruby/ruby.h:1826:23: note: expanded from macro 'rb_intern'
 1826 |         __extension__ (RUBY_CONST_ID_CACHE((ID), (str))) : \
      |                       ^
oj.c:1862:32: note: '{' token is here
 1862 |     oj_utc_offset_id         = rb_intern("utc_offset");
      |                                ^~~~~~~~~~~~~~~~~~~~~~~
/Library/Developer/CommandLineTools/SDKs/MacOSX.sdk/System/Library/Frameworks/Ruby.framework/Versions/2.6/usr/include/ruby-2.6.0/ruby/ruby.h:1826:24: note: expanded from macro 'rb_intern'
 1826 |         __extension__ (RUBY_CONST_ID_CACHE((ID), (str))) : \
      |                        ^~~~~~~~~~~~~~~~~~~~~~~~~~~~~~~~
/Library/Developer/CommandLineTools/SDKs/MacOSX.sdk/System/Library/Frameworks/Ruby.framework/Versions/2.6/usr/include/ruby-2.6.0/ruby/ruby.h:1811:5: note: expanded from macro 'RUBY_CONST_ID_CACHE'
 1811 |     {                                                   \
      |     ^
oj.c:1862:32: warning: '}' and ')' tokens terminating statement expression appear in different macro expansion contexts [-Wcompound-token-split-by-macro]
 1862 |     oj_utc_offset_id         = rb_intern("utc_offset");
      |                                ^~~~~~~~~~~~~~~~~~~~~~~
/Library/Developer/CommandLineTools/SDKs/MacOSX.sdk/System/Library/Frameworks/Ruby.framework/Versions/2.6/usr/include/ruby-2.6.0/ruby/ruby.h:1826:24: note: expanded from macro 'rb_intern'
 1826 |         __extension__ (RUBY_CONST_ID_CACHE((ID), (str))) : \
      |                        ^~~~~~~~~~~~~~~~~~~~~~~~~~~~~~~~
/Library/Developer/CommandLineTools/SDKs/MacOSX.sdk/System/Library/Frameworks/Ruby.framework/Versions/2.6/usr/include/ruby-2.6.0/ruby/ruby.h:1816:5: note: expanded from macro 'RUBY_CONST_ID_CACHE'
 1816 |     }
      |     ^
oj.c:1862:32: note: ')' token is here
 1862 |     oj_utc_offset_id         = rb_intern("utc_offset");
      |                                ^~~~~~~~~~~~~~~~~~~~~~~
/Library/Developer/CommandLineTools/SDKs/MacOSX.sdk/System/Library/Frameworks/Ruby.framework/Versions/2.6/usr/include/ruby-2.6.0/ruby/ruby.h:1826:56: note: expanded from macro 'rb_intern'
 1826 |         __extension__ (RUBY_CONST_ID_CACHE((ID), (str))) : \
      |                                                        ^
oj.c:1863:32: warning: '(' and '{' tokens introducing statement expression appear in different macro expansion contexts [-Wcompound-token-split-by-macro]
 1863 |     oj_utcq_id               = rb_intern("utc?");
      |                                ^~~~~~~~~~~~~~~~~
/Library/Developer/CommandLineTools/SDKs/MacOSX.sdk/System/Library/Frameworks/Ruby.framework/Versions/2.6/usr/include/ruby-2.6.0/ruby/ruby.h:1826:23: note: expanded from macro 'rb_intern'
 1826 |         __extension__ (RUBY_CONST_ID_CACHE((ID), (str))) : \
      |                       ^
oj.c:1863:32: note: '{' token is here
 1863 |     oj_utcq_id               = rb_intern("utc?");
      |                                ^~~~~~~~~~~~~~~~~
/Library/Developer/CommandLineTools/SDKs/MacOSX.sdk/System/Library/Frameworks/Ruby.framework/Versions/2.6/usr/include/ruby-2.6.0/ruby/ruby.h:1826:24: note: expanded from macro 'rb_intern'
 1826 |         __extension__ (RUBY_CONST_ID_CACHE((ID), (str))) : \
      |                        ^~~~~~~~~~~~~~~~~~~~~~~~~~~~~~~~
/Library/Developer/CommandLineTools/SDKs/MacOSX.sdk/System/Library/Frameworks/Ruby.framework/Versions/2.6/usr/include/ruby-2.6.0/ruby/ruby.h:1811:5: note: expanded from macro 'RUBY_CONST_ID_CACHE'
 1811 |     {                                                   \
      |     ^
oj.c:1863:32: warning: '}' and ')' tokens terminating statement expression appear in different macro expansion contexts [-Wcompound-token-split-by-macro]
 1863 |     oj_utcq_id               = rb_intern("utc?");
      |                                ^~~~~~~~~~~~~~~~~
/Library/Developer/CommandLineTools/SDKs/MacOSX.sdk/System/Library/Frameworks/Ruby.framework/Versions/2.6/usr/include/ruby-2.6.0/ruby/ruby.h:1826:24: note: expanded from macro 'rb_intern'
 1826 |         __extension__ (RUBY_CONST_ID_CACHE((ID), (str))) : \
      |                        ^~~~~~~~~~~~~~~~~~~~~~~~~~~~~~~~
/Library/Developer/CommandLineTools/SDKs/MacOSX.sdk/System/Library/Frameworks/Ruby.framework/Versions/2.6/usr/include/ruby-2.6.0/ruby/ruby.h:1816:5: note: expanded from macro 'RUBY_CONST_ID_CACHE'
 1816 |     }
      |     ^
oj.c:1863:32: note: ')' token is here
 1863 |     oj_utcq_id               = rb_intern("utc?");
      |                                ^~~~~~~~~~~~~~~~~
/Library/Developer/CommandLineTools/SDKs/MacOSX.sdk/System/Library/Frameworks/Ruby.framework/Versions/2.6/usr/include/ruby-2.6.0/ruby/ruby.h:1826:56: note: expanded from macro 'rb_intern'
 1826 |         __extension__ (RUBY_CONST_ID_CACHE((ID), (str))) : \
      |                                                        ^
oj.c:1864:32: warning: '(' and '{' tokens introducing statement expression appear in different macro expansion contexts [-Wcompound-token-split-by-macro]
 1864 |     oj_write_id              = rb_intern("write");
      |                                ^~~~~~~~~~~~~~~~~~
/Library/Developer/CommandLineTools/SDKs/MacOSX.sdk/System/Library/Frameworks/Ruby.framework/Versions/2.6/usr/include/ruby-2.6.0/ruby/ruby.h:1826:23: note: expanded from macro 'rb_intern'
 1826 |         __extension__ (RUBY_CONST_ID_CACHE((ID), (str))) : \
      |                       ^
oj.c:1864:32: note: '{' token is here
 1864 |     oj_write_id              = rb_intern("write");
      |                                ^~~~~~~~~~~~~~~~~~
/Library/Developer/CommandLineTools/SDKs/MacOSX.sdk/System/Library/Frameworks/Ruby.framework/Versions/2.6/usr/include/ruby-2.6.0/ruby/ruby.h:1826:24: note: expanded from macro 'rb_intern'
 1826 |         __extension__ (RUBY_CONST_ID_CACHE((ID), (str))) : \
      |                        ^~~~~~~~~~~~~~~~~~~~~~~~~~~~~~~~
/Library/Developer/CommandLineTools/SDKs/MacOSX.sdk/System/Library/Frameworks/Ruby.framework/Versions/2.6/usr/include/ruby-2.6.0/ruby/ruby.h:1811:5: note: expanded from macro 'RUBY_CONST_ID_CACHE'
 1811 |     {                                                   \
      |     ^
oj.c:1864:32: warning: '}' and ')' tokens terminating statement expression appear in different macro expansion contexts [-Wcompound-token-split-by-macro]
 1864 |     oj_write_id              = rb_intern("write");
      |                                ^~~~~~~~~~~~~~~~~~
/Library/Developer/CommandLineTools/SDKs/MacOSX.sdk/System/Library/Frameworks/Ruby.framework/Versions/2.6/usr/include/ruby-2.6.0/ruby/ruby.h:1826:24: note: expanded from macro 'rb_intern'
 1826 |         __extension__ (RUBY_CONST_ID_CACHE((ID), (str))) : \
      |                        ^~~~~~~~~~~~~~~~~~~~~~~~~~~~~~~~
/Library/Developer/CommandLineTools/SDKs/MacOSX.sdk/System/Library/Frameworks/Ruby.framework/Versions/2.6/usr/include/ruby-2.6.0/ruby/ruby.h:1816:5: note: expanded from macro 'RUBY_CONST_ID_CACHE'
 1816 |     }
      |     ^
oj.c:1864:32: note: ')' token is here
 1864 |     oj_write_id              = rb_intern("write");
      |                                ^~~~~~~~~~~~~~~~~~
/Library/Developer/CommandLineTools/SDKs/MacOSX.sdk/System/Library/Frameworks/Ruby.framework/Versions/2.6/usr/include/ruby-2.6.0/ruby/ruby.h:1826:56: note: expanded from macro 'rb_intern'
 1826 |         __extension__ (RUBY_CONST_ID_CACHE((ID), (str))) : \
      |                                                        ^
oj.c:1872:40: warning: '(' and '{' tokens introducing statement expression appear in different macro expansion contexts [-Wcompound-token-split-by-macro]
 1872 |     oj_bag_class = rb_const_get_at(Oj, rb_intern("Bag"));
      |                                        ^~~~~~~~~~~~~~~~
/Library/Developer/CommandLineTools/SDKs/MacOSX.sdk/System/Library/Frameworks/Ruby.framework/Versions/2.6/usr/include/ruby-2.6.0/ruby/ruby.h:1826:23: note: expanded from macro 'rb_intern'
 1826 |         __extension__ (RUBY_CONST_ID_CACHE((ID), (str))) : \
      |                       ^
oj.c:1872:40: note: '{' token is here
 1872 |     oj_bag_class = rb_const_get_at(Oj, rb_intern("Bag"));
      |                                        ^~~~~~~~~~~~~~~~
/Library/Developer/CommandLineTools/SDKs/MacOSX.sdk/System/Library/Frameworks/Ruby.framework/Versions/2.6/usr/include/ruby-2.6.0/ruby/ruby.h:1826:24: note: expanded from macro 'rb_intern'
 1826 |         __extension__ (RUBY_CONST_ID_CACHE((ID), (str))) : \
      |                        ^~~~~~~~~~~~~~~~~~~~~~~~~~~~~~~~
/Library/Developer/CommandLineTools/SDKs/MacOSX.sdk/System/Library/Frameworks/Ruby.framework/Versions/2.6/usr/include/ruby-2.6.0/ruby/ruby.h:1811:5: note: expanded from macro 'RUBY_CONST_ID_CACHE'
 1811 |     {                                                   \
      |     ^
oj.c:1872:40: warning: '}' and ')' tokens terminating statement expression appear in different macro expansion contexts [-Wcompound-token-split-by-macro]
 1872 |     oj_bag_class = rb_const_get_at(Oj, rb_intern("Bag"));
      |                                        ^~~~~~~~~~~~~~~~
/Library/Developer/CommandLineTools/SDKs/MacOSX.sdk/System/Library/Frameworks/Ruby.framework/Versions/2.6/usr/include/ruby-2.6.0/ruby/ruby.h:1826:24: note: expanded from macro 'rb_intern'
 1826 |         __extension__ (RUBY_CONST_ID_CACHE((ID), (str))) : \
      |                        ^~~~~~~~~~~~~~~~~~~~~~~~~~~~~~~~
/Library/Developer/CommandLineTools/SDKs/MacOSX.sdk/System/Library/Frameworks/Ruby.framework/Versions/2.6/usr/include/ruby-2.6.0/ruby/ruby.h:1816:5: note: expanded from macro 'RUBY_CONST_ID_CACHE'
 1816 |     }
      |     ^
oj.c:1872:40: note: ')' token is here
 1872 |     oj_bag_class = rb_const_get_at(Oj, rb_intern("Bag"));
      |                                        ^~~~~~~~~~~~~~~~
/Library/Developer/CommandLineTools/SDKs/MacOSX.sdk/System/Library/Frameworks/Ruby.framework/Versions/2.6/usr/include/ruby-2.6.0/ruby/ruby.h:1826:56: note: expanded from macro 'rb_intern'
 1826 |         __extension__ (RUBY_CONST_ID_CACHE((ID), (str))) : \
      |                                                        ^
oj.c:1874:52: warning: '(' and '{' tokens introducing statement expression appear in different macro expansion contexts [-Wcompound-token-split-by-macro]
 1874 |     oj_bigdecimal_class = rb_const_get(rb_cObject, rb_intern("BigDecimal"));
      |                                                    ^~~~~~~~~~~~~~~~~~~~~~~
/Library/Developer/CommandLineTools/SDKs/MacOSX.sdk/System/Library/Frameworks/Ruby.framework/Versions/2.6/usr/include/ruby-2.6.0/ruby/ruby.h:1826:23: note: expanded from macro 'rb_intern'
 1826 |         __extension__ (RUBY_CONST_ID_CACHE((ID), (str))) : \
      |                       ^
oj.c:1874:52: note: '{' token is here
 1874 |     oj_bigdecimal_class = rb_const_get(rb_cObject, rb_intern("BigDecimal"));
      |                                                    ^~~~~~~~~~~~~~~~~~~~~~~
/Library/Developer/CommandLineTools/SDKs/MacOSX.sdk/System/Library/Frameworks/Ruby.framework/Versions/2.6/usr/include/ruby-2.6.0/ruby/ruby.h:1826:24: note: expanded from macro 'rb_intern'
 1826 |         __extension__ (RUBY_CONST_ID_CACHE((ID), (str))) : \
      |                        ^~~~~~~~~~~~~~~~~~~~~~~~~~~~~~~~
/Library/Developer/CommandLineTools/SDKs/MacOSX.sdk/System/Library/Frameworks/Ruby.framework/Versions/2.6/usr/include/ruby-2.6.0/ruby/ruby.h:1811:5: note: expanded from macro 'RUBY_CONST_ID_CACHE'
 1811 |     {                                                   \
      |     ^
oj.c:1874:52: warning: '}' and ')' tokens terminating statement expression appear in different macro expansion contexts [-Wcompound-token-split-by-macro]
 1874 |     oj_bigdecimal_class = rb_const_get(rb_cObject, rb_intern("BigDecimal"));
      |                                                    ^~~~~~~~~~~~~~~~~~~~~~~
/Library/Developer/CommandLineTools/SDKs/MacOSX.sdk/System/Library/Frameworks/Ruby.framework/Versions/2.6/usr/include/ruby-2.6.0/ruby/ruby.h:1826:24: note: expanded from macro 'rb_intern'
 1826 |         __extension__ (RUBY_CONST_ID_CACHE((ID), (str))) : \
      |                        ^~~~~~~~~~~~~~~~~~~~~~~~~~~~~~~~
/Library/Developer/CommandLineTools/SDKs/MacOSX.sdk/System/Library/Frameworks/Ruby.framework/Versions/2.6/usr/include/ruby-2.6.0/ruby/ruby.h:1816:5: note: expanded from macro 'RUBY_CONST_ID_CACHE'
 1816 |     }
      |     ^
oj.c:1874:52: note: ')' token is here
 1874 |     oj_bigdecimal_class = rb_const_get(rb_cObject, rb_intern("BigDecimal"));
      |                                                    ^~~~~~~~~~~~~~~~~~~~~~~
/Library/Developer/CommandLineTools/SDKs/MacOSX.sdk/System/Library/Frameworks/Ruby.framework/Versions/2.6/usr/include/ruby-2.6.0/ruby/ruby.h:1826:56: note: expanded from macro 'rb_intern'
 1826 |         __extension__ (RUBY_CONST_ID_CACHE((ID), (str))) : \
      |                                                        ^
oj.c:1876:46: warning: '(' and '{' tokens introducing statement expression appear in different macro expansion contexts [-Wcompound-token-split-by-macro]
 1876 |     oj_date_class = rb_const_get(rb_cObject, rb_intern("Date"));
      |                                              ^~~~~~~~~~~~~~~~~
/Library/Developer/CommandLineTools/SDKs/MacOSX.sdk/System/Library/Frameworks/Ruby.framework/Versions/2.6/usr/include/ruby-2.6.0/ruby/ruby.h:1826:23: note: expanded from macro 'rb_intern'
 1826 |         __extension__ (RUBY_CONST_ID_CACHE((ID), (str))) : \
      |                       ^
oj.c:1876:46: note: '{' token is here
 1876 |     oj_date_class = rb_const_get(rb_cObject, rb_intern("Date"));
      |                                              ^~~~~~~~~~~~~~~~~
/Library/Developer/CommandLineTools/SDKs/MacOSX.sdk/System/Library/Frameworks/Ruby.framework/Versions/2.6/usr/include/ruby-2.6.0/ruby/ruby.h:1826:24: note: expanded from macro 'rb_intern'
 1826 |         __extension__ (RUBY_CONST_ID_CACHE((ID), (str))) : \
      |                        ^~~~~~~~~~~~~~~~~~~~~~~~~~~~~~~~
/Library/Developer/CommandLineTools/SDKs/MacOSX.sdk/System/Library/Frameworks/Ruby.framework/Versions/2.6/usr/include/ruby-2.6.0/ruby/ruby.h:1811:5: note: expanded from macro 'RUBY_CONST_ID_CACHE'
 1811 |     {                                                   \
      |     ^
oj.c:1876:46: warning: '}' and ')' tokens terminating statement expression appear in different macro expansion contexts [-Wcompound-token-split-by-macro]
 1876 |     oj_date_class = rb_const_get(rb_cObject, rb_intern("Date"));
      |                                              ^~~~~~~~~~~~~~~~~
/Library/Developer/CommandLineTools/SDKs/MacOSX.sdk/System/Library/Frameworks/Ruby.framework/Versions/2.6/usr/include/ruby-2.6.0/ruby/ruby.h:1826:24: note: expanded from macro 'rb_intern'
 1826 |         __extension__ (RUBY_CONST_ID_CACHE((ID), (str))) : \
      |                        ^~~~~~~~~~~~~~~~~~~~~~~~~~~~~~~~
/Library/Developer/CommandLineTools/SDKs/MacOSX.sdk/System/Library/Frameworks/Ruby.framework/Versions/2.6/usr/include/ruby-2.6.0/ruby/ruby.h:1816:5: note: expanded from macro 'RUBY_CONST_ID_CACHE'
 1816 |     }
      |     ^
oj.c:1876:46: note: ')' token is here
 1876 |     oj_date_class = rb_const_get(rb_cObject, rb_intern("Date"));
      |                                              ^~~~~~~~~~~~~~~~~
/Library/Developer/CommandLineTools/SDKs/MacOSX.sdk/System/Library/Frameworks/Ruby.framework/Versions/2.6/usr/include/ruby-2.6.0/ruby/ruby.h:1826:56: note: expanded from macro 'rb_intern'
 1826 |         __extension__ (RUBY_CONST_ID_CACHE((ID), (str))) : \
      |                                                        ^
oj.c:1878:50: warning: '(' and '{' tokens introducing statement expression appear in different macro expansion contexts [-Wcompound-token-split-by-macro]
 1878 |     oj_datetime_class = rb_const_get(rb_cObject, rb_intern("DateTime"));
      |                                                  ^~~~~~~~~~~~~~~~~~~~~
/Library/Developer/CommandLineTools/SDKs/MacOSX.sdk/System/Library/Frameworks/Ruby.framework/Versions/2.6/usr/include/ruby-2.6.0/ruby/ruby.h:1826:23: note: expanded from macro 'rb_intern'
 1826 |         __extension__ (RUBY_CONST_ID_CACHE((ID), (str))) : \
      |                       ^
oj.c:1878:50: note: '{' token is here
 1878 |     oj_datetime_class = rb_const_get(rb_cObject, rb_intern("DateTime"));
      |                                                  ^~~~~~~~~~~~~~~~~~~~~
/Library/Developer/CommandLineTools/SDKs/MacOSX.sdk/System/Library/Frameworks/Ruby.framework/Versions/2.6/usr/include/ruby-2.6.0/ruby/ruby.h:1826:24: note: expanded from macro 'rb_intern'
 1826 |         __extension__ (RUBY_CONST_ID_CACHE((ID), (str))) : \
      |                        ^~~~~~~~~~~~~~~~~~~~~~~~~~~~~~~~
/Library/Developer/CommandLineTools/SDKs/MacOSX.sdk/System/Library/Frameworks/Ruby.framework/Versions/2.6/usr/include/ruby-2.6.0/ruby/ruby.h:1811:5: note: expanded from macro 'RUBY_CONST_ID_CACHE'
 1811 |     {                                                   \
      |     ^
oj.c:1878:50: warning: '}' and ')' tokens terminating statement expression appear in different macro expansion contexts [-Wcompound-token-split-by-macro]
 1878 |     oj_datetime_class = rb_const_get(rb_cObject, rb_intern("DateTime"));
      |                                                  ^~~~~~~~~~~~~~~~~~~~~
/Library/Developer/CommandLineTools/SDKs/MacOSX.sdk/System/Library/Frameworks/Ruby.framework/Versions/2.6/usr/include/ruby-2.6.0/ruby/ruby.h:1826:24: note: expanded from macro 'rb_intern'
 1826 |         __extension__ (RUBY_CONST_ID_CACHE((ID), (str))) : \
      |                        ^~~~~~~~~~~~~~~~~~~~~~~~~~~~~~~~
/Library/Developer/CommandLineTools/SDKs/MacOSX.sdk/System/Library/Frameworks/Ruby.framework/Versions/2.6/usr/include/ruby-2.6.0/ruby/ruby.h:1816:5: note: expanded from macro 'RUBY_CONST_ID_CACHE'
 1816 |     }
      |     ^
oj.c:1878:50: note: ')' token is here
 1878 |     oj_datetime_class = rb_const_get(rb_cObject, rb_intern("DateTime"));
      |                                                  ^~~~~~~~~~~~~~~~~~~~~
/Library/Developer/CommandLineTools/SDKs/MacOSX.sdk/System/Library/Frameworks/Ruby.framework/Versions/2.6/usr/include/ruby-2.6.0/ruby/ruby.h:1826:56: note: expanded from macro 'rb_intern'
 1826 |         __extension__ (RUBY_CONST_ID_CACHE((ID), (str))) : \
      |                                                        ^
oj.c:1880:52: warning: '(' and '{' tokens introducing statement expression appear in different macro expansion contexts [-Wcompound-token-split-by-macro]
 1880 |     oj_enumerable_class = rb_const_get(rb_cObject, rb_intern("Enumerable"));
      |                                                    ^~~~~~~~~~~~~~~~~~~~~~~
/Library/Developer/CommandLineTools/SDKs/MacOSX.sdk/System/Library/Frameworks/Ruby.framework/Versions/2.6/usr/include/ruby-2.6.0/ruby/ruby.h:1826:23: note: expanded from macro 'rb_intern'
 1826 |         __extension__ (RUBY_CONST_ID_CACHE((ID), (str))) : \
      |                       ^
oj.c:1880:52: note: '{' token is here
 1880 |     oj_enumerable_class = rb_const_get(rb_cObject, rb_intern("Enumerable"));
      |                                                    ^~~~~~~~~~~~~~~~~~~~~~~
/Library/Developer/CommandLineTools/SDKs/MacOSX.sdk/System/Library/Frameworks/Ruby.framework/Versions/2.6/usr/include/ruby-2.6.0/ruby/ruby.h:1826:24: note: expanded from macro 'rb_intern'
 1826 |         __extension__ (RUBY_CONST_ID_CACHE((ID), (str))) : \
      |                        ^~~~~~~~~~~~~~~~~~~~~~~~~~~~~~~~
/Library/Developer/CommandLineTools/SDKs/MacOSX.sdk/System/Library/Frameworks/Ruby.framework/Versions/2.6/usr/include/ruby-2.6.0/ruby/ruby.h:1811:5: note: expanded from macro 'RUBY_CONST_ID_CACHE'
 1811 |     {                                                   \
      |     ^
oj.c:1880:52: warning: '}' and ')' tokens terminating statement expression appear in different macro expansion contexts [-Wcompound-token-split-by-macro]
 1880 |     oj_enumerable_class = rb_const_get(rb_cObject, rb_intern("Enumerable"));
      |                                                    ^~~~~~~~~~~~~~~~~~~~~~~
/Library/Developer/CommandLineTools/SDKs/MacOSX.sdk/System/Library/Frameworks/Ruby.framework/Versions/2.6/usr/include/ruby-2.6.0/ruby/ruby.h:1826:24: note: expanded from macro 'rb_intern'
 1826 |         __extension__ (RUBY_CONST_ID_CACHE((ID), (str))) : \
      |                        ^~~~~~~~~~~~~~~~~~~~~~~~~~~~~~~~
/Library/Developer/CommandLineTools/SDKs/MacOSX.sdk/System/Library/Frameworks/Ruby.framework/Versions/2.6/usr/include/ruby-2.6.0/ruby/ruby.h:1816:5: note: expanded from macro 'RUBY_CONST_ID_CACHE'
 1816 |     }
      |     ^
oj.c:1880:52: note: ')' token is here
 1880 |     oj_enumerable_class = rb_const_get(rb_cObject, rb_intern("Enumerable"));
      |                                                    ^~~~~~~~~~~~~~~~~~~~~~~
/Library/Developer/CommandLineTools/SDKs/MacOSX.sdk/System/Library/Frameworks/Ruby.framework/Versions/2.6/usr/include/ruby-2.6.0/ruby/ruby.h:1826:56: note: expanded from macro 'rb_intern'
 1826 |         __extension__ (RUBY_CONST_ID_CACHE((ID), (str))) : \
      |                                                        ^
oj.c:1882:48: warning: '(' and '{' tokens introducing statement expression appear in different macro expansion contexts [-Wcompound-token-split-by-macro]
 1882 |     oj_parse_error_class = rb_const_get_at(Oj, rb_intern("ParseError"));
      |                                                ^~~~~~~~~~~~~~~~~~~~~~~
/Library/Developer/CommandLineTools/SDKs/MacOSX.sdk/System/Library/Frameworks/Ruby.framework/Versions/2.6/usr/include/ruby-2.6.0/ruby/ruby.h:1826:23: note: expanded from macro 'rb_intern'
 1826 |         __extension__ (RUBY_CONST_ID_CACHE((ID), (str))) : \
      |                       ^
oj.c:1882:48: note: '{' token is here
 1882 |     oj_parse_error_class = rb_const_get_at(Oj, rb_intern("ParseError"));
      |                                                ^~~~~~~~~~~~~~~~~~~~~~~
/Library/Developer/CommandLineTools/SDKs/MacOSX.sdk/System/Library/Frameworks/Ruby.framework/Versions/2.6/usr/include/ruby-2.6.0/ruby/ruby.h:1826:24: note: expanded from macro 'rb_intern'
 1826 |         __extension__ (RUBY_CONST_ID_CACHE((ID), (str))) : \
      |                        ^~~~~~~~~~~~~~~~~~~~~~~~~~~~~~~~
/Library/Developer/CommandLineTools/SDKs/MacOSX.sdk/System/Library/Frameworks/Ruby.framework/Versions/2.6/usr/include/ruby-2.6.0/ruby/ruby.h:1811:5: note: expanded from macro 'RUBY_CONST_ID_CACHE'
 1811 |     {                                                   \
      |     ^
oj.c:1882:48: warning: '}' and ')' tokens terminating statement expression appear in different macro expansion contexts [-Wcompound-token-split-by-macro]
 1882 |     oj_parse_error_class = rb_const_get_at(Oj, rb_intern("ParseError"));
      |                                                ^~~~~~~~~~~~~~~~~~~~~~~
/Library/Developer/CommandLineTools/SDKs/MacOSX.sdk/System/Library/Frameworks/Ruby.framework/Versions/2.6/usr/include/ruby-2.6.0/ruby/ruby.h:1826:24: note: expanded from macro 'rb_intern'
 1826 |         __extension__ (RUBY_CONST_ID_CACHE((ID), (str))) : \
      |                        ^~~~~~~~~~~~~~~~~~~~~~~~~~~~~~~~
/Library/Developer/CommandLineTools/SDKs/MacOSX.sdk/System/Library/Frameworks/Ruby.framework/Versions/2.6/usr/include/ruby-2.6.0/ruby/ruby.h:1816:5: note: expanded from macro 'RUBY_CONST_ID_CACHE'
 1816 |     }
      |     ^
oj.c:1882:48: note: ')' token is here
 1882 |     oj_parse_error_class = rb_const_get_at(Oj, rb_intern("ParseError"));
      |                                                ^~~~~~~~~~~~~~~~~~~~~~~
/Library/Developer/CommandLineTools/SDKs/MacOSX.sdk/System/Library/Frameworks/Ruby.framework/Versions/2.6/usr/include/ruby-2.6.0/ruby/ruby.h:1826:56: note: expanded from macro 'rb_intern'
 1826 |         __extension__ (RUBY_CONST_ID_CACHE((ID), (str))) : \
      |                                                        ^
oj.c:1884:50: warning: '(' and '{' tokens introducing statement expression appear in different macro expansion contexts [-Wcompound-token-split-by-macro]
 1884 |     oj_stringio_class = rb_const_get(rb_cObject, rb_intern("StringIO"));
      |                                                  ^~~~~~~~~~~~~~~~~~~~~
/Library/Developer/CommandLineTools/SDKs/MacOSX.sdk/System/Library/Frameworks/Ruby.framework/Versions/2.6/usr/include/ruby-2.6.0/ruby/ruby.h:1826:23: note: expanded from macro 'rb_intern'
 1826 |         __extension__ (RUBY_CONST_ID_CACHE((ID), (str))) : \
      |                       ^
oj.c:1884:50: note: '{' token is here
 1884 |     oj_stringio_class = rb_const_get(rb_cObject, rb_intern("StringIO"));
      |                                                  ^~~~~~~~~~~~~~~~~~~~~
/Library/Developer/CommandLineTools/SDKs/MacOSX.sdk/System/Library/Frameworks/Ruby.framework/Versions/2.6/usr/include/ruby-2.6.0/ruby/ruby.h:1826:24: note: expanded from macro 'rb_intern'
 1826 |         __extension__ (RUBY_CONST_ID_CACHE((ID), (str))) : \
      |                        ^~~~~~~~~~~~~~~~~~~~~~~~~~~~~~~~
/Library/Developer/CommandLineTools/SDKs/MacOSX.sdk/System/Library/Frameworks/Ruby.framework/Versions/2.6/usr/include/ruby-2.6.0/ruby/ruby.h:1811:5: note: expanded from macro 'RUBY_CONST_ID_CACHE'
 1811 |     {                                                   \
      |     ^
oj.c:1884:50: warning: '}' and ')' tokens terminating statement expression appear in different macro expansion contexts [-Wcompound-token-split-by-macro]
 1884 |     oj_stringio_class = rb_const_get(rb_cObject, rb_intern("StringIO"));
      |                                                  ^~~~~~~~~~~~~~~~~~~~~
/Library/Developer/CommandLineTools/SDKs/MacOSX.sdk/System/Library/Frameworks/Ruby.framework/Versions/2.6/usr/include/ruby-2.6.0/ruby/ruby.h:1826:24: note: expanded from macro 'rb_intern'
 1826 |         __extension__ (RUBY_CONST_ID_CACHE((ID), (str))) : \
      |                        ^~~~~~~~~~~~~~~~~~~~~~~~~~~~~~~~
/Library/Developer/CommandLineTools/SDKs/MacOSX.sdk/System/Library/Frameworks/Ruby.framework/Versions/2.6/usr/include/ruby-2.6.0/ruby/ruby.h:1816:5: note: expanded from macro 'RUBY_CONST_ID_CACHE'
 1816 |     }
      |     ^
oj.c:1884:50: note: ')' token is here
 1884 |     oj_stringio_class = rb_const_get(rb_cObject, rb_intern("StringIO"));
      |                                                  ^~~~~~~~~~~~~~~~~~~~~
/Library/Developer/CommandLineTools/SDKs/MacOSX.sdk/System/Library/Frameworks/Ruby.framework/Versions/2.6/usr/include/ruby-2.6.0/ruby/ruby.h:1826:56: note: expanded from macro 'rb_intern'
 1826 |         __extension__ (RUBY_CONST_ID_CACHE((ID), (str))) : \
      |                                                        ^
oj.c:1886:48: warning: '(' and '{' tokens introducing statement expression appear in different macro expansion contexts [-Wcompound-token-split-by-macro]
 1886 |     oj_struct_class = rb_const_get(rb_cObject, rb_intern("Struct"));
      |                                                ^~~~~~~~~~~~~~~~~~~
/Library/Developer/CommandLineTools/SDKs/MacOSX.sdk/System/Library/Frameworks/Ruby.framework/Versions/2.6/usr/include/ruby-2.6.0/ruby/ruby.h:1826:23: note: expanded from macro 'rb_intern'
 1826 |         __extension__ (RUBY_CONST_ID_CACHE((ID), (str))) : \
      |                       ^
oj.c:1886:48: note: '{' token is here
 1886 |     oj_struct_class = rb_const_get(rb_cObject, rb_intern("Struct"));
      |                                                ^~~~~~~~~~~~~~~~~~~
/Library/Developer/CommandLineTools/SDKs/MacOSX.sdk/System/Library/Frameworks/Ruby.framework/Versions/2.6/usr/include/ruby-2.6.0/ruby/ruby.h:1826:24: note: expanded from macro 'rb_intern'
 1826 |         __extension__ (RUBY_CONST_ID_CACHE((ID), (str))) : \
      |                        ^~~~~~~~~~~~~~~~~~~~~~~~~~~~~~~~
/Library/Developer/CommandLineTools/SDKs/MacOSX.sdk/System/Library/Frameworks/Ruby.framework/Versions/2.6/usr/include/ruby-2.6.0/ruby/ruby.h:1811:5: note: expanded from macro 'RUBY_CONST_ID_CACHE'
 1811 |     {                                                   \
      |     ^
oj.c:1886:48: warning: '}' and ')' tokens terminating statement expression appear in different macro expansion contexts [-Wcompound-token-split-by-macro]
 1886 |     oj_struct_class = rb_const_get(rb_cObject, rb_intern("Struct"));
      |                                                ^~~~~~~~~~~~~~~~~~~
/Library/Developer/CommandLineTools/SDKs/MacOSX.sdk/System/Library/Frameworks/Ruby.framework/Versions/2.6/usr/include/ruby-2.6.0/ruby/ruby.h:1826:24: note: expanded from macro 'rb_intern'
 1826 |         __extension__ (RUBY_CONST_ID_CACHE((ID), (str))) : \
      |                        ^~~~~~~~~~~~~~~~~~~~~~~~~~~~~~~~
/Library/Developer/CommandLineTools/SDKs/MacOSX.sdk/System/Library/Frameworks/Ruby.framework/Versions/2.6/usr/include/ruby-2.6.0/ruby/ruby.h:1816:5: note: expanded from macro 'RUBY_CONST_ID_CACHE'
 1816 |     }
      |     ^
oj.c:1886:48: note: ')' token is here
 1886 |     oj_struct_class = rb_const_get(rb_cObject, rb_intern("Struct"));
      |                                                ^~~~~~~~~~~~~~~~~~~
/Library/Developer/CommandLineTools/SDKs/MacOSX.sdk/System/Library/Frameworks/Ruby.framework/Versions/2.6/usr/include/ruby-2.6.0/ruby/ruby.h:1826:56: note: expanded from macro 'rb_intern'
 1826 |         __extension__ (RUBY_CONST_ID_CACHE((ID), (str))) : \
      |                                                        ^
oj.c:1891:30: warning: '(' and '{' tokens introducing statement expression appear in different macro expansion contexts [-Wcompound-token-split-by-macro]
 1891 |     allow_blank_sym = ID2SYM(rb_intern("allow_blank"));
      |                              ^~~~~~~~~~~~~~~~~~~~~~~~
/Library/Developer/CommandLineTools/SDKs/MacOSX.sdk/System/Library/Frameworks/Ruby.framework/Versions/2.6/usr/include/ruby-2.6.0/ruby/ruby.h:1826:23: note: expanded from macro 'rb_intern'
 1826 |         __extension__ (RUBY_CONST_ID_CACHE((ID), (str))) : \
      |                       ^
/Library/Developer/CommandLineTools/SDKs/MacOSX.sdk/System/Library/Frameworks/Ruby.framework/Versions/2.6/usr/include/ruby-2.6.0/ruby/ruby.h:413:29: note: expanded from macro 'ID2SYM'
  413 | #define ID2SYM(x) RB_ID2SYM(x)
      |                             ^
/Library/Developer/CommandLineTools/SDKs/MacOSX.sdk/System/Library/Frameworks/Ruby.framework/Versions/2.6/usr/include/ruby-2.6.0/ruby/ruby.h:408:33: note: expanded from macro 'RB_ID2SYM'
  408 | #define RB_ID2SYM(x) (rb_id2sym(x))
      |                                 ^
oj.c:1891:30: note: '{' token is here
 1891 |     allow_blank_sym = ID2SYM(rb_intern("allow_blank"));
      |                              ^~~~~~~~~~~~~~~~~~~~~~~~
/Library/Developer/CommandLineTools/SDKs/MacOSX.sdk/System/Library/Frameworks/Ruby.framework/Versions/2.6/usr/include/ruby-2.6.0/ruby/ruby.h:1826:24: note: expanded from macro 'rb_intern'
 1826 |         __extension__ (RUBY_CONST_ID_CACHE((ID), (str))) : \
      |                        ^~~~~~~~~~~~~~~~~~~~~~~~~~~~~~~~
/Library/Developer/CommandLineTools/SDKs/MacOSX.sdk/System/Library/Frameworks/Ruby.framework/Versions/2.6/usr/include/ruby-2.6.0/ruby/ruby.h:1811:5: note: expanded from macro 'RUBY_CONST_ID_CACHE'
 1811 |     {                                                   \
      |     ^
/Library/Developer/CommandLineTools/SDKs/MacOSX.sdk/System/Library/Frameworks/Ruby.framework/Versions/2.6/usr/include/ruby-2.6.0/ruby/ruby.h:413:29: note: expanded from macro 'ID2SYM'
  413 | #define ID2SYM(x) RB_ID2SYM(x)
      |                             ^
/Library/Developer/CommandLineTools/SDKs/MacOSX.sdk/System/Library/Frameworks/Ruby.framework/Versions/2.6/usr/include/ruby-2.6.0/ruby/ruby.h:408:33: note: expanded from macro 'RB_ID2SYM'
  408 | #define RB_ID2SYM(x) (rb_id2sym(x))
      |                                 ^
oj.c:1891:30: warning: '}' and ')' tokens terminating statement expression appear in different macro expansion contexts [-Wcompound-token-split-by-macro]
 1891 |     allow_blank_sym = ID2SYM(rb_intern("allow_blank"));
      |                              ^~~~~~~~~~~~~~~~~~~~~~~~
/Library/Developer/CommandLineTools/SDKs/MacOSX.sdk/System/Library/Frameworks/Ruby.framework/Versions/2.6/usr/include/ruby-2.6.0/ruby/ruby.h:1826:24: note: expanded from macro 'rb_intern'
 1826 |         __extension__ (RUBY_CONST_ID_CACHE((ID), (str))) : \
      |                        ^~~~~~~~~~~~~~~~~~~~~~~~~~~~~~~~
/Library/Developer/CommandLineTools/SDKs/MacOSX.sdk/System/Library/Frameworks/Ruby.framework/Versions/2.6/usr/include/ruby-2.6.0/ruby/ruby.h:1816:5: note: expanded from macro 'RUBY_CONST_ID_CACHE'
 1816 |     }
      |     ^
/Library/Developer/CommandLineTools/SDKs/MacOSX.sdk/System/Library/Frameworks/Ruby.framework/Versions/2.6/usr/include/ruby-2.6.0/ruby/ruby.h:413:29: note: expanded from macro 'ID2SYM'
  413 | #define ID2SYM(x) RB_ID2SYM(x)
      |                             ^
/Library/Developer/CommandLineTools/SDKs/MacOSX.sdk/System/Library/Frameworks/Ruby.framework/Versions/2.6/usr/include/ruby-2.6.0/ruby/ruby.h:408:33: note: expanded from macro 'RB_ID2SYM'
  408 | #define RB_ID2SYM(x) (rb_id2sym(x))
      |                                 ^
oj.c:1891:30: note: ')' token is here
 1891 |     allow_blank_sym = ID2SYM(rb_intern("allow_blank"));
      |                              ^~~~~~~~~~~~~~~~~~~~~~~~
/Library/Developer/CommandLineTools/SDKs/MacOSX.sdk/System/Library/Frameworks/Ruby.framework/Versions/2.6/usr/include/ruby-2.6.0/ruby/ruby.h:1826:56: note: expanded from macro 'rb_intern'
 1826 |         __extension__ (RUBY_CONST_ID_CACHE((ID), (str))) : \
      |                                                        ^
/Library/Developer/CommandLineTools/SDKs/MacOSX.sdk/System/Library/Frameworks/Ruby.framework/Versions/2.6/usr/include/ruby-2.6.0/ruby/ruby.h:413:29: note: expanded from macro 'ID2SYM'
  413 | #define ID2SYM(x) RB_ID2SYM(x)
      |                             ^
/Library/Developer/CommandLineTools/SDKs/MacOSX.sdk/System/Library/Frameworks/Ruby.framework/Versions/2.6/usr/include/ruby-2.6.0/ruby/ruby.h:408:33: note: expanded from macro 'RB_ID2SYM'
  408 | #define RB_ID2SYM(x) (rb_id2sym(x))
      |                                 ^
oj.c:1893:27: warning: '(' and '{' tokens introducing statement expression appear in different macro expansion contexts [-Wcompound-token-split-by-macro]
 1893 |     allow_gc_sym = ID2SYM(rb_intern("allow_gc"));
      |                           ^~~~~~~~~~~~~~~~~~~~~
/Library/Developer/CommandLineTools/SDKs/MacOSX.sdk/System/Library/Frameworks/Ruby.framework/Versions/2.6/usr/include/ruby-2.6.0/ruby/ruby.h:1826:23: note: expanded from macro 'rb_intern'
 1826 |         __extension__ (RUBY_CONST_ID_CACHE((ID), (str))) : \
      |                       ^
/Library/Developer/CommandLineTools/SDKs/MacOSX.sdk/System/Library/Frameworks/Ruby.framework/Versions/2.6/usr/include/ruby-2.6.0/ruby/ruby.h:413:29: note: expanded from macro 'ID2SYM'
  413 | #define ID2SYM(x) RB_ID2SYM(x)
      |                             ^
/Library/Developer/CommandLineTools/SDKs/MacOSX.sdk/System/Library/Frameworks/Ruby.framework/Versions/2.6/usr/include/ruby-2.6.0/ruby/ruby.h:408:33: note: expanded from macro 'RB_ID2SYM'
  408 | #define RB_ID2SYM(x) (rb_id2sym(x))
      |                                 ^
oj.c:1893:27: note: '{' token is here
 1893 |     allow_gc_sym = ID2SYM(rb_intern("allow_gc"));
      |                           ^~~~~~~~~~~~~~~~~~~~~
/Library/Developer/CommandLineTools/SDKs/MacOSX.sdk/System/Library/Frameworks/Ruby.framework/Versions/2.6/usr/include/ruby-2.6.0/ruby/ruby.h:1826:24: note: expanded from macro 'rb_intern'
 1826 |         __extension__ (RUBY_CONST_ID_CACHE((ID), (str))) : \
      |                        ^~~~~~~~~~~~~~~~~~~~~~~~~~~~~~~~
/Library/Developer/CommandLineTools/SDKs/MacOSX.sdk/System/Library/Frameworks/Ruby.framework/Versions/2.6/usr/include/ruby-2.6.0/ruby/ruby.h:1811:5: note: expanded from macro 'RUBY_CONST_ID_CACHE'
 1811 |     {                                                   \
      |     ^
/Library/Developer/CommandLineTools/SDKs/MacOSX.sdk/System/Library/Frameworks/Ruby.framework/Versions/2.6/usr/include/ruby-2.6.0/ruby/ruby.h:413:29: note: expanded from macro 'ID2SYM'
  413 | #define ID2SYM(x) RB_ID2SYM(x)
      |                             ^
/Library/Developer/CommandLineTools/SDKs/MacOSX.sdk/System/Library/Frameworks/Ruby.framework/Versions/2.6/usr/include/ruby-2.6.0/ruby/ruby.h:408:33: note: expanded from macro 'RB_ID2SYM'
  408 | #define RB_ID2SYM(x) (rb_id2sym(x))
      |                                 ^
oj.c:1893:27: warning: '}' and ')' tokens terminating statement expression appear in different macro expansion contexts [-Wcompound-token-split-by-macro]
 1893 |     allow_gc_sym = ID2SYM(rb_intern("allow_gc"));
      |                           ^~~~~~~~~~~~~~~~~~~~~
/Library/Developer/CommandLineTools/SDKs/MacOSX.sdk/System/Library/Frameworks/Ruby.framework/Versions/2.6/usr/include/ruby-2.6.0/ruby/ruby.h:1826:24: note: expanded from macro 'rb_intern'
 1826 |         __extension__ (RUBY_CONST_ID_CACHE((ID), (str))) : \
      |                        ^~~~~~~~~~~~~~~~~~~~~~~~~~~~~~~~
/Library/Developer/CommandLineTools/SDKs/MacOSX.sdk/System/Library/Frameworks/Ruby.framework/Versions/2.6/usr/include/ruby-2.6.0/ruby/ruby.h:1816:5: note: expanded from macro 'RUBY_CONST_ID_CACHE'
 1816 |     }
      |     ^
/Library/Developer/CommandLineTools/SDKs/MacOSX.sdk/System/Library/Frameworks/Ruby.framework/Versions/2.6/usr/include/ruby-2.6.0/ruby/ruby.h:413:29: note: expanded from macro 'ID2SYM'
  413 | #define ID2SYM(x) RB_ID2SYM(x)
      |                             ^
/Library/Developer/CommandLineTools/SDKs/MacOSX.sdk/System/Library/Frameworks/Ruby.framework/Versions/2.6/usr/include/ruby-2.6.0/ruby/ruby.h:408:33: note: expanded from macro 'RB_ID2SYM'
  408 | #define RB_ID2SYM(x) (rb_id2sym(x))
      |                                 ^
oj.c:1893:27: note: ')' token is here
 1893 |     allow_gc_sym = ID2SYM(rb_intern("allow_gc"));
      |                           ^~~~~~~~~~~~~~~~~~~~~
/Library/Developer/CommandLineTools/SDKs/MacOSX.sdk/System/Library/Frameworks/Ruby.framework/Versions/2.6/usr/include/ruby-2.6.0/ruby/ruby.h:1826:56: note: expanded from macro 'rb_intern'
 1826 |         __extension__ (RUBY_CONST_ID_CACHE((ID), (str))) : \
      |                                                        ^
/Library/Developer/CommandLineTools/SDKs/MacOSX.sdk/System/Library/Frameworks/Ruby.framework/Versions/2.6/usr/include/ruby-2.6.0/ruby/ruby.h:413:29: note: expanded from macro 'ID2SYM'
  413 | #define ID2SYM(x) RB_ID2SYM(x)
      |                             ^
/Library/Developer/CommandLineTools/SDKs/MacOSX.sdk/System/Library/Frameworks/Ruby.framework/Versions/2.6/usr/include/ruby-2.6.0/ruby/ruby.h:408:33: note: expanded from macro 'RB_ID2SYM'
  408 | #define RB_ID2SYM(x) (rb_id2sym(x))
      |                                 ^
oj.c:1895:40: warning: '(' and '{' tokens introducing statement expression appear in different macro expansion contexts [-Wcompound-token-split-by-macro]
 1895 |     allow_invalid_unicode_sym = ID2SYM(rb_intern("allow_invalid_unicode"));
      |                                        ^~~~~~~~~~~~~~~~~~~~~~~~~~~~~~~~~~
/Library/Developer/CommandLineTools/SDKs/MacOSX.sdk/System/Library/Frameworks/Ruby.framework/Versions/2.6/usr/include/ruby-2.6.0/ruby/ruby.h:1826:23: note: expanded from macro 'rb_intern'
 1826 |         __extension__ (RUBY_CONST_ID_CACHE((ID), (str))) : \
      |                       ^
/Library/Developer/CommandLineTools/SDKs/MacOSX.sdk/System/Library/Frameworks/Ruby.framework/Versions/2.6/usr/include/ruby-2.6.0/ruby/ruby.h:413:29: note: expanded from macro 'ID2SYM'
  413 | #define ID2SYM(x) RB_ID2SYM(x)
      |                             ^
/Library/Developer/CommandLineTools/SDKs/MacOSX.sdk/System/Library/Frameworks/Ruby.framework/Versions/2.6/usr/include/ruby-2.6.0/ruby/ruby.h:408:33: note: expanded from macro 'RB_ID2SYM'
  408 | #define RB_ID2SYM(x) (rb_id2sym(x))
      |                                 ^
oj.c:1895:40: note: '{' token is here
 1895 |     allow_invalid_unicode_sym = ID2SYM(rb_intern("allow_invalid_unicode"));
      |                                        ^~~~~~~~~~~~~~~~~~~~~~~~~~~~~~~~~~
/Library/Developer/CommandLineTools/SDKs/MacOSX.sdk/System/Library/Frameworks/Ruby.framework/Versions/2.6/usr/include/ruby-2.6.0/ruby/ruby.h:1826:24: note: expanded from macro 'rb_intern'
 1826 |         __extension__ (RUBY_CONST_ID_CACHE((ID), (str))) : \
      |                        ^~~~~~~~~~~~~~~~~~~~~~~~~~~~~~~~
/Library/Developer/CommandLineTools/SDKs/MacOSX.sdk/System/Library/Frameworks/Ruby.framework/Versions/2.6/usr/include/ruby-2.6.0/ruby/ruby.h:1811:5: note: expanded from macro 'RUBY_CONST_ID_CACHE'
 1811 |     {                                                   \
      |     ^
/Library/Developer/CommandLineTools/SDKs/MacOSX.sdk/System/Library/Frameworks/Ruby.framework/Versions/2.6/usr/include/ruby-2.6.0/ruby/ruby.h:413:29: note: expanded from macro 'ID2SYM'
  413 | #define ID2SYM(x) RB_ID2SYM(x)
      |                             ^
/Library/Developer/CommandLineTools/SDKs/MacOSX.sdk/System/Library/Frameworks/Ruby.framework/Versions/2.6/usr/include/ruby-2.6.0/ruby/ruby.h:408:33: note: expanded from macro 'RB_ID2SYM'
  408 | #define RB_ID2SYM(x) (rb_id2sym(x))
      |                                 ^
oj.c:1895:40: warning: '}' and ')' tokens terminating statement expression appear in different macro expansion contexts [-Wcompound-token-split-by-macro]
 1895 |     allow_invalid_unicode_sym = ID2SYM(rb_intern("allow_invalid_unicode"));
      |                                        ^~~~~~~~~~~~~~~~~~~~~~~~~~~~~~~~~~
/Library/Developer/CommandLineTools/SDKs/MacOSX.sdk/System/Library/Frameworks/Ruby.framework/Versions/2.6/usr/include/ruby-2.6.0/ruby/ruby.h:1826:24: note: expanded from macro 'rb_intern'
 1826 |         __extension__ (RUBY_CONST_ID_CACHE((ID), (str))) : \
      |                        ^~~~~~~~~~~~~~~~~~~~~~~~~~~~~~~~
/Library/Developer/CommandLineTools/SDKs/MacOSX.sdk/System/Library/Frameworks/Ruby.framework/Versions/2.6/usr/include/ruby-2.6.0/ruby/ruby.h:1816:5: note: expanded from macro 'RUBY_CONST_ID_CACHE'
 1816 |     }
      |     ^
/Library/Developer/CommandLineTools/SDKs/MacOSX.sdk/System/Library/Frameworks/Ruby.framework/Versions/2.6/usr/include/ruby-2.6.0/ruby/ruby.h:413:29: note: expanded from macro 'ID2SYM'
  413 | #define ID2SYM(x) RB_ID2SYM(x)
      |                             ^
/Library/Developer/CommandLineTools/SDKs/MacOSX.sdk/System/Library/Frameworks/Ruby.framework/Versions/2.6/usr/include/ruby-2.6.0/ruby/ruby.h:408:33: note: expanded from macro 'RB_ID2SYM'
  408 | #define RB_ID2SYM(x) (rb_id2sym(x))
      |                                 ^
oj.c:1895:40: note: ')' token is here
 1895 |     allow_invalid_unicode_sym = ID2SYM(rb_intern("allow_invalid_unicode"));
      |                                        ^~~~~~~~~~~~~~~~~~~~~~~~~~~~~~~~~~
/Library/Developer/CommandLineTools/SDKs/MacOSX.sdk/System/Library/Frameworks/Ruby.framework/Versions/2.6/usr/include/ruby-2.6.0/ruby/ruby.h:1826:56: note: expanded from macro 'rb_intern'
 1826 |         __extension__ (RUBY_CONST_ID_CACHE((ID), (str))) : \
      |                                                        ^
/Library/Developer/CommandLineTools/SDKs/MacOSX.sdk/System/Library/Frameworks/Ruby.framework/Versions/2.6/usr/include/ruby-2.6.0/ruby/ruby.h:413:29: note: expanded from macro 'ID2SYM'
  413 | #define ID2SYM(x) RB_ID2SYM(x)
      |                             ^
/Library/Developer/CommandLineTools/SDKs/MacOSX.sdk/System/Library/Frameworks/Ruby.framework/Versions/2.6/usr/include/ruby-2.6.0/ruby/ruby.h:408:33: note: expanded from macro 'RB_ID2SYM'
  408 | #define RB_ID2SYM(x) (rb_id2sym(x))
      |                                 ^
oj.c:1897:24: warning: '(' and '{' tokens introducing statement expression appear in different macro expansion contexts [-Wcompound-token-split-by-macro]
 1897 |     ascii_sym = ID2SYM(rb_intern("ascii"));
      |                        ^~~~~~~~~~~~~~~~~~
/Library/Developer/CommandLineTools/SDKs/MacOSX.sdk/System/Library/Frameworks/Ruby.framework/Versions/2.6/usr/include/ruby-2.6.0/ruby/ruby.h:1826:23: note: expanded from macro 'rb_intern'
 1826 |         __extension__ (RUBY_CONST_ID_CACHE((ID), (str))) : \
      |                       ^
/Library/Developer/CommandLineTools/SDKs/MacOSX.sdk/System/Library/Frameworks/Ruby.framework/Versions/2.6/usr/include/ruby-2.6.0/ruby/ruby.h:413:29: note: expanded from macro 'ID2SYM'
  413 | #define ID2SYM(x) RB_ID2SYM(x)
      |                             ^
/Library/Developer/CommandLineTools/SDKs/MacOSX.sdk/System/Library/Frameworks/Ruby.framework/Versions/2.6/usr/include/ruby-2.6.0/ruby/ruby.h:408:33: note: expanded from macro 'RB_ID2SYM'
  408 | #define RB_ID2SYM(x) (rb_id2sym(x))
      |                                 ^
oj.c:1897:24: note: '{' token is here
 1897 |     ascii_sym = ID2SYM(rb_intern("ascii"));
      |                        ^~~~~~~~~~~~~~~~~~
/Library/Developer/CommandLineTools/SDKs/MacOSX.sdk/System/Library/Frameworks/Ruby.framework/Versions/2.6/usr/include/ruby-2.6.0/ruby/ruby.h:1826:24: note: expanded from macro 'rb_intern'
 1826 |         __extension__ (RUBY_CONST_ID_CACHE((ID), (str))) : \
      |                        ^~~~~~~~~~~~~~~~~~~~~~~~~~~~~~~~
/Library/Developer/CommandLineTools/SDKs/MacOSX.sdk/System/Library/Frameworks/Ruby.framework/Versions/2.6/usr/include/ruby-2.6.0/ruby/ruby.h:1811:5: note: expanded from macro 'RUBY_CONST_ID_CACHE'
 1811 |     {                                                   \
      |     ^
/Library/Developer/CommandLineTools/SDKs/MacOSX.sdk/System/Library/Frameworks/Ruby.framework/Versions/2.6/usr/include/ruby-2.6.0/ruby/ruby.h:413:29: note: expanded from macro 'ID2SYM'
  413 | #define ID2SYM(x) RB_ID2SYM(x)
      |                             ^
/Library/Developer/CommandLineTools/SDKs/MacOSX.sdk/System/Library/Frameworks/Ruby.framework/Versions/2.6/usr/include/ruby-2.6.0/ruby/ruby.h:408:33: note: expanded from macro 'RB_ID2SYM'
  408 | #define RB_ID2SYM(x) (rb_id2sym(x))
      |                                 ^
oj.c:1897:24: warning: '}' and ')' tokens terminating statement expression appear in different macro expansion contexts [-Wcompound-token-split-by-macro]
 1897 |     ascii_sym = ID2SYM(rb_intern("ascii"));
      |                        ^~~~~~~~~~~~~~~~~~
/Library/Developer/CommandLineTools/SDKs/MacOSX.sdk/System/Library/Frameworks/Ruby.framework/Versions/2.6/usr/include/ruby-2.6.0/ruby/ruby.h:1826:24: note: expanded from macro 'rb_intern'
 1826 |         __extension__ (RUBY_CONST_ID_CACHE((ID), (str))) : \
      |                        ^~~~~~~~~~~~~~~~~~~~~~~~~~~~~~~~
/Library/Developer/CommandLineTools/SDKs/MacOSX.sdk/System/Library/Frameworks/Ruby.framework/Versions/2.6/usr/include/ruby-2.6.0/ruby/ruby.h:1816:5: note: expanded from macro 'RUBY_CONST_ID_CACHE'
 1816 |     }
      |     ^
/Library/Developer/CommandLineTools/SDKs/MacOSX.sdk/System/Library/Frameworks/Ruby.framework/Versions/2.6/usr/include/ruby-2.6.0/ruby/ruby.h:413:29: note: expanded from macro 'ID2SYM'
  413 | #define ID2SYM(x) RB_ID2SYM(x)
      |                             ^
/Library/Developer/CommandLineTools/SDKs/MacOSX.sdk/System/Library/Frameworks/Ruby.framework/Versions/2.6/usr/include/ruby-2.6.0/ruby/ruby.h:408:33: note: expanded from macro 'RB_ID2SYM'
  408 | #define RB_ID2SYM(x) (rb_id2sym(x))
      |                                 ^
oj.c:1897:24: note: ')' token is here
 1897 |     ascii_sym = ID2SYM(rb_intern("ascii"));
      |                        ^~~~~~~~~~~~~~~~~~
/Library/Developer/CommandLineTools/SDKs/MacOSX.sdk/System/Library/Frameworks/Ruby.framework/Versions/2.6/usr/include/ruby-2.6.0/ruby/ruby.h:1826:56: note: expanded from macro 'rb_intern'
 1826 |         __extension__ (RUBY_CONST_ID_CACHE((ID), (str))) : \
      |                                                        ^
/Library/Developer/CommandLineTools/SDKs/MacOSX.sdk/System/Library/Frameworks/Ruby.framework/Versions/2.6/usr/include/ruby-2.6.0/ruby/ruby.h:413:29: note: expanded from macro 'ID2SYM'
  413 | #define ID2SYM(x) RB_ID2SYM(x)
      |                             ^
/Library/Developer/CommandLineTools/SDKs/MacOSX.sdk/System/Library/Frameworks/Ruby.framework/Versions/2.6/usr/include/ruby-2.6.0/ruby/ruby.h:408:33: note: expanded from macro 'RB_ID2SYM'
  408 | #define RB_ID2SYM(x) (rb_id2sym(x))
      |                                 ^
oj.c:1899:30: warning: '(' and '{' tokens introducing statement expression appear in different macro expansion contexts [-Wcompound-token-split-by-macro]
 1899 |     auto_define_sym = ID2SYM(rb_intern("auto_define"));
      |                              ^~~~~~~~~~~~~~~~~~~~~~~~
/Library/Developer/CommandLineTools/SDKs/MacOSX.sdk/System/Library/Frameworks/Ruby.framework/Versions/2.6/usr/include/ruby-2.6.0/ruby/ruby.h:1826:23: note: expanded from macro 'rb_intern'
 1826 |         __extension__ (RUBY_CONST_ID_CACHE((ID), (str))) : \
      |                       ^
/Library/Developer/CommandLineTools/SDKs/MacOSX.sdk/System/Library/Frameworks/Ruby.framework/Versions/2.6/usr/include/ruby-2.6.0/ruby/ruby.h:413:29: note: expanded from macro 'ID2SYM'
  413 | #define ID2SYM(x) RB_ID2SYM(x)
      |                             ^
/Library/Developer/CommandLineTools/SDKs/MacOSX.sdk/System/Library/Frameworks/Ruby.framework/Versions/2.6/usr/include/ruby-2.6.0/ruby/ruby.h:408:33: note: expanded from macro 'RB_ID2SYM'
  408 | #define RB_ID2SYM(x) (rb_id2sym(x))
      |                                 ^
oj.c:1899:30: note: '{' token is here
 1899 |     auto_define_sym = ID2SYM(rb_intern("auto_define"));
      |                              ^~~~~~~~~~~~~~~~~~~~~~~~
/Library/Developer/CommandLineTools/SDKs/MacOSX.sdk/System/Library/Frameworks/Ruby.framework/Versions/2.6/usr/include/ruby-2.6.0/ruby/ruby.h:1826:24: note: expanded from macro 'rb_intern'
 1826 |         __extension__ (RUBY_CONST_ID_CACHE((ID), (str))) : \
      |                        ^~~~~~~~~~~~~~~~~~~~~~~~~~~~~~~~
/Library/Developer/CommandLineTools/SDKs/MacOSX.sdk/System/Library/Frameworks/Ruby.framework/Versions/2.6/usr/include/ruby-2.6.0/ruby/ruby.h:1811:5: note: expanded from macro 'RUBY_CONST_ID_CACHE'
 1811 |     {                                                   \
      |     ^
/Library/Developer/CommandLineTools/SDKs/MacOSX.sdk/System/Library/Frameworks/Ruby.framework/Versions/2.6/usr/include/ruby-2.6.0/ruby/ruby.h:413:29: note: expanded from macro 'ID2SYM'
  413 | #define ID2SYM(x) RB_ID2SYM(x)
      |                             ^
/Library/Developer/CommandLineTools/SDKs/MacOSX.sdk/System/Library/Frameworks/Ruby.framework/Versions/2.6/usr/include/ruby-2.6.0/ruby/ruby.h:408:33: note: expanded from macro 'RB_ID2SYM'
  408 | #define RB_ID2SYM(x) (rb_id2sym(x))
      |                                 ^
oj.c:1899:30: warning: '}' and ')' tokens terminating statement expression appear in different macro expansion contexts [-Wcompound-token-split-by-macro]
 1899 |     auto_define_sym = ID2SYM(rb_intern("auto_define"));
      |                              ^~~~~~~~~~~~~~~~~~~~~~~~
/Library/Developer/CommandLineTools/SDKs/MacOSX.sdk/System/Library/Frameworks/Ruby.framework/Versions/2.6/usr/include/ruby-2.6.0/ruby/ruby.h:1826:24: note: expanded from macro 'rb_intern'
 1826 |         __extension__ (RUBY_CONST_ID_CACHE((ID), (str))) : \
      |                        ^~~~~~~~~~~~~~~~~~~~~~~~~~~~~~~~
/Library/Developer/CommandLineTools/SDKs/MacOSX.sdk/System/Library/Frameworks/Ruby.framework/Versions/2.6/usr/include/ruby-2.6.0/ruby/ruby.h:1816:5: note: expanded from macro 'RUBY_CONST_ID_CACHE'
 1816 |     }
      |     ^
/Library/Developer/CommandLineTools/SDKs/MacOSX.sdk/System/Library/Frameworks/Ruby.framework/Versions/2.6/usr/include/ruby-2.6.0/ruby/ruby.h:413:29: note: expanded from macro 'ID2SYM'
  413 | #define ID2SYM(x) RB_ID2SYM(x)
      |                             ^
/Library/Developer/CommandLineTools/SDKs/MacOSX.sdk/System/Library/Frameworks/Ruby.framework/Versions/2.6/usr/include/ruby-2.6.0/ruby/ruby.h:408:33: note: expanded from macro 'RB_ID2SYM'
  408 | #define RB_ID2SYM(x) (rb_id2sym(x))
      |                                 ^
oj.c:1899:30: note: ')' token is here
 1899 |     auto_define_sym = ID2SYM(rb_intern("auto_define"));
      |                              ^~~~~~~~~~~~~~~~~~~~~~~~
/Library/Developer/CommandLineTools/SDKs/MacOSX.sdk/System/Library/Frameworks/Ruby.framework/Versions/2.6/usr/include/ruby-2.6.0/ruby/ruby.h:1826:56: note: expanded from macro 'rb_intern'
 1826 |         __extension__ (RUBY_CONST_ID_CACHE((ID), (str))) : \
      |                                                        ^
/Library/Developer/CommandLineTools/SDKs/MacOSX.sdk/System/Library/Frameworks/Ruby.framework/Versions/2.6/usr/include/ruby-2.6.0/ruby/ruby.h:413:29: note: expanded from macro 'ID2SYM'
  413 | #define ID2SYM(x) RB_ID2SYM(x)
      |                             ^
/Library/Developer/CommandLineTools/SDKs/MacOSX.sdk/System/Library/Frameworks/Ruby.framework/Versions/2.6/usr/include/ruby-2.6.0/ruby/ruby.h:408:33: note: expanded from macro 'RB_ID2SYM'
  408 | #define RB_ID2SYM(x) (rb_id2sym(x))
      |                                 ^
oj.c:1901:23: warning: '(' and '{' tokens introducing statement expression appear in different macro expansion contexts [-Wcompound-token-split-by-macro]
 1901 |     auto_sym = ID2SYM(rb_intern("auto"));
      |                       ^~~~~~~~~~~~~~~~~
/Library/Developer/CommandLineTools/SDKs/MacOSX.sdk/System/Library/Frameworks/Ruby.framework/Versions/2.6/usr/include/ruby-2.6.0/ruby/ruby.h:1826:23: note: expanded from macro 'rb_intern'
 1826 |         __extension__ (RUBY_CONST_ID_CACHE((ID), (str))) : \
      |                       ^
/Library/Developer/CommandLineTools/SDKs/MacOSX.sdk/System/Library/Frameworks/Ruby.framework/Versions/2.6/usr/include/ruby-2.6.0/ruby/ruby.h:413:29: note: expanded from macro 'ID2SYM'
  413 | #define ID2SYM(x) RB_ID2SYM(x)
      |                             ^
/Library/Developer/CommandLineTools/SDKs/MacOSX.sdk/System/Library/Frameworks/Ruby.framework/Versions/2.6/usr/include/ruby-2.6.0/ruby/ruby.h:408:33: note: expanded from macro 'RB_ID2SYM'
  408 | #define RB_ID2SYM(x) (rb_id2sym(x))
      |                                 ^
oj.c:1901:23: note: '{' token is here
 1901 |     auto_sym = ID2SYM(rb_intern("auto"));
      |                       ^~~~~~~~~~~~~~~~~
/Library/Developer/CommandLineTools/SDKs/MacOSX.sdk/System/Library/Frameworks/Ruby.framework/Versions/2.6/usr/include/ruby-2.6.0/ruby/ruby.h:1826:24: note: expanded from macro 'rb_intern'
 1826 |         __extension__ (RUBY_CONST_ID_CACHE((ID), (str))) : \
      |                        ^~~~~~~~~~~~~~~~~~~~~~~~~~~~~~~~
/Library/Developer/CommandLineTools/SDKs/MacOSX.sdk/System/Library/Frameworks/Ruby.framework/Versions/2.6/usr/include/ruby-2.6.0/ruby/ruby.h:1811:5: note: expanded from macro 'RUBY_CONST_ID_CACHE'
 1811 |     {                                                   \
      |     ^
/Library/Developer/CommandLineTools/SDKs/MacOSX.sdk/System/Library/Frameworks/Ruby.framework/Versions/2.6/usr/include/ruby-2.6.0/ruby/ruby.h:413:29: note: expanded from macro 'ID2SYM'
  413 | #define ID2SYM(x) RB_ID2SYM(x)
      |                             ^
/Library/Developer/CommandLineTools/SDKs/MacOSX.sdk/System/Library/Frameworks/Ruby.framework/Versions/2.6/usr/include/ruby-2.6.0/ruby/ruby.h:408:33: note: expanded from macro 'RB_ID2SYM'
  408 | #define RB_ID2SYM(x) (rb_id2sym(x))
      |                                 ^
oj.c:1901:23: warning: '}' and ')' tokens terminating statement expression appear in different macro expansion contexts [-Wcompound-token-split-by-macro]
 1901 |     auto_sym = ID2SYM(rb_intern("auto"));
      |                       ^~~~~~~~~~~~~~~~~
/Library/Developer/CommandLineTools/SDKs/MacOSX.sdk/System/Library/Frameworks/Ruby.framework/Versions/2.6/usr/include/ruby-2.6.0/ruby/ruby.h:1826:24: note: expanded from macro 'rb_intern'
 1826 |         __extension__ (RUBY_CONST_ID_CACHE((ID), (str))) : \
      |                        ^~~~~~~~~~~~~~~~~~~~~~~~~~~~~~~~
/Library/Developer/CommandLineTools/SDKs/MacOSX.sdk/System/Library/Frameworks/Ruby.framework/Versions/2.6/usr/include/ruby-2.6.0/ruby/ruby.h:1816:5: note: expanded from macro 'RUBY_CONST_ID_CACHE'
 1816 |     }
      |     ^
/Library/Developer/CommandLineTools/SDKs/MacOSX.sdk/System/Library/Frameworks/Ruby.framework/Versions/2.6/usr/include/ruby-2.6.0/ruby/ruby.h:413:29: note: expanded from macro 'ID2SYM'
  413 | #define ID2SYM(x) RB_ID2SYM(x)
      |                             ^
/Library/Developer/CommandLineTools/SDKs/MacOSX.sdk/System/Library/Frameworks/Ruby.framework/Versions/2.6/usr/include/ruby-2.6.0/ruby/ruby.h:408:33: note: expanded from macro 'RB_ID2SYM'
  408 | #define RB_ID2SYM(x) (rb_id2sym(x))
      |                                 ^
oj.c:1901:23: note: ')' token is here
 1901 |     auto_sym = ID2SYM(rb_intern("auto"));
      |                       ^~~~~~~~~~~~~~~~~
/Library/Developer/CommandLineTools/SDKs/MacOSX.sdk/System/Library/Frameworks/Ruby.framework/Versions/2.6/usr/include/ruby-2.6.0/ruby/ruby.h:1826:56: note: expanded from macro 'rb_intern'
 1826 |         __extension__ (RUBY_CONST_ID_CACHE((ID), (str))) : \
      |                                                        ^
/Library/Developer/CommandLineTools/SDKs/MacOSX.sdk/System/Library/Frameworks/Ruby.framework/Versions/2.6/usr/include/ruby-2.6.0/ruby/ruby.h:413:29: note: expanded from macro 'ID2SYM'
  413 | #define ID2SYM(x) RB_ID2SYM(x)
      |                             ^
/Library/Developer/CommandLineTools/SDKs/MacOSX.sdk/System/Library/Frameworks/Ruby.framework/Versions/2.6/usr/include/ruby-2.6.0/ruby/ruby.h:408:33: note: expanded from macro 'RB_ID2SYM'
  408 | #define RB_ID2SYM(x) (rb_id2sym(x))
      |                                 ^
oj.c:1903:40: warning: '(' and '{' tokens introducing statement expression appear in different macro expansion contexts [-Wcompound-token-split-by-macro]
 1903 |     bigdecimal_as_decimal_sym = ID2SYM(rb_intern("bigdecimal_as_decimal"));
      |                                        ^~~~~~~~~~~~~~~~~~~~~~~~~~~~~~~~~~
/Library/Developer/CommandLineTools/SDKs/MacOSX.sdk/System/Library/Frameworks/Ruby.framework/Versions/2.6/usr/include/ruby-2.6.0/ruby/ruby.h:1826:23: note: expanded from macro 'rb_intern'
 1826 |         __extension__ (RUBY_CONST_ID_CACHE((ID), (str))) : \
      |                       ^
/Library/Developer/CommandLineTools/SDKs/MacOSX.sdk/System/Library/Frameworks/Ruby.framework/Versions/2.6/usr/include/ruby-2.6.0/ruby/ruby.h:413:29: note: expanded from macro 'ID2SYM'
  413 | #define ID2SYM(x) RB_ID2SYM(x)
      |                             ^
/Library/Developer/CommandLineTools/SDKs/MacOSX.sdk/System/Library/Frameworks/Ruby.framework/Versions/2.6/usr/include/ruby-2.6.0/ruby/ruby.h:408:33: note: expanded from macro 'RB_ID2SYM'
  408 | #define RB_ID2SYM(x) (rb_id2sym(x))
      |                                 ^
oj.c:1903:40: note: '{' token is here
 1903 |     bigdecimal_as_decimal_sym = ID2SYM(rb_intern("bigdecimal_as_decimal"));
      |                                        ^~~~~~~~~~~~~~~~~~~~~~~~~~~~~~~~~~
/Library/Developer/CommandLineTools/SDKs/MacOSX.sdk/System/Library/Frameworks/Ruby.framework/Versions/2.6/usr/include/ruby-2.6.0/ruby/ruby.h:1826:24: note: expanded from macro 'rb_intern'
 1826 |         __extension__ (RUBY_CONST_ID_CACHE((ID), (str))) : \
      |                        ^~~~~~~~~~~~~~~~~~~~~~~~~~~~~~~~
/Library/Developer/CommandLineTools/SDKs/MacOSX.sdk/System/Library/Frameworks/Ruby.framework/Versions/2.6/usr/include/ruby-2.6.0/ruby/ruby.h:1811:5: note: expanded from macro 'RUBY_CONST_ID_CACHE'
 1811 |     {                                                   \
      |     ^
/Library/Developer/CommandLineTools/SDKs/MacOSX.sdk/System/Library/Frameworks/Ruby.framework/Versions/2.6/usr/include/ruby-2.6.0/ruby/ruby.h:413:29: note: expanded from macro 'ID2SYM'
  413 | #define ID2SYM(x) RB_ID2SYM(x)
      |                             ^
/Library/Developer/CommandLineTools/SDKs/MacOSX.sdk/System/Library/Frameworks/Ruby.framework/Versions/2.6/usr/include/ruby-2.6.0/ruby/ruby.h:408:33: note: expanded from macro 'RB_ID2SYM'
  408 | #define RB_ID2SYM(x) (rb_id2sym(x))
      |                                 ^
oj.c:1903:40: warning: '}' and ')' tokens terminating statement expression appear in different macro expansion contexts [-Wcompound-token-split-by-macro]
 1903 |     bigdecimal_as_decimal_sym = ID2SYM(rb_intern("bigdecimal_as_decimal"));
      |                                        ^~~~~~~~~~~~~~~~~~~~~~~~~~~~~~~~~~
/Library/Developer/CommandLineTools/SDKs/MacOSX.sdk/System/Library/Frameworks/Ruby.framework/Versions/2.6/usr/include/ruby-2.6.0/ruby/ruby.h:1826:24: note: expanded from macro 'rb_intern'
 1826 |         __extension__ (RUBY_CONST_ID_CACHE((ID), (str))) : \
      |                        ^~~~~~~~~~~~~~~~~~~~~~~~~~~~~~~~
/Library/Developer/CommandLineTools/SDKs/MacOSX.sdk/System/Library/Frameworks/Ruby.framework/Versions/2.6/usr/include/ruby-2.6.0/ruby/ruby.h:1816:5: note: expanded from macro 'RUBY_CONST_ID_CACHE'
 1816 |     }
      |     ^
/Library/Developer/CommandLineTools/SDKs/MacOSX.sdk/System/Library/Frameworks/Ruby.framework/Versions/2.6/usr/include/ruby-2.6.0/ruby/ruby.h:413:29: note: expanded from macro 'ID2SYM'
  413 | #define ID2SYM(x) RB_ID2SYM(x)
      |                             ^
/Library/Developer/CommandLineTools/SDKs/MacOSX.sdk/System/Library/Frameworks/Ruby.framework/Versions/2.6/usr/include/ruby-2.6.0/ruby/ruby.h:408:33: note: expanded from macro 'RB_ID2SYM'
  408 | #define RB_ID2SYM(x) (rb_id2sym(x))
      |                                 ^
oj.c:1903:40: note: ')' token is here
 1903 |     bigdecimal_as_decimal_sym = ID2SYM(rb_intern("bigdecimal_as_decimal"));
      |                                        ^~~~~~~~~~~~~~~~~~~~~~~~~~~~~~~~~~
/Library/Developer/CommandLineTools/SDKs/MacOSX.sdk/System/Library/Frameworks/Ruby.framework/Versions/2.6/usr/include/ruby-2.6.0/ruby/ruby.h:1826:56: note: expanded from macro 'rb_intern'
 1826 |         __extension__ (RUBY_CONST_ID_CACHE((ID), (str))) : \
      |                                                        ^
/Library/Developer/CommandLineTools/SDKs/MacOSX.sdk/System/Library/Frameworks/Ruby.framework/Versions/2.6/usr/include/ruby-2.6.0/ruby/ruby.h:413:29: note: expanded from macro 'ID2SYM'
  413 | #define ID2SYM(x) RB_ID2SYM(x)
      |                             ^
/Library/Developer/CommandLineTools/SDKs/MacOSX.sdk/System/Library/Frameworks/Ruby.framework/Versions/2.6/usr/include/ruby-2.6.0/ruby/ruby.h:408:33: note: expanded from macro 'RB_ID2SYM'
  408 | #define RB_ID2SYM(x) (rb_id2sym(x))
      |                                 ^
oj.c:1905:34: warning: '(' and '{' tokens introducing statement expression appear in different macro expansion contexts [-Wcompound-token-split-by-macro]
 1905 |     bigdecimal_load_sym = ID2SYM(rb_intern("bigdecimal_load"));
      |                                  ^~~~~~~~~~~~~~~~~~~~~~~~~~~~
/Library/Developer/CommandLineTools/SDKs/MacOSX.sdk/System/Library/Frameworks/Ruby.framework/Versions/2.6/usr/include/ruby-2.6.0/ruby/ruby.h:1826:23: note: expanded from macro 'rb_intern'
 1826 |         __extension__ (RUBY_CONST_ID_CACHE((ID), (str))) : \
      |                       ^
/Library/Developer/CommandLineTools/SDKs/MacOSX.sdk/System/Library/Frameworks/Ruby.framework/Versions/2.6/usr/include/ruby-2.6.0/ruby/ruby.h:413:29: note: expanded from macro 'ID2SYM'
  413 | #define ID2SYM(x) RB_ID2SYM(x)
      |                             ^
/Library/Developer/CommandLineTools/SDKs/MacOSX.sdk/System/Library/Frameworks/Ruby.framework/Versions/2.6/usr/include/ruby-2.6.0/ruby/ruby.h:408:33: note: expanded from macro 'RB_ID2SYM'
  408 | #define RB_ID2SYM(x) (rb_id2sym(x))
      |                                 ^
oj.c:1905:34: note: '{' token is here
 1905 |     bigdecimal_load_sym = ID2SYM(rb_intern("bigdecimal_load"));
      |                                  ^~~~~~~~~~~~~~~~~~~~~~~~~~~~
/Library/Developer/CommandLineTools/SDKs/MacOSX.sdk/System/Library/Frameworks/Ruby.framework/Versions/2.6/usr/include/ruby-2.6.0/ruby/ruby.h:1826:24: note: expanded from macro 'rb_intern'
 1826 |         __extension__ (RUBY_CONST_ID_CACHE((ID), (str))) : \
      |                        ^~~~~~~~~~~~~~~~~~~~~~~~~~~~~~~~
/Library/Developer/CommandLineTools/SDKs/MacOSX.sdk/System/Library/Frameworks/Ruby.framework/Versions/2.6/usr/include/ruby-2.6.0/ruby/ruby.h:1811:5: note: expanded from macro 'RUBY_CONST_ID_CACHE'
 1811 |     {                                                   \
      |     ^
/Library/Developer/CommandLineTools/SDKs/MacOSX.sdk/System/Library/Frameworks/Ruby.framework/Versions/2.6/usr/include/ruby-2.6.0/ruby/ruby.h:413:29: note: expanded from macro 'ID2SYM'
  413 | #define ID2SYM(x) RB_ID2SYM(x)
      |                             ^
/Library/Developer/CommandLineTools/SDKs/MacOSX.sdk/System/Library/Frameworks/Ruby.framework/Versions/2.6/usr/include/ruby-2.6.0/ruby/ruby.h:408:33: note: expanded from macro 'RB_ID2SYM'
  408 | #define RB_ID2SYM(x) (rb_id2sym(x))
      |                                 ^
oj.c:1905:34: warning: '}' and ')' tokens terminating statement expression appear in different macro expansion contexts [-Wcompound-token-split-by-macro]
 1905 |     bigdecimal_load_sym = ID2SYM(rb_intern("bigdecimal_load"));
      |                                  ^~~~~~~~~~~~~~~~~~~~~~~~~~~~
/Library/Developer/CommandLineTools/SDKs/MacOSX.sdk/System/Library/Frameworks/Ruby.framework/Versions/2.6/usr/include/ruby-2.6.0/ruby/ruby.h:1826:24: note: expanded from macro 'rb_intern'
 1826 |         __extension__ (RUBY_CONST_ID_CACHE((ID), (str))) : \
      |                        ^~~~~~~~~~~~~~~~~~~~~~~~~~~~~~~~
/Library/Developer/CommandLineTools/SDKs/MacOSX.sdk/System/Library/Frameworks/Ruby.framework/Versions/2.6/usr/include/ruby-2.6.0/ruby/ruby.h:1816:5: note: expanded from macro 'RUBY_CONST_ID_CACHE'
 1816 |     }
      |     ^
/Library/Developer/CommandLineTools/SDKs/MacOSX.sdk/System/Library/Frameworks/Ruby.framework/Versions/2.6/usr/include/ruby-2.6.0/ruby/ruby.h:413:29: note: expanded from macro 'ID2SYM'
  413 | #define ID2SYM(x) RB_ID2SYM(x)
      |                             ^
/Library/Developer/CommandLineTools/SDKs/MacOSX.sdk/System/Library/Frameworks/Ruby.framework/Versions/2.6/usr/include/ruby-2.6.0/ruby/ruby.h:408:33: note: expanded from macro 'RB_ID2SYM'
  408 | #define RB_ID2SYM(x) (rb_id2sym(x))
      |                                 ^
oj.c:1905:34: note: ')' token is here
 1905 |     bigdecimal_load_sym = ID2SYM(rb_intern("bigdecimal_load"));
      |                                  ^~~~~~~~~~~~~~~~~~~~~~~~~~~~
/Library/Developer/CommandLineTools/SDKs/MacOSX.sdk/System/Library/Frameworks/Ruby.framework/Versions/2.6/usr/include/ruby-2.6.0/ruby/ruby.h:1826:56: note: expanded from macro 'rb_intern'
 1826 |         __extension__ (RUBY_CONST_ID_CACHE((ID), (str))) : \
      |                                                        ^
/Library/Developer/CommandLineTools/SDKs/MacOSX.sdk/System/Library/Frameworks/Ruby.framework/Versions/2.6/usr/include/ruby-2.6.0/ruby/ruby.h:413:29: note: expanded from macro 'ID2SYM'
  413 | #define ID2SYM(x) RB_ID2SYM(x)
      |                             ^
/Library/Developer/CommandLineTools/SDKs/MacOSX.sdk/System/Library/Frameworks/Ruby.framework/Versions/2.6/usr/include/ruby-2.6.0/ruby/ruby.h:408:33: note: expanded from macro 'RB_ID2SYM'
  408 | #define RB_ID2SYM(x) (rb_id2sym(x))
      |                                 ^
oj.c:1907:29: warning: '(' and '{' tokens introducing statement expression appear in different macro expansion contexts [-Wcompound-token-split-by-macro]
 1907 |     bigdecimal_sym = ID2SYM(rb_intern("bigdecimal"));
      |                             ^~~~~~~~~~~~~~~~~~~~~~~
/Library/Developer/CommandLineTools/SDKs/MacOSX.sdk/System/Library/Frameworks/Ruby.framework/Versions/2.6/usr/include/ruby-2.6.0/ruby/ruby.h:1826:23: note: expanded from macro 'rb_intern'
 1826 |         __extension__ (RUBY_CONST_ID_CACHE((ID), (str))) : \
      |                       ^
/Library/Developer/CommandLineTools/SDKs/MacOSX.sdk/System/Library/Frameworks/Ruby.framework/Versions/2.6/usr/include/ruby-2.6.0/ruby/ruby.h:413:29: note: expanded from macro 'ID2SYM'
  413 | #define ID2SYM(x) RB_ID2SYM(x)
      |                             ^
/Library/Developer/CommandLineTools/SDKs/MacOSX.sdk/System/Library/Frameworks/Ruby.framework/Versions/2.6/usr/include/ruby-2.6.0/ruby/ruby.h:408:33: note: expanded from macro 'RB_ID2SYM'
  408 | #define RB_ID2SYM(x) (rb_id2sym(x))
      |                                 ^
oj.c:1907:29: note: '{' token is here
 1907 |     bigdecimal_sym = ID2SYM(rb_intern("bigdecimal"));
      |                             ^~~~~~~~~~~~~~~~~~~~~~~
/Library/Developer/CommandLineTools/SDKs/MacOSX.sdk/System/Library/Frameworks/Ruby.framework/Versions/2.6/usr/include/ruby-2.6.0/ruby/ruby.h:1826:24: note: expanded from macro 'rb_intern'
 1826 |         __extension__ (RUBY_CONST_ID_CACHE((ID), (str))) : \
      |                        ^~~~~~~~~~~~~~~~~~~~~~~~~~~~~~~~
/Library/Developer/CommandLineTools/SDKs/MacOSX.sdk/System/Library/Frameworks/Ruby.framework/Versions/2.6/usr/include/ruby-2.6.0/ruby/ruby.h:1811:5: note: expanded from macro 'RUBY_CONST_ID_CACHE'
 1811 |     {                                                   \
      |     ^
/Library/Developer/CommandLineTools/SDKs/MacOSX.sdk/System/Library/Frameworks/Ruby.framework/Versions/2.6/usr/include/ruby-2.6.0/ruby/ruby.h:413:29: note: expanded from macro 'ID2SYM'
  413 | #define ID2SYM(x) RB_ID2SYM(x)
      |                             ^
/Library/Developer/CommandLineTools/SDKs/MacOSX.sdk/System/Library/Frameworks/Ruby.framework/Versions/2.6/usr/include/ruby-2.6.0/ruby/ruby.h:408:33: note: expanded from macro 'RB_ID2SYM'
  408 | #define RB_ID2SYM(x) (rb_id2sym(x))
      |                                 ^
oj.c:1907:29: warning: '}' and ')' tokens terminating statement expression appear in different macro expansion contexts [-Wcompound-token-split-by-macro]
 1907 |     bigdecimal_sym = ID2SYM(rb_intern("bigdecimal"));
      |                             ^~~~~~~~~~~~~~~~~~~~~~~
/Library/Developer/CommandLineTools/SDKs/MacOSX.sdk/System/Library/Frameworks/Ruby.framework/Versions/2.6/usr/include/ruby-2.6.0/ruby/ruby.h:1826:24: note: expanded from macro 'rb_intern'
 1826 |         __extension__ (RUBY_CONST_ID_CACHE((ID), (str))) : \
      |                        ^~~~~~~~~~~~~~~~~~~~~~~~~~~~~~~~
/Library/Developer/CommandLineTools/SDKs/MacOSX.sdk/System/Library/Frameworks/Ruby.framework/Versions/2.6/usr/include/ruby-2.6.0/ruby/ruby.h:1816:5: note: expanded from macro 'RUBY_CONST_ID_CACHE'
 1816 |     }
      |     ^
/Library/Developer/CommandLineTools/SDKs/MacOSX.sdk/System/Library/Frameworks/Ruby.framework/Versions/2.6/usr/include/ruby-2.6.0/ruby/ruby.h:413:29: note: expanded from macro 'ID2SYM'
  413 | #define ID2SYM(x) RB_ID2SYM(x)
      |                             ^
/Library/Developer/CommandLineTools/SDKs/MacOSX.sdk/System/Library/Frameworks/Ruby.framework/Versions/2.6/usr/include/ruby-2.6.0/ruby/ruby.h:408:33: note: expanded from macro 'RB_ID2SYM'
  408 | #define RB_ID2SYM(x) (rb_id2sym(x))
      |                                 ^
oj.c:1907:29: note: ')' token is here
 1907 |     bigdecimal_sym = ID2SYM(rb_intern("bigdecimal"));
      |                             ^~~~~~~~~~~~~~~~~~~~~~~
/Library/Developer/CommandLineTools/SDKs/MacOSX.sdk/System/Library/Frameworks/Ruby.framework/Versions/2.6/usr/include/ruby-2.6.0/ruby/ruby.h:1826:56: note: expanded from macro 'rb_intern'
 1826 |         __extension__ (RUBY_CONST_ID_CACHE((ID), (str))) : \
      |                                                        ^
/Library/Developer/CommandLineTools/SDKs/MacOSX.sdk/System/Library/Frameworks/Ruby.framework/Versions/2.6/usr/include/ruby-2.6.0/ruby/ruby.h:413:29: note: expanded from macro 'ID2SYM'
  413 | #define ID2SYM(x) RB_ID2SYM(x)
      |                             ^
/Library/Developer/CommandLineTools/SDKs/MacOSX.sdk/System/Library/Frameworks/Ruby.framework/Versions/2.6/usr/include/ruby-2.6.0/ruby/ruby.h:408:33: note: expanded from macro 'RB_ID2SYM'
  408 | #define RB_ID2SYM(x) (rb_id2sym(x))
      |                                 ^
oj.c:1909:29: warning: '(' and '{' tokens introducing statement expression appear in different macro expansion contexts [-Wcompound-token-split-by-macro]
 1909 |     cache_keys_sym = ID2SYM(rb_intern("cache_keys"));
      |                             ^~~~~~~~~~~~~~~~~~~~~~~
/Library/Developer/CommandLineTools/SDKs/MacOSX.sdk/System/Library/Frameworks/Ruby.framework/Versions/2.6/usr/include/ruby-2.6.0/ruby/ruby.h:1826:23: note: expanded from macro 'rb_intern'
 1826 |         __extension__ (RUBY_CONST_ID_CACHE((ID), (str))) : \
      |                       ^
/Library/Developer/CommandLineTools/SDKs/MacOSX.sdk/System/Library/Frameworks/Ruby.framework/Versions/2.6/usr/include/ruby-2.6.0/ruby/ruby.h:413:29: note: expanded from macro 'ID2SYM'
  413 | #define ID2SYM(x) RB_ID2SYM(x)
      |                             ^
/Library/Developer/CommandLineTools/SDKs/MacOSX.sdk/System/Library/Frameworks/Ruby.framework/Versions/2.6/usr/include/ruby-2.6.0/ruby/ruby.h:408:33: note: expanded from macro 'RB_ID2SYM'
  408 | #define RB_ID2SYM(x) (rb_id2sym(x))
      |                                 ^
oj.c:1909:29: note: '{' token is here
 1909 |     cache_keys_sym = ID2SYM(rb_intern("cache_keys"));
      |                             ^~~~~~~~~~~~~~~~~~~~~~~
/Library/Developer/CommandLineTools/SDKs/MacOSX.sdk/System/Library/Frameworks/Ruby.framework/Versions/2.6/usr/include/ruby-2.6.0/ruby/ruby.h:1826:24: note: expanded from macro 'rb_intern'
 1826 |         __extension__ (RUBY_CONST_ID_CACHE((ID), (str))) : \
      |                        ^~~~~~~~~~~~~~~~~~~~~~~~~~~~~~~~
/Library/Developer/CommandLineTools/SDKs/MacOSX.sdk/System/Library/Frameworks/Ruby.framework/Versions/2.6/usr/include/ruby-2.6.0/ruby/ruby.h:1811:5: note: expanded from macro 'RUBY_CONST_ID_CACHE'
 1811 |     {                                                   \
      |     ^
/Library/Developer/CommandLineTools/SDKs/MacOSX.sdk/System/Library/Frameworks/Ruby.framework/Versions/2.6/usr/include/ruby-2.6.0/ruby/ruby.h:413:29: note: expanded from macro 'ID2SYM'
  413 | #define ID2SYM(x) RB_ID2SYM(x)
      |                             ^
/Library/Developer/CommandLineTools/SDKs/MacOSX.sdk/System/Library/Frameworks/Ruby.framework/Versions/2.6/usr/include/ruby-2.6.0/ruby/ruby.h:408:33: note: expanded from macro 'RB_ID2SYM'
  408 | #define RB_ID2SYM(x) (rb_id2sym(x))
      |                                 ^
oj.c:1909:29: warning: '}' and ')' tokens terminating statement expression appear in different macro expansion contexts [-Wcompound-token-split-by-macro]
 1909 |     cache_keys_sym = ID2SYM(rb_intern("cache_keys"));
      |                             ^~~~~~~~~~~~~~~~~~~~~~~
/Library/Developer/CommandLineTools/SDKs/MacOSX.sdk/System/Library/Frameworks/Ruby.framework/Versions/2.6/usr/include/ruby-2.6.0/ruby/ruby.h:1826:24: note: expanded from macro 'rb_intern'
 1826 |         __extension__ (RUBY_CONST_ID_CACHE((ID), (str))) : \
      |                        ^~~~~~~~~~~~~~~~~~~~~~~~~~~~~~~~
/Library/Developer/CommandLineTools/SDKs/MacOSX.sdk/System/Library/Frameworks/Ruby.framework/Versions/2.6/usr/include/ruby-2.6.0/ruby/ruby.h:1816:5: note: expanded from macro 'RUBY_CONST_ID_CACHE'
 1816 |     }
      |     ^
/Library/Developer/CommandLineTools/SDKs/MacOSX.sdk/System/Library/Frameworks/Ruby.framework/Versions/2.6/usr/include/ruby-2.6.0/ruby/ruby.h:413:29: note: expanded from macro 'ID2SYM'
  413 | #define ID2SYM(x) RB_ID2SYM(x)
      |                             ^
/Library/Developer/CommandLineTools/SDKs/MacOSX.sdk/System/Library/Frameworks/Ruby.framework/Versions/2.6/usr/include/ruby-2.6.0/ruby/ruby.h:408:33: note: expanded from macro 'RB_ID2SYM'
  408 | #define RB_ID2SYM(x) (rb_id2sym(x))
      |                                 ^
oj.c:1909:29: note: ')' token is here
 1909 |     cache_keys_sym = ID2SYM(rb_intern("cache_keys"));
      |                             ^~~~~~~~~~~~~~~~~~~~~~~
/Library/Developer/CommandLineTools/SDKs/MacOSX.sdk/System/Library/Frameworks/Ruby.framework/Versions/2.6/usr/include/ruby-2.6.0/ruby/ruby.h:1826:56: note: expanded from macro 'rb_intern'
 1826 |         __extension__ (RUBY_CONST_ID_CACHE((ID), (str))) : \
      |                                                        ^
/Library/Developer/CommandLineTools/SDKs/MacOSX.sdk/System/Library/Frameworks/Ruby.framework/Versions/2.6/usr/include/ruby-2.6.0/ruby/ruby.h:413:29: note: expanded from macro 'ID2SYM'
  413 | #define ID2SYM(x) RB_ID2SYM(x)
      |                             ^
/Library/Developer/CommandLineTools/SDKs/MacOSX.sdk/System/Library/Frameworks/Ruby.framework/Versions/2.6/usr/include/ruby-2.6.0/ruby/ruby.h:408:33: note: expanded from macro 'RB_ID2SYM'
  408 | #define RB_ID2SYM(x) (rb_id2sym(x))
      |                                 ^
oj.c:1911:28: warning: '(' and '{' tokens introducing statement expression appear in different macro expansion contexts [-Wcompound-token-split-by-macro]
 1911 |     cache_str_sym = ID2SYM(rb_intern("cache_str"));
      |                            ^~~~~~~~~~~~~~~~~~~~~~
/Library/Developer/CommandLineTools/SDKs/MacOSX.sdk/System/Library/Frameworks/Ruby.framework/Versions/2.6/usr/include/ruby-2.6.0/ruby/ruby.h:1826:23: note: expanded from macro 'rb_intern'
 1826 |         __extension__ (RUBY_CONST_ID_CACHE((ID), (str))) : \
      |                       ^
/Library/Developer/CommandLineTools/SDKs/MacOSX.sdk/System/Library/Frameworks/Ruby.framework/Versions/2.6/usr/include/ruby-2.6.0/ruby/ruby.h:413:29: note: expanded from macro 'ID2SYM'
  413 | #define ID2SYM(x) RB_ID2SYM(x)
      |                             ^
/Library/Developer/CommandLineTools/SDKs/MacOSX.sdk/System/Library/Frameworks/Ruby.framework/Versions/2.6/usr/include/ruby-2.6.0/ruby/ruby.h:408:33: note: expanded from macro 'RB_ID2SYM'
  408 | #define RB_ID2SYM(x) (rb_id2sym(x))
      |                                 ^
oj.c:1911:28: note: '{' token is here
 1911 |     cache_str_sym = ID2SYM(rb_intern("cache_str"));
      |                            ^~~~~~~~~~~~~~~~~~~~~~
/Library/Developer/CommandLineTools/SDKs/MacOSX.sdk/System/Library/Frameworks/Ruby.framework/Versions/2.6/usr/include/ruby-2.6.0/ruby/ruby.h:1826:24: note: expanded from macro 'rb_intern'
 1826 |         __extension__ (RUBY_CONST_ID_CACHE((ID), (str))) : \
      |                        ^~~~~~~~~~~~~~~~~~~~~~~~~~~~~~~~
/Library/Developer/CommandLineTools/SDKs/MacOSX.sdk/System/Library/Frameworks/Ruby.framework/Versions/2.6/usr/include/ruby-2.6.0/ruby/ruby.h:1811:5: note: expanded from macro 'RUBY_CONST_ID_CACHE'
 1811 |     {                                                   \
      |     ^
/Library/Developer/CommandLineTools/SDKs/MacOSX.sdk/System/Library/Frameworks/Ruby.framework/Versions/2.6/usr/include/ruby-2.6.0/ruby/ruby.h:413:29: note: expanded from macro 'ID2SYM'
  413 | #define ID2SYM(x) RB_ID2SYM(x)
      |                             ^
/Library/Developer/CommandLineTools/SDKs/MacOSX.sdk/System/Library/Frameworks/Ruby.framework/Versions/2.6/usr/include/ruby-2.6.0/ruby/ruby.h:408:33: note: expanded from macro 'RB_ID2SYM'
  408 | #define RB_ID2SYM(x) (rb_id2sym(x))
      |                                 ^
oj.c:1911:28: warning: '}' and ')' tokens terminating statement expression appear in different macro expansion contexts [-Wcompound-token-split-by-macro]
 1911 |     cache_str_sym = ID2SYM(rb_intern("cache_str"));
      |                            ^~~~~~~~~~~~~~~~~~~~~~
/Library/Developer/CommandLineTools/SDKs/MacOSX.sdk/System/Library/Frameworks/Ruby.framework/Versions/2.6/usr/include/ruby-2.6.0/ruby/ruby.h:1826:24: note: expanded from macro 'rb_intern'
 1826 |         __extension__ (RUBY_CONST_ID_CACHE((ID), (str))) : \
      |                        ^~~~~~~~~~~~~~~~~~~~~~~~~~~~~~~~
/Library/Developer/CommandLineTools/SDKs/MacOSX.sdk/System/Library/Frameworks/Ruby.framework/Versions/2.6/usr/include/ruby-2.6.0/ruby/ruby.h:1816:5: note: expanded from macro 'RUBY_CONST_ID_CACHE'
 1816 |     }
      |     ^
/Library/Developer/CommandLineTools/SDKs/MacOSX.sdk/System/Library/Frameworks/Ruby.framework/Versions/2.6/usr/include/ruby-2.6.0/ruby/ruby.h:413:29: note: expanded from macro 'ID2SYM'
  413 | #define ID2SYM(x) RB_ID2SYM(x)
      |                             ^
/Library/Developer/CommandLineTools/SDKs/MacOSX.sdk/System/Library/Frameworks/Ruby.framework/Versions/2.6/usr/include/ruby-2.6.0/ruby/ruby.h:408:33: note: expanded from macro 'RB_ID2SYM'
  408 | #define RB_ID2SYM(x) (rb_id2sym(x))
      |                                 ^
oj.c:1911:28: note: ')' token is here
 1911 |     cache_str_sym = ID2SYM(rb_intern("cache_str"));
      |                            ^~~~~~~~~~~~~~~~~~~~~~
/Library/Developer/CommandLineTools/SDKs/MacOSX.sdk/System/Library/Frameworks/Ruby.framework/Versions/2.6/usr/include/ruby-2.6.0/ruby/ruby.h:1826:56: note: expanded from macro 'rb_intern'
 1826 |         __extension__ (RUBY_CONST_ID_CACHE((ID), (str))) : \
      |                                                        ^
/Library/Developer/CommandLineTools/SDKs/MacOSX.sdk/System/Library/Frameworks/Ruby.framework/Versions/2.6/usr/include/ruby-2.6.0/ruby/ruby.h:413:29: note: expanded from macro 'ID2SYM'
  413 | #define ID2SYM(x) RB_ID2SYM(x)
      |                             ^
/Library/Developer/CommandLineTools/SDKs/MacOSX.sdk/System/Library/Frameworks/Ruby.framework/Versions/2.6/usr/include/ruby-2.6.0/ruby/ruby.h:408:33: note: expanded from macro 'RB_ID2SYM'
  408 | #define RB_ID2SYM(x) (rb_id2sym(x))
      |                                 ^
oj.c:1913:31: warning: '(' and '{' tokens introducing statement expression appear in different macro expansion contexts [-Wcompound-token-split-by-macro]
 1913 |     cache_string_sym = ID2SYM(rb_intern("cache_string"));
      |                               ^~~~~~~~~~~~~~~~~~~~~~~~~
/Library/Developer/CommandLineTools/SDKs/MacOSX.sdk/System/Library/Frameworks/Ruby.framework/Versions/2.6/usr/include/ruby-2.6.0/ruby/ruby.h:1826:23: note: expanded from macro 'rb_intern'
 1826 |         __extension__ (RUBY_CONST_ID_CACHE((ID), (str))) : \
      |                       ^
/Library/Developer/CommandLineTools/SDKs/MacOSX.sdk/System/Library/Frameworks/Ruby.framework/Versions/2.6/usr/include/ruby-2.6.0/ruby/ruby.h:413:29: note: expanded from macro 'ID2SYM'
  413 | #define ID2SYM(x) RB_ID2SYM(x)
      |                             ^
/Library/Developer/CommandLineTools/SDKs/MacOSX.sdk/System/Library/Frameworks/Ruby.framework/Versions/2.6/usr/include/ruby-2.6.0/ruby/ruby.h:408:33: note: expanded from macro 'RB_ID2SYM'
  408 | #define RB_ID2SYM(x) (rb_id2sym(x))
      |                                 ^
oj.c:1913:31: note: '{' token is here
 1913 |     cache_string_sym = ID2SYM(rb_intern("cache_string"));
      |                               ^~~~~~~~~~~~~~~~~~~~~~~~~
/Library/Developer/CommandLineTools/SDKs/MacOSX.sdk/System/Library/Frameworks/Ruby.framework/Versions/2.6/usr/include/ruby-2.6.0/ruby/ruby.h:1826:24: note: expanded from macro 'rb_intern'
 1826 |         __extension__ (RUBY_CONST_ID_CACHE((ID), (str))) : \
      |                        ^~~~~~~~~~~~~~~~~~~~~~~~~~~~~~~~
/Library/Developer/CommandLineTools/SDKs/MacOSX.sdk/System/Library/Frameworks/Ruby.framework/Versions/2.6/usr/include/ruby-2.6.0/ruby/ruby.h:1811:5: note: expanded from macro 'RUBY_CONST_ID_CACHE'
 1811 |     {                                                   \
      |     ^
/Library/Developer/CommandLineTools/SDKs/MacOSX.sdk/System/Library/Frameworks/Ruby.framework/Versions/2.6/usr/include/ruby-2.6.0/ruby/ruby.h:413:29: note: expanded from macro 'ID2SYM'
  413 | #define ID2SYM(x) RB_ID2SYM(x)
      |                             ^
/Library/Developer/CommandLineTools/SDKs/MacOSX.sdk/System/Library/Frameworks/Ruby.framework/Versions/2.6/usr/include/ruby-2.6.0/ruby/ruby.h:408:33: note: expanded from macro 'RB_ID2SYM'
  408 | #define RB_ID2SYM(x) (rb_id2sym(x))
      |                                 ^
oj.c:1913:31: warning: '}' and ')' tokens terminating statement expression appear in different macro expansion contexts [-Wcompound-token-split-by-macro]
 1913 |     cache_string_sym = ID2SYM(rb_intern("cache_string"));
      |                               ^~~~~~~~~~~~~~~~~~~~~~~~~
/Library/Developer/CommandLineTools/SDKs/MacOSX.sdk/System/Library/Frameworks/Ruby.framework/Versions/2.6/usr/include/ruby-2.6.0/ruby/ruby.h:1826:24: note: expanded from macro 'rb_intern'
 1826 |         __extension__ (RUBY_CONST_ID_CACHE((ID), (str))) : \
      |                        ^~~~~~~~~~~~~~~~~~~~~~~~~~~~~~~~
/Library/Developer/CommandLineTools/SDKs/MacOSX.sdk/System/Library/Frameworks/Ruby.framework/Versions/2.6/usr/include/ruby-2.6.0/ruby/ruby.h:1816:5: note: expanded from macro 'RUBY_CONST_ID_CACHE'
 1816 |     }
      |     ^
/Library/Developer/CommandLineTools/SDKs/MacOSX.sdk/System/Library/Frameworks/Ruby.framework/Versions/2.6/usr/include/ruby-2.6.0/ruby/ruby.h:413:29: note: expanded from macro 'ID2SYM'
  413 | #define ID2SYM(x) RB_ID2SYM(x)
      |                             ^
/Library/Developer/CommandLineTools/SDKs/MacOSX.sdk/System/Library/Frameworks/Ruby.framework/Versions/2.6/usr/include/ruby-2.6.0/ruby/ruby.h:408:33: note: expanded from macro 'RB_ID2SYM'
  408 | #define RB_ID2SYM(x) (rb_id2sym(x))
      |                                 ^
oj.c:1913:31: note: ')' token is here
 1913 |     cache_string_sym = ID2SYM(rb_intern("cache_string"));
      |                               ^~~~~~~~~~~~~~~~~~~~~~~~~
/Library/Developer/CommandLineTools/SDKs/MacOSX.sdk/System/Library/Frameworks/Ruby.framework/Versions/2.6/usr/include/ruby-2.6.0/ruby/ruby.h:1826:56: note: expanded from macro 'rb_intern'
 1826 |         __extension__ (RUBY_CONST_ID_CACHE((ID), (str))) : \
      |                                                        ^
/Library/Developer/CommandLineTools/SDKs/MacOSX.sdk/System/Library/Frameworks/Ruby.framework/Versions/2.6/usr/include/ruby-2.6.0/ruby/ruby.h:413:29: note: expanded from macro 'ID2SYM'
  413 | #define ID2SYM(x) RB_ID2SYM(x)
      |                             ^
/Library/Developer/CommandLineTools/SDKs/MacOSX.sdk/System/Library/Frameworks/Ruby.framework/Versions/2.6/usr/include/ruby-2.6.0/ruby/ruby.h:408:33: note: expanded from macro 'RB_ID2SYM'
  408 | #define RB_ID2SYM(x) (rb_id2sym(x))
      |                                 ^
oj.c:1915:27: warning: '(' and '{' tokens introducing statement expression appear in different macro expansion contexts [-Wcompound-token-split-by-macro]
 1915 |     circular_sym = ID2SYM(rb_intern("circular"));
      |                           ^~~~~~~~~~~~~~~~~~~~~
/Library/Developer/CommandLineTools/SDKs/MacOSX.sdk/System/Library/Frameworks/Ruby.framework/Versions/2.6/usr/include/ruby-2.6.0/ruby/ruby.h:1826:23: note: expanded from macro 'rb_intern'
 1826 |         __extension__ (RUBY_CONST_ID_CACHE((ID), (str))) : \
      |                       ^
/Library/Developer/CommandLineTools/SDKs/MacOSX.sdk/System/Library/Frameworks/Ruby.framework/Versions/2.6/usr/include/ruby-2.6.0/ruby/ruby.h:413:29: note: expanded from macro 'ID2SYM'
  413 | #define ID2SYM(x) RB_ID2SYM(x)
      |                             ^
/Library/Developer/CommandLineTools/SDKs/MacOSX.sdk/System/Library/Frameworks/Ruby.framework/Versions/2.6/usr/include/ruby-2.6.0/ruby/ruby.h:408:33: note: expanded from macro 'RB_ID2SYM'
  408 | #define RB_ID2SYM(x) (rb_id2sym(x))
      |                                 ^
oj.c:1915:27: note: '{' token is here
 1915 |     circular_sym = ID2SYM(rb_intern("circular"));
      |                           ^~~~~~~~~~~~~~~~~~~~~
/Library/Developer/CommandLineTools/SDKs/MacOSX.sdk/System/Library/Frameworks/Ruby.framework/Versions/2.6/usr/include/ruby-2.6.0/ruby/ruby.h:1826:24: note: expanded from macro 'rb_intern'
 1826 |         __extension__ (RUBY_CONST_ID_CACHE((ID), (str))) : \
      |                        ^~~~~~~~~~~~~~~~~~~~~~~~~~~~~~~~
/Library/Developer/CommandLineTools/SDKs/MacOSX.sdk/System/Library/Frameworks/Ruby.framework/Versions/2.6/usr/include/ruby-2.6.0/ruby/ruby.h:1811:5: note: expanded from macro 'RUBY_CONST_ID_CACHE'
 1811 |     {                                                   \
      |     ^
/Library/Developer/CommandLineTools/SDKs/MacOSX.sdk/System/Library/Frameworks/Ruby.framework/Versions/2.6/usr/include/ruby-2.6.0/ruby/ruby.h:413:29: note: expanded from macro 'ID2SYM'
  413 | #define ID2SYM(x) RB_ID2SYM(x)
      |                             ^
/Library/Developer/CommandLineTools/SDKs/MacOSX.sdk/System/Library/Frameworks/Ruby.framework/Versions/2.6/usr/include/ruby-2.6.0/ruby/ruby.h:408:33: note: expanded from macro 'RB_ID2SYM'
  408 | #define RB_ID2SYM(x) (rb_id2sym(x))
      |                                 ^
oj.c:1915:27: warning: '}' and ')' tokens terminating statement expression appear in different macro expansion contexts [-Wcompound-token-split-by-macro]
 1915 |     circular_sym = ID2SYM(rb_intern("circular"));
      |                           ^~~~~~~~~~~~~~~~~~~~~
/Library/Developer/CommandLineTools/SDKs/MacOSX.sdk/System/Library/Frameworks/Ruby.framework/Versions/2.6/usr/include/ruby-2.6.0/ruby/ruby.h:1826:24: note: expanded from macro 'rb_intern'
 1826 |         __extension__ (RUBY_CONST_ID_CACHE((ID), (str))) : \
      |                        ^~~~~~~~~~~~~~~~~~~~~~~~~~~~~~~~
/Library/Developer/CommandLineTools/SDKs/MacOSX.sdk/System/Library/Frameworks/Ruby.framework/Versions/2.6/usr/include/ruby-2.6.0/ruby/ruby.h:1816:5: note: expanded from macro 'RUBY_CONST_ID_CACHE'
 1816 |     }
      |     ^
/Library/Developer/CommandLineTools/SDKs/MacOSX.sdk/System/Library/Frameworks/Ruby.framework/Versions/2.6/usr/include/ruby-2.6.0/ruby/ruby.h:413:29: note: expanded from macro 'ID2SYM'
  413 | #define ID2SYM(x) RB_ID2SYM(x)
      |                             ^
/Library/Developer/CommandLineTools/SDKs/MacOSX.sdk/System/Library/Frameworks/Ruby.framework/Versions/2.6/usr/include/ruby-2.6.0/ruby/ruby.h:408:33: note: expanded from macro 'RB_ID2SYM'
  408 | #define RB_ID2SYM(x) (rb_id2sym(x))
      |                                 ^
oj.c:1915:27: note: ')' token is here
 1915 |     circular_sym = ID2SYM(rb_intern("circular"));
      |                           ^~~~~~~~~~~~~~~~~~~~~
/Library/Developer/CommandLineTools/SDKs/MacOSX.sdk/System/Library/Frameworks/Ruby.framework/Versions/2.6/usr/include/ruby-2.6.0/ruby/ruby.h:1826:56: note: expanded from macro 'rb_intern'
 1826 |         __extension__ (RUBY_CONST_ID_CACHE((ID), (str))) : \
      |                                                        ^
/Library/Developer/CommandLineTools/SDKs/MacOSX.sdk/System/Library/Frameworks/Ruby.framework/Versions/2.6/usr/include/ruby-2.6.0/ruby/ruby.h:413:29: note: expanded from macro 'ID2SYM'
  413 | #define ID2SYM(x) RB_ID2SYM(x)
      |                             ^
/Library/Developer/CommandLineTools/SDKs/MacOSX.sdk/System/Library/Frameworks/Ruby.framework/Versions/2.6/usr/include/ruby-2.6.0/ruby/ruby.h:408:33: note: expanded from macro 'RB_ID2SYM'
  408 | #define RB_ID2SYM(x) (rb_id2sym(x))
      |                                 ^
oj.c:1917:30: warning: '(' and '{' tokens introducing statement expression appear in different macro expansion contexts [-Wcompound-token-split-by-macro]
 1917 |     class_cache_sym = ID2SYM(rb_intern("class_cache"));
      |                              ^~~~~~~~~~~~~~~~~~~~~~~~
/Library/Developer/CommandLineTools/SDKs/MacOSX.sdk/System/Library/Frameworks/Ruby.framework/Versions/2.6/usr/include/ruby-2.6.0/ruby/ruby.h:1826:23: note: expanded from macro 'rb_intern'
 1826 |         __extension__ (RUBY_CONST_ID_CACHE((ID), (str))) : \
      |                       ^
/Library/Developer/CommandLineTools/SDKs/MacOSX.sdk/System/Library/Frameworks/Ruby.framework/Versions/2.6/usr/include/ruby-2.6.0/ruby/ruby.h:413:29: note: expanded from macro 'ID2SYM'
  413 | #define ID2SYM(x) RB_ID2SYM(x)
      |                             ^
/Library/Developer/CommandLineTools/SDKs/MacOSX.sdk/System/Library/Frameworks/Ruby.framework/Versions/2.6/usr/include/ruby-2.6.0/ruby/ruby.h:408:33: note: expanded from macro 'RB_ID2SYM'
  408 | #define RB_ID2SYM(x) (rb_id2sym(x))
      |                                 ^
oj.c:1917:30: note: '{' token is here
 1917 |     class_cache_sym = ID2SYM(rb_intern("class_cache"));
      |                              ^~~~~~~~~~~~~~~~~~~~~~~~
/Library/Developer/CommandLineTools/SDKs/MacOSX.sdk/System/Library/Frameworks/Ruby.framework/Versions/2.6/usr/include/ruby-2.6.0/ruby/ruby.h:1826:24: note: expanded from macro 'rb_intern'
 1826 |         __extension__ (RUBY_CONST_ID_CACHE((ID), (str))) : \
      |                        ^~~~~~~~~~~~~~~~~~~~~~~~~~~~~~~~
/Library/Developer/CommandLineTools/SDKs/MacOSX.sdk/System/Library/Frameworks/Ruby.framework/Versions/2.6/usr/include/ruby-2.6.0/ruby/ruby.h:1811:5: note: expanded from macro 'RUBY_CONST_ID_CACHE'
 1811 |     {                                                   \
      |     ^
/Library/Developer/CommandLineTools/SDKs/MacOSX.sdk/System/Library/Frameworks/Ruby.framework/Versions/2.6/usr/include/ruby-2.6.0/ruby/ruby.h:413:29: note: expanded from macro 'ID2SYM'
  413 | #define ID2SYM(x) RB_ID2SYM(x)
      |                             ^
/Library/Developer/CommandLineTools/SDKs/MacOSX.sdk/System/Library/Frameworks/Ruby.framework/Versions/2.6/usr/include/ruby-2.6.0/ruby/ruby.h:408:33: note: expanded from macro 'RB_ID2SYM'
  408 | #define RB_ID2SYM(x) (rb_id2sym(x))
      |                                 ^
oj.c:1917:30: warning: '}' and ')' tokens terminating statement expression appear in different macro expansion contexts [-Wcompound-token-split-by-macro]
 1917 |     class_cache_sym = ID2SYM(rb_intern("class_cache"));
      |                              ^~~~~~~~~~~~~~~~~~~~~~~~
/Library/Developer/CommandLineTools/SDKs/MacOSX.sdk/System/Library/Frameworks/Ruby.framework/Versions/2.6/usr/include/ruby-2.6.0/ruby/ruby.h:1826:24: note: expanded from macro 'rb_intern'
 1826 |         __extension__ (RUBY_CONST_ID_CACHE((ID), (str))) : \
      |                        ^~~~~~~~~~~~~~~~~~~~~~~~~~~~~~~~
/Library/Developer/CommandLineTools/SDKs/MacOSX.sdk/System/Library/Frameworks/Ruby.framework/Versions/2.6/usr/include/ruby-2.6.0/ruby/ruby.h:1816:5: note: expanded from macro 'RUBY_CONST_ID_CACHE'
 1816 |     }
      |     ^
/Library/Developer/CommandLineTools/SDKs/MacOSX.sdk/System/Library/Frameworks/Ruby.framework/Versions/2.6/usr/include/ruby-2.6.0/ruby/ruby.h:413:29: note: expanded from macro 'ID2SYM'
  413 | #define ID2SYM(x) RB_ID2SYM(x)
      |                             ^
/Library/Developer/CommandLineTools/SDKs/MacOSX.sdk/System/Library/Frameworks/Ruby.framework/Versions/2.6/usr/include/ruby-2.6.0/ruby/ruby.h:408:33: note: expanded from macro 'RB_ID2SYM'
  408 | #define RB_ID2SYM(x) (rb_id2sym(x))
      |                                 ^
oj.c:1917:30: note: ')' token is here
 1917 |     class_cache_sym = ID2SYM(rb_intern("class_cache"));
      |                              ^~~~~~~~~~~~~~~~~~~~~~~~
/Library/Developer/CommandLineTools/SDKs/MacOSX.sdk/System/Library/Frameworks/Ruby.framework/Versions/2.6/usr/include/ruby-2.6.0/ruby/ruby.h:1826:56: note: expanded from macro 'rb_intern'
 1826 |         __extension__ (RUBY_CONST_ID_CACHE((ID), (str))) : \
      |                                                        ^
/Library/Developer/CommandLineTools/SDKs/MacOSX.sdk/System/Library/Frameworks/Ruby.framework/Versions/2.6/usr/include/ruby-2.6.0/ruby/ruby.h:413:29: note: expanded from macro 'ID2SYM'
  413 | #define ID2SYM(x) RB_ID2SYM(x)
      |                             ^
/Library/Developer/CommandLineTools/SDKs/MacOSX.sdk/System/Library/Frameworks/Ruby.framework/Versions/2.6/usr/include/ruby-2.6.0/ruby/ruby.h:408:33: note: expanded from macro 'RB_ID2SYM'
  408 | #define RB_ID2SYM(x) (rb_id2sym(x))
      |                                 ^
oj.c:1919:36: warning: '(' and '{' tokens introducing statement expression appear in different macro expansion contexts [-Wcompound-token-split-by-macro]
 1919 |     compat_bigdecimal_sym = ID2SYM(rb_intern("compat_bigdecimal"));
      |                                    ^~~~~~~~~~~~~~~~~~~~~~~~~~~~~~
/Library/Developer/CommandLineTools/SDKs/MacOSX.sdk/System/Library/Frameworks/Ruby.framework/Versions/2.6/usr/include/ruby-2.6.0/ruby/ruby.h:1826:23: note: expanded from macro 'rb_intern'
 1826 |         __extension__ (RUBY_CONST_ID_CACHE((ID), (str))) : \
      |                       ^
/Library/Developer/CommandLineTools/SDKs/MacOSX.sdk/System/Library/Frameworks/Ruby.framework/Versions/2.6/usr/include/ruby-2.6.0/ruby/ruby.h:413:29: note: expanded from macro 'ID2SYM'
  413 | #define ID2SYM(x) RB_ID2SYM(x)
      |                             ^
/Library/Developer/CommandLineTools/SDKs/MacOSX.sdk/System/Library/Frameworks/Ruby.framework/Versions/2.6/usr/include/ruby-2.6.0/ruby/ruby.h:408:33: note: expanded from macro 'RB_ID2SYM'
  408 | #define RB_ID2SYM(x) (rb_id2sym(x))
      |                                 ^
oj.c:1919:36: note: '{' token is here
 1919 |     compat_bigdecimal_sym = ID2SYM(rb_intern("compat_bigdecimal"));
      |                                    ^~~~~~~~~~~~~~~~~~~~~~~~~~~~~~
/Library/Developer/CommandLineTools/SDKs/MacOSX.sdk/System/Library/Frameworks/Ruby.framework/Versions/2.6/usr/include/ruby-2.6.0/ruby/ruby.h:1826:24: note: expanded from macro 'rb_intern'
 1826 |         __extension__ (RUBY_CONST_ID_CACHE((ID), (str))) : \
      |                        ^~~~~~~~~~~~~~~~~~~~~~~~~~~~~~~~
/Library/Developer/CommandLineTools/SDKs/MacOSX.sdk/System/Library/Frameworks/Ruby.framework/Versions/2.6/usr/include/ruby-2.6.0/ruby/ruby.h:1811:5: note: expanded from macro 'RUBY_CONST_ID_CACHE'
 1811 |     {                                                   \
      |     ^
/Library/Developer/CommandLineTools/SDKs/MacOSX.sdk/System/Library/Frameworks/Ruby.framework/Versions/2.6/usr/include/ruby-2.6.0/ruby/ruby.h:413:29: note: expanded from macro 'ID2SYM'
  413 | #define ID2SYM(x) RB_ID2SYM(x)
      |                             ^
/Library/Developer/CommandLineTools/SDKs/MacOSX.sdk/System/Library/Frameworks/Ruby.framework/Versions/2.6/usr/include/ruby-2.6.0/ruby/ruby.h:408:33: note: expanded from macro 'RB_ID2SYM'
  408 | #define RB_ID2SYM(x) (rb_id2sym(x))
      |                                 ^
oj.c:1919:36: warning: '}' and ')' tokens terminating statement expression appear in different macro expansion contexts [-Wcompound-token-split-by-macro]
 1919 |     compat_bigdecimal_sym = ID2SYM(rb_intern("compat_bigdecimal"));
      |                                    ^~~~~~~~~~~~~~~~~~~~~~~~~~~~~~
/Library/Developer/CommandLineTools/SDKs/MacOSX.sdk/System/Library/Frameworks/Ruby.framework/Versions/2.6/usr/include/ruby-2.6.0/ruby/ruby.h:1826:24: note: expanded from macro 'rb_intern'
 1826 |         __extension__ (RUBY_CONST_ID_CACHE((ID), (str))) : \
      |                        ^~~~~~~~~~~~~~~~~~~~~~~~~~~~~~~~
/Library/Developer/CommandLineTools/SDKs/MacOSX.sdk/System/Library/Frameworks/Ruby.framework/Versions/2.6/usr/include/ruby-2.6.0/ruby/ruby.h:1816:5: note: expanded from macro 'RUBY_CONST_ID_CACHE'
 1816 |     }
      |     ^
/Library/Developer/CommandLineTools/SDKs/MacOSX.sdk/System/Library/Frameworks/Ruby.framework/Versions/2.6/usr/include/ruby-2.6.0/ruby/ruby.h:413:29: note: expanded from macro 'ID2SYM'
  413 | #define ID2SYM(x) RB_ID2SYM(x)
      |                             ^
/Library/Developer/CommandLineTools/SDKs/MacOSX.sdk/System/Library/Frameworks/Ruby.framework/Versions/2.6/usr/include/ruby-2.6.0/ruby/ruby.h:408:33: note: expanded from macro 'RB_ID2SYM'
  408 | #define RB_ID2SYM(x) (rb_id2sym(x))
      |                                 ^
oj.c:1919:36: note: ')' token is here
 1919 |     compat_bigdecimal_sym = ID2SYM(rb_intern("compat_bigdecimal"));
      |                                    ^~~~~~~~~~~~~~~~~~~~~~~~~~~~~~
/Library/Developer/CommandLineTools/SDKs/MacOSX.sdk/System/Library/Frameworks/Ruby.framework/Versions/2.6/usr/include/ruby-2.6.0/ruby/ruby.h:1826:56: note: expanded from macro 'rb_intern'
 1826 |         __extension__ (RUBY_CONST_ID_CACHE((ID), (str))) : \
      |                                                        ^
/Library/Developer/CommandLineTools/SDKs/MacOSX.sdk/System/Library/Frameworks/Ruby.framework/Versions/2.6/usr/include/ruby-2.6.0/ruby/ruby.h:413:29: note: expanded from macro 'ID2SYM'
  413 | #define ID2SYM(x) RB_ID2SYM(x)
      |                             ^
/Library/Developer/CommandLineTools/SDKs/MacOSX.sdk/System/Library/Frameworks/Ruby.framework/Versions/2.6/usr/include/ruby-2.6.0/ruby/ruby.h:408:33: note: expanded from macro 'RB_ID2SYM'
  408 | #define RB_ID2SYM(x) (rb_id2sym(x))
      |                                 ^
oj.c:1921:25: warning: '(' and '{' tokens introducing statement expression appear in different macro expansion contexts [-Wcompound-token-split-by-macro]
 1921 |     compat_sym = ID2SYM(rb_intern("compat"));
      |                         ^~~~~~~~~~~~~~~~~~~
/Library/Developer/CommandLineTools/SDKs/MacOSX.sdk/System/Library/Frameworks/Ruby.framework/Versions/2.6/usr/include/ruby-2.6.0/ruby/ruby.h:1826:23: note: expanded from macro 'rb_intern'
 1826 |         __extension__ (RUBY_CONST_ID_CACHE((ID), (str))) : \
      |                       ^
/Library/Developer/CommandLineTools/SDKs/MacOSX.sdk/System/Library/Frameworks/Ruby.framework/Versions/2.6/usr/include/ruby-2.6.0/ruby/ruby.h:413:29: note: expanded from macro 'ID2SYM'
  413 | #define ID2SYM(x) RB_ID2SYM(x)
      |                             ^
/Library/Developer/CommandLineTools/SDKs/MacOSX.sdk/System/Library/Frameworks/Ruby.framework/Versions/2.6/usr/include/ruby-2.6.0/ruby/ruby.h:408:33: note: expanded from macro 'RB_ID2SYM'
  408 | #define RB_ID2SYM(x) (rb_id2sym(x))
      |                                 ^
oj.c:1921:25: note: '{' token is here
 1921 |     compat_sym = ID2SYM(rb_intern("compat"));
      |                         ^~~~~~~~~~~~~~~~~~~
/Library/Developer/CommandLineTools/SDKs/MacOSX.sdk/System/Library/Frameworks/Ruby.framework/Versions/2.6/usr/include/ruby-2.6.0/ruby/ruby.h:1826:24: note: expanded from macro 'rb_intern'
 1826 |         __extension__ (RUBY_CONST_ID_CACHE((ID), (str))) : \
      |                        ^~~~~~~~~~~~~~~~~~~~~~~~~~~~~~~~
/Library/Developer/CommandLineTools/SDKs/MacOSX.sdk/System/Library/Frameworks/Ruby.framework/Versions/2.6/usr/include/ruby-2.6.0/ruby/ruby.h:1811:5: note: expanded from macro 'RUBY_CONST_ID_CACHE'
 1811 |     {                                                   \
      |     ^
/Library/Developer/CommandLineTools/SDKs/MacOSX.sdk/System/Library/Frameworks/Ruby.framework/Versions/2.6/usr/include/ruby-2.6.0/ruby/ruby.h:413:29: note: expanded from macro 'ID2SYM'
  413 | #define ID2SYM(x) RB_ID2SYM(x)
      |                             ^
/Library/Developer/CommandLineTools/SDKs/MacOSX.sdk/System/Library/Frameworks/Ruby.framework/Versions/2.6/usr/include/ruby-2.6.0/ruby/ruby.h:408:33: note: expanded from macro 'RB_ID2SYM'
  408 | #define RB_ID2SYM(x) (rb_id2sym(x))
      |                                 ^
oj.c:1921:25: warning: '}' and ')' tokens terminating statement expression appear in different macro expansion contexts [-Wcompound-token-split-by-macro]
 1921 |     compat_sym = ID2SYM(rb_intern("compat"));
      |                         ^~~~~~~~~~~~~~~~~~~
/Library/Developer/CommandLineTools/SDKs/MacOSX.sdk/System/Library/Frameworks/Ruby.framework/Versions/2.6/usr/include/ruby-2.6.0/ruby/ruby.h:1826:24: note: expanded from macro 'rb_intern'
 1826 |         __extension__ (RUBY_CONST_ID_CACHE((ID), (str))) : \
      |                        ^~~~~~~~~~~~~~~~~~~~~~~~~~~~~~~~
/Library/Developer/CommandLineTools/SDKs/MacOSX.sdk/System/Library/Frameworks/Ruby.framework/Versions/2.6/usr/include/ruby-2.6.0/ruby/ruby.h:1816:5: note: expanded from macro 'RUBY_CONST_ID_CACHE'
 1816 |     }
      |     ^
/Library/Developer/CommandLineTools/SDKs/MacOSX.sdk/System/Library/Frameworks/Ruby.framework/Versions/2.6/usr/include/ruby-2.6.0/ruby/ruby.h:413:29: note: expanded from macro 'ID2SYM'
  413 | #define ID2SYM(x) RB_ID2SYM(x)
      |                             ^
/Library/Developer/CommandLineTools/SDKs/MacOSX.sdk/System/Library/Frameworks/Ruby.framework/Versions/2.6/usr/include/ruby-2.6.0/ruby/ruby.h:408:33: note: expanded from macro 'RB_ID2SYM'
  408 | #define RB_ID2SYM(x) (rb_id2sym(x))
      |                                 ^
oj.c:1921:25: note: ')' token is here
 1921 |     compat_sym = ID2SYM(rb_intern("compat"));
      |                         ^~~~~~~~~~~~~~~~~~~
/Library/Developer/CommandLineTools/SDKs/MacOSX.sdk/System/Library/Frameworks/Ruby.framework/Versions/2.6/usr/include/ruby-2.6.0/ruby/ruby.h:1826:56: note: expanded from macro 'rb_intern'
 1826 |         __extension__ (RUBY_CONST_ID_CACHE((ID), (str))) : \
      |                                                        ^
/Library/Developer/CommandLineTools/SDKs/MacOSX.sdk/System/Library/Frameworks/Ruby.framework/Versions/2.6/usr/include/ruby-2.6.0/ruby/ruby.h:413:29: note: expanded from macro 'ID2SYM'
  413 | #define ID2SYM(x) RB_ID2SYM(x)
      |                             ^
/Library/Developer/CommandLineTools/SDKs/MacOSX.sdk/System/Library/Frameworks/Ruby.framework/Versions/2.6/usr/include/ruby-2.6.0/ruby/ruby.h:408:33: note: expanded from macro 'RB_ID2SYM'
  408 | #define RB_ID2SYM(x) (rb_id2sym(x))
      |                                 ^
oj.c:1923:28: warning: '(' and '{' tokens introducing statement expression appear in different macro expansion contexts [-Wcompound-token-split-by-macro]
 1923 |     create_id_sym = ID2SYM(rb_intern("create_id"));
      |                            ^~~~~~~~~~~~~~~~~~~~~~
/Library/Developer/CommandLineTools/SDKs/MacOSX.sdk/System/Library/Frameworks/Ruby.framework/Versions/2.6/usr/include/ruby-2.6.0/ruby/ruby.h:1826:23: note: expanded from macro 'rb_intern'
 1826 |         __extension__ (RUBY_CONST_ID_CACHE((ID), (str))) : \
      |                       ^
/Library/Developer/CommandLineTools/SDKs/MacOSX.sdk/System/Library/Frameworks/Ruby.framework/Versions/2.6/usr/include/ruby-2.6.0/ruby/ruby.h:413:29: note: expanded from macro 'ID2SYM'
  413 | #define ID2SYM(x) RB_ID2SYM(x)
      |                             ^
/Library/Developer/CommandLineTools/SDKs/MacOSX.sdk/System/Library/Frameworks/Ruby.framework/Versions/2.6/usr/include/ruby-2.6.0/ruby/ruby.h:408:33: note: expanded from macro 'RB_ID2SYM'
  408 | #define RB_ID2SYM(x) (rb_id2sym(x))
      |                                 ^
oj.c:1923:28: note: '{' token is here
 1923 |     create_id_sym = ID2SYM(rb_intern("create_id"));
      |                            ^~~~~~~~~~~~~~~~~~~~~~
/Library/Developer/CommandLineTools/SDKs/MacOSX.sdk/System/Library/Frameworks/Ruby.framework/Versions/2.6/usr/include/ruby-2.6.0/ruby/ruby.h:1826:24: note: expanded from macro 'rb_intern'
 1826 |         __extension__ (RUBY_CONST_ID_CACHE((ID), (str))) : \
      |                        ^~~~~~~~~~~~~~~~~~~~~~~~~~~~~~~~
/Library/Developer/CommandLineTools/SDKs/MacOSX.sdk/System/Library/Frameworks/Ruby.framework/Versions/2.6/usr/include/ruby-2.6.0/ruby/ruby.h:1811:5: note: expanded from macro 'RUBY_CONST_ID_CACHE'
 1811 |     {                                                   \
      |     ^
/Library/Developer/CommandLineTools/SDKs/MacOSX.sdk/System/Library/Frameworks/Ruby.framework/Versions/2.6/usr/include/ruby-2.6.0/ruby/ruby.h:413:29: note: expanded from macro 'ID2SYM'
  413 | #define ID2SYM(x) RB_ID2SYM(x)
      |                             ^
/Library/Developer/CommandLineTools/SDKs/MacOSX.sdk/System/Library/Frameworks/Ruby.framework/Versions/2.6/usr/include/ruby-2.6.0/ruby/ruby.h:408:33: note: expanded from macro 'RB_ID2SYM'
  408 | #define RB_ID2SYM(x) (rb_id2sym(x))
      |                                 ^
oj.c:1923:28: warning: '}' and ')' tokens terminating statement expression appear in different macro expansion contexts [-Wcompound-token-split-by-macro]
 1923 |     create_id_sym = ID2SYM(rb_intern("create_id"));
      |                            ^~~~~~~~~~~~~~~~~~~~~~
/Library/Developer/CommandLineTools/SDKs/MacOSX.sdk/System/Library/Frameworks/Ruby.framework/Versions/2.6/usr/include/ruby-2.6.0/ruby/ruby.h:1826:24: note: expanded from macro 'rb_intern'
 1826 |         __extension__ (RUBY_CONST_ID_CACHE((ID), (str))) : \
      |                        ^~~~~~~~~~~~~~~~~~~~~~~~~~~~~~~~
/Library/Developer/CommandLineTools/SDKs/MacOSX.sdk/System/Library/Frameworks/Ruby.framework/Versions/2.6/usr/include/ruby-2.6.0/ruby/ruby.h:1816:5: note: expanded from macro 'RUBY_CONST_ID_CACHE'
 1816 |     }
      |     ^
/Library/Developer/CommandLineTools/SDKs/MacOSX.sdk/System/Library/Frameworks/Ruby.framework/Versions/2.6/usr/include/ruby-2.6.0/ruby/ruby.h:413:29: note: expanded from macro 'ID2SYM'
  413 | #define ID2SYM(x) RB_ID2SYM(x)
      |                             ^
/Library/Developer/CommandLineTools/SDKs/MacOSX.sdk/System/Library/Frameworks/Ruby.framework/Versions/2.6/usr/include/ruby-2.6.0/ruby/ruby.h:408:33: note: expanded from macro 'RB_ID2SYM'
  408 | #define RB_ID2SYM(x) (rb_id2sym(x))
      |                                 ^
oj.c:1923:28: note: ')' token is here
 1923 |     create_id_sym = ID2SYM(rb_intern("create_id"));
      |                            ^~~~~~~~~~~~~~~~~~~~~~
/Library/Developer/CommandLineTools/SDKs/MacOSX.sdk/System/Library/Frameworks/Ruby.framework/Versions/2.6/usr/include/ruby-2.6.0/ruby/ruby.h:1826:56: note: expanded from macro 'rb_intern'
 1826 |         __extension__ (RUBY_CONST_ID_CACHE((ID), (str))) : \
      |                                                        ^
/Library/Developer/CommandLineTools/SDKs/MacOSX.sdk/System/Library/Frameworks/Ruby.framework/Versions/2.6/usr/include/ruby-2.6.0/ruby/ruby.h:413:29: note: expanded from macro 'ID2SYM'
  413 | #define ID2SYM(x) RB_ID2SYM(x)
      |                             ^
/Library/Developer/CommandLineTools/SDKs/MacOSX.sdk/System/Library/Frameworks/Ruby.framework/Versions/2.6/usr/include/ruby-2.6.0/ruby/ruby.h:408:33: note: expanded from macro 'RB_ID2SYM'
  408 | #define RB_ID2SYM(x) (rb_id2sym(x))
      |                                 ^
oj.c:1925:25: warning: '(' and '{' tokens introducing statement expression appear in different macro expansion contexts [-Wcompound-token-split-by-macro]
 1925 |     custom_sym = ID2SYM(rb_intern("custom"));
      |                         ^~~~~~~~~~~~~~~~~~~
/Library/Developer/CommandLineTools/SDKs/MacOSX.sdk/System/Library/Frameworks/Ruby.framework/Versions/2.6/usr/include/ruby-2.6.0/ruby/ruby.h:1826:23: note: expanded from macro 'rb_intern'
 1826 |         __extension__ (RUBY_CONST_ID_CACHE((ID), (str))) : \
      |                       ^
/Library/Developer/CommandLineTools/SDKs/MacOSX.sdk/System/Library/Frameworks/Ruby.framework/Versions/2.6/usr/include/ruby-2.6.0/ruby/ruby.h:413:29: note: expanded from macro 'ID2SYM'
  413 | #define ID2SYM(x) RB_ID2SYM(x)
      |                             ^
/Library/Developer/CommandLineTools/SDKs/MacOSX.sdk/System/Library/Frameworks/Ruby.framework/Versions/2.6/usr/include/ruby-2.6.0/ruby/ruby.h:408:33: note: expanded from macro 'RB_ID2SYM'
  408 | #define RB_ID2SYM(x) (rb_id2sym(x))
      |                                 ^
oj.c:1925:25: note: '{' token is here
 1925 |     custom_sym = ID2SYM(rb_intern("custom"));
      |                         ^~~~~~~~~~~~~~~~~~~
/Library/Developer/CommandLineTools/SDKs/MacOSX.sdk/System/Library/Frameworks/Ruby.framework/Versions/2.6/usr/include/ruby-2.6.0/ruby/ruby.h:1826:24: note: expanded from macro 'rb_intern'
 1826 |         __extension__ (RUBY_CONST_ID_CACHE((ID), (str))) : \
      |                        ^~~~~~~~~~~~~~~~~~~~~~~~~~~~~~~~
/Library/Developer/CommandLineTools/SDKs/MacOSX.sdk/System/Library/Frameworks/Ruby.framework/Versions/2.6/usr/include/ruby-2.6.0/ruby/ruby.h:1811:5: note: expanded from macro 'RUBY_CONST_ID_CACHE'
 1811 |     {                                                   \
      |     ^
/Library/Developer/CommandLineTools/SDKs/MacOSX.sdk/System/Library/Frameworks/Ruby.framework/Versions/2.6/usr/include/ruby-2.6.0/ruby/ruby.h:413:29: note: expanded from macro 'ID2SYM'
  413 | #define ID2SYM(x) RB_ID2SYM(x)
      |                             ^
/Library/Developer/CommandLineTools/SDKs/MacOSX.sdk/System/Library/Frameworks/Ruby.framework/Versions/2.6/usr/include/ruby-2.6.0/ruby/ruby.h:408:33: note: expanded from macro 'RB_ID2SYM'
  408 | #define RB_ID2SYM(x) (rb_id2sym(x))
      |                                 ^
oj.c:1925:25: warning: '}' and ')' tokens terminating statement expression appear in different macro expansion contexts [-Wcompound-token-split-by-macro]
 1925 |     custom_sym = ID2SYM(rb_intern("custom"));
      |                         ^~~~~~~~~~~~~~~~~~~
/Library/Developer/CommandLineTools/SDKs/MacOSX.sdk/System/Library/Frameworks/Ruby.framework/Versions/2.6/usr/include/ruby-2.6.0/ruby/ruby.h:1826:24: note: expanded from macro 'rb_intern'
 1826 |         __extension__ (RUBY_CONST_ID_CACHE((ID), (str))) : \
      |                        ^~~~~~~~~~~~~~~~~~~~~~~~~~~~~~~~
/Library/Developer/CommandLineTools/SDKs/MacOSX.sdk/System/Library/Frameworks/Ruby.framework/Versions/2.6/usr/include/ruby-2.6.0/ruby/ruby.h:1816:5: note: expanded from macro 'RUBY_CONST_ID_CACHE'
 1816 |     }
      |     ^
/Library/Developer/CommandLineTools/SDKs/MacOSX.sdk/System/Library/Frameworks/Ruby.framework/Versions/2.6/usr/include/ruby-2.6.0/ruby/ruby.h:413:29: note: expanded from macro 'ID2SYM'
  413 | #define ID2SYM(x) RB_ID2SYM(x)
      |                             ^
/Library/Developer/CommandLineTools/SDKs/MacOSX.sdk/System/Library/Frameworks/Ruby.framework/Versions/2.6/usr/include/ruby-2.6.0/ruby/ruby.h:408:33: note: expanded from macro 'RB_ID2SYM'
  408 | #define RB_ID2SYM(x) (rb_id2sym(x))
      |                                 ^
oj.c:1925:25: note: ')' token is here
 1925 |     custom_sym = ID2SYM(rb_intern("custom"));
      |                         ^~~~~~~~~~~~~~~~~~~
/Library/Developer/CommandLineTools/SDKs/MacOSX.sdk/System/Library/Frameworks/Ruby.framework/Versions/2.6/usr/include/ruby-2.6.0/ruby/ruby.h:1826:56: note: expanded from macro 'rb_intern'
 1826 |         __extension__ (RUBY_CONST_ID_CACHE((ID), (str))) : \
      |                                                        ^
/Library/Developer/CommandLineTools/SDKs/MacOSX.sdk/System/Library/Frameworks/Ruby.framework/Versions/2.6/usr/include/ruby-2.6.0/ruby/ruby.h:413:29: note: expanded from macro 'ID2SYM'
  413 | #define ID2SYM(x) RB_ID2SYM(x)
      |                             ^
/Library/Developer/CommandLineTools/SDKs/MacOSX.sdk/System/Library/Frameworks/Ruby.framework/Versions/2.6/usr/include/ruby-2.6.0/ruby/ruby.h:408:33: note: expanded from macro 'RB_ID2SYM'
  408 | #define RB_ID2SYM(x) (rb_id2sym(x))
      |                                 ^
oj.c:1927:31: warning: '(' and '{' tokens introducing statement expression appear in different macro expansion contexts [-Wcompound-token-split-by-macro]
 1927 |     empty_string_sym = ID2SYM(rb_intern("empty_string"));
      |                               ^~~~~~~~~~~~~~~~~~~~~~~~~
/Library/Developer/CommandLineTools/SDKs/MacOSX.sdk/System/Library/Frameworks/Ruby.framework/Versions/2.6/usr/include/ruby-2.6.0/ruby/ruby.h:1826:23: note: expanded from macro 'rb_intern'
 1826 |         __extension__ (RUBY_CONST_ID_CACHE((ID), (str))) : \
      |                       ^
/Library/Developer/CommandLineTools/SDKs/MacOSX.sdk/System/Library/Frameworks/Ruby.framework/Versions/2.6/usr/include/ruby-2.6.0/ruby/ruby.h:413:29: note: expanded from macro 'ID2SYM'
  413 | #define ID2SYM(x) RB_ID2SYM(x)
      |                             ^
/Library/Developer/CommandLineTools/SDKs/MacOSX.sdk/System/Library/Frameworks/Ruby.framework/Versions/2.6/usr/include/ruby-2.6.0/ruby/ruby.h:408:33: note: expanded from macro 'RB_ID2SYM'
  408 | #define RB_ID2SYM(x) (rb_id2sym(x))
      |                                 ^
oj.c:1927:31: note: '{' token is here
 1927 |     empty_string_sym = ID2SYM(rb_intern("empty_string"));
      |                               ^~~~~~~~~~~~~~~~~~~~~~~~~
/Library/Developer/CommandLineTools/SDKs/MacOSX.sdk/System/Library/Frameworks/Ruby.framework/Versions/2.6/usr/include/ruby-2.6.0/ruby/ruby.h:1826:24: note: expanded from macro 'rb_intern'
 1826 |         __extension__ (RUBY_CONST_ID_CACHE((ID), (str))) : \
      |                        ^~~~~~~~~~~~~~~~~~~~~~~~~~~~~~~~
/Library/Developer/CommandLineTools/SDKs/MacOSX.sdk/System/Library/Frameworks/Ruby.framework/Versions/2.6/usr/include/ruby-2.6.0/ruby/ruby.h:1811:5: note: expanded from macro 'RUBY_CONST_ID_CACHE'
 1811 |     {                                                   \
      |     ^
/Library/Developer/CommandLineTools/SDKs/MacOSX.sdk/System/Library/Frameworks/Ruby.framework/Versions/2.6/usr/include/ruby-2.6.0/ruby/ruby.h:413:29: note: expanded from macro 'ID2SYM'
  413 | #define ID2SYM(x) RB_ID2SYM(x)
      |                             ^
/Library/Developer/CommandLineTools/SDKs/MacOSX.sdk/System/Library/Frameworks/Ruby.framework/Versions/2.6/usr/include/ruby-2.6.0/ruby/ruby.h:408:33: note: expanded from macro 'RB_ID2SYM'
  408 | #define RB_ID2SYM(x) (rb_id2sym(x))
      |                                 ^
oj.c:1927:31: warning: '}' and ')' tokens terminating statement expression appear in different macro expansion contexts [-Wcompound-token-split-by-macro]
 1927 |     empty_string_sym = ID2SYM(rb_intern("empty_string"));
      |                               ^~~~~~~~~~~~~~~~~~~~~~~~~
/Library/Developer/CommandLineTools/SDKs/MacOSX.sdk/System/Library/Frameworks/Ruby.framework/Versions/2.6/usr/include/ruby-2.6.0/ruby/ruby.h:1826:24: note: expanded from macro 'rb_intern'
 1826 |         __extension__ (RUBY_CONST_ID_CACHE((ID), (str))) : \
      |                        ^~~~~~~~~~~~~~~~~~~~~~~~~~~~~~~~
/Library/Developer/CommandLineTools/SDKs/MacOSX.sdk/System/Library/Frameworks/Ruby.framework/Versions/2.6/usr/include/ruby-2.6.0/ruby/ruby.h:1816:5: note: expanded from macro 'RUBY_CONST_ID_CACHE'
 1816 |     }
      |     ^
/Library/Developer/CommandLineTools/SDKs/MacOSX.sdk/System/Library/Frameworks/Ruby.framework/Versions/2.6/usr/include/ruby-2.6.0/ruby/ruby.h:413:29: note: expanded from macro 'ID2SYM'
  413 | #define ID2SYM(x) RB_ID2SYM(x)
      |                             ^
/Library/Developer/CommandLineTools/SDKs/MacOSX.sdk/System/Library/Frameworks/Ruby.framework/Versions/2.6/usr/include/ruby-2.6.0/ruby/ruby.h:408:33: note: expanded from macro 'RB_ID2SYM'
  408 | #define RB_ID2SYM(x) (rb_id2sym(x))
      |                                 ^
oj.c:1927:31: note: ')' token is here
 1927 |     empty_string_sym = ID2SYM(rb_intern("empty_string"));
      |                               ^~~~~~~~~~~~~~~~~~~~~~~~~
/Library/Developer/CommandLineTools/SDKs/MacOSX.sdk/System/Library/Frameworks/Ruby.framework/Versions/2.6/usr/include/ruby-2.6.0/ruby/ruby.h:1826:56: note: expanded from macro 'rb_intern'
 1826 |         __extension__ (RUBY_CONST_ID_CACHE((ID), (str))) : \
      |                                                        ^
/Library/Developer/CommandLineTools/SDKs/MacOSX.sdk/System/Library/Frameworks/Ruby.framework/Versions/2.6/usr/include/ruby-2.6.0/ruby/ruby.h:413:29: note: expanded from macro 'ID2SYM'
  413 | #define ID2SYM(x) RB_ID2SYM(x)
      |                             ^
/Library/Developer/CommandLineTools/SDKs/MacOSX.sdk/System/Library/Frameworks/Ruby.framework/Versions/2.6/usr/include/ruby-2.6.0/ruby/ruby.h:408:33: note: expanded from macro 'RB_ID2SYM'
  408 | #define RB_ID2SYM(x) (rb_id2sym(x))
      |                                 ^
oj.c:1929:30: warning: '(' and '{' tokens introducing statement expression appear in different macro expansion contexts [-Wcompound-token-split-by-macro]
 1929 |     escape_mode_sym = ID2SYM(rb_intern("escape_mode"));
      |                              ^~~~~~~~~~~~~~~~~~~~~~~~
/Library/Developer/CommandLineTools/SDKs/MacOSX.sdk/System/Library/Frameworks/Ruby.framework/Versions/2.6/usr/include/ruby-2.6.0/ruby/ruby.h:1826:23: note: expanded from macro 'rb_intern'
 1826 |         __extension__ (RUBY_CONST_ID_CACHE((ID), (str))) : \
      |                       ^
/Library/Developer/CommandLineTools/SDKs/MacOSX.sdk/System/Library/Frameworks/Ruby.framework/Versions/2.6/usr/include/ruby-2.6.0/ruby/ruby.h:413:29: note: expanded from macro 'ID2SYM'
  413 | #define ID2SYM(x) RB_ID2SYM(x)
      |                             ^
/Library/Developer/CommandLineTools/SDKs/MacOSX.sdk/System/Library/Frameworks/Ruby.framework/Versions/2.6/usr/include/ruby-2.6.0/ruby/ruby.h:408:33: note: expanded from macro 'RB_ID2SYM'
  408 | #define RB_ID2SYM(x) (rb_id2sym(x))
      |                                 ^
oj.c:1929:30: note: '{' token is here
 1929 |     escape_mode_sym = ID2SYM(rb_intern("escape_mode"));
      |                              ^~~~~~~~~~~~~~~~~~~~~~~~
/Library/Developer/CommandLineTools/SDKs/MacOSX.sdk/System/Library/Frameworks/Ruby.framework/Versions/2.6/usr/include/ruby-2.6.0/ruby/ruby.h:1826:24: note: expanded from macro 'rb_intern'
 1826 |         __extension__ (RUBY_CONST_ID_CACHE((ID), (str))) : \
      |                        ^~~~~~~~~~~~~~~~~~~~~~~~~~~~~~~~
/Library/Developer/CommandLineTools/SDKs/MacOSX.sdk/System/Library/Frameworks/Ruby.framework/Versions/2.6/usr/include/ruby-2.6.0/ruby/ruby.h:1811:5: note: expanded from macro 'RUBY_CONST_ID_CACHE'
 1811 |     {                                                   \
      |     ^
/Library/Developer/CommandLineTools/SDKs/MacOSX.sdk/System/Library/Frameworks/Ruby.framework/Versions/2.6/usr/include/ruby-2.6.0/ruby/ruby.h:413:29: note: expanded from macro 'ID2SYM'
  413 | #define ID2SYM(x) RB_ID2SYM(x)
      |                             ^
/Library/Developer/CommandLineTools/SDKs/MacOSX.sdk/System/Library/Frameworks/Ruby.framework/Versions/2.6/usr/include/ruby-2.6.0/ruby/ruby.h:408:33: note: expanded from macro 'RB_ID2SYM'
  408 | #define RB_ID2SYM(x) (rb_id2sym(x))
      |                                 ^
oj.c:1929:30: warning: '}' and ')' tokens terminating statement expression appear in different macro expansion contexts [-Wcompound-token-split-by-macro]
 1929 |     escape_mode_sym = ID2SYM(rb_intern("escape_mode"));
      |                              ^~~~~~~~~~~~~~~~~~~~~~~~
/Library/Developer/CommandLineTools/SDKs/MacOSX.sdk/System/Library/Frameworks/Ruby.framework/Versions/2.6/usr/include/ruby-2.6.0/ruby/ruby.h:1826:24: note: expanded from macro 'rb_intern'
 1826 |         __extension__ (RUBY_CONST_ID_CACHE((ID), (str))) : \
      |                        ^~~~~~~~~~~~~~~~~~~~~~~~~~~~~~~~
/Library/Developer/CommandLineTools/SDKs/MacOSX.sdk/System/Library/Frameworks/Ruby.framework/Versions/2.6/usr/include/ruby-2.6.0/ruby/ruby.h:1816:5: note: expanded from macro 'RUBY_CONST_ID_CACHE'
 1816 |     }
      |     ^
/Library/Developer/CommandLineTools/SDKs/MacOSX.sdk/System/Library/Frameworks/Ruby.framework/Versions/2.6/usr/include/ruby-2.6.0/ruby/ruby.h:413:29: note: expanded from macro 'ID2SYM'
  413 | #define ID2SYM(x) RB_ID2SYM(x)
      |                             ^
/Library/Developer/CommandLineTools/SDKs/MacOSX.sdk/System/Library/Frameworks/Ruby.framework/Versions/2.6/usr/include/ruby-2.6.0/ruby/ruby.h:408:33: note: expanded from macro 'RB_ID2SYM'
  408 | #define RB_ID2SYM(x) (rb_id2sym(x))
      |                                 ^
oj.c:1929:30: note: ')' token is here
 1929 |     escape_mode_sym = ID2SYM(rb_intern("escape_mode"));
      |                              ^~~~~~~~~~~~~~~~~~~~~~~~
/Library/Developer/CommandLineTools/SDKs/MacOSX.sdk/System/Library/Frameworks/Ruby.framework/Versions/2.6/usr/include/ruby-2.6.0/ruby/ruby.h:1826:56: note: expanded from macro 'rb_intern'
 1826 |         __extension__ (RUBY_CONST_ID_CACHE((ID), (str))) : \
      |                                                        ^
/Library/Developer/CommandLineTools/SDKs/MacOSX.sdk/System/Library/Frameworks/Ruby.framework/Versions/2.6/usr/include/ruby-2.6.0/ruby/ruby.h:413:29: note: expanded from macro 'ID2SYM'
  413 | #define ID2SYM(x) RB_ID2SYM(x)
      |                             ^
/Library/Developer/CommandLineTools/SDKs/MacOSX.sdk/System/Library/Frameworks/Ruby.framework/Versions/2.6/usr/include/ruby-2.6.0/ruby/ruby.h:408:33: note: expanded from macro 'RB_ID2SYM'
  408 | #define RB_ID2SYM(x) (rb_id2sym(x))
      |                                 ^
oj.c:1931:32: warning: '(' and '{' tokens introducing statement expression appear in different macro expansion contexts [-Wcompound-token-split-by-macro]
 1931 |     integer_range_sym = ID2SYM(rb_intern("integer_range"));
      |                                ^~~~~~~~~~~~~~~~~~~~~~~~~~
/Library/Developer/CommandLineTools/SDKs/MacOSX.sdk/System/Library/Frameworks/Ruby.framework/Versions/2.6/usr/include/ruby-2.6.0/ruby/ruby.h:1826:23: note: expanded from macro 'rb_intern'
 1826 |         __extension__ (RUBY_CONST_ID_CACHE((ID), (str))) : \
      |                       ^
/Library/Developer/CommandLineTools/SDKs/MacOSX.sdk/System/Library/Frameworks/Ruby.framework/Versions/2.6/usr/include/ruby-2.6.0/ruby/ruby.h:413:29: note: expanded from macro 'ID2SYM'
  413 | #define ID2SYM(x) RB_ID2SYM(x)
      |                             ^
/Library/Developer/CommandLineTools/SDKs/MacOSX.sdk/System/Library/Frameworks/Ruby.framework/Versions/2.6/usr/include/ruby-2.6.0/ruby/ruby.h:408:33: note: expanded from macro 'RB_ID2SYM'
  408 | #define RB_ID2SYM(x) (rb_id2sym(x))
      |                                 ^
oj.c:1931:32: note: '{' token is here
 1931 |     integer_range_sym = ID2SYM(rb_intern("integer_range"));
      |                                ^~~~~~~~~~~~~~~~~~~~~~~~~~
/Library/Developer/CommandLineTools/SDKs/MacOSX.sdk/System/Library/Frameworks/Ruby.framework/Versions/2.6/usr/include/ruby-2.6.0/ruby/ruby.h:1826:24: note: expanded from macro 'rb_intern'
 1826 |         __extension__ (RUBY_CONST_ID_CACHE((ID), (str))) : \
      |                        ^~~~~~~~~~~~~~~~~~~~~~~~~~~~~~~~
/Library/Developer/CommandLineTools/SDKs/MacOSX.sdk/System/Library/Frameworks/Ruby.framework/Versions/2.6/usr/include/ruby-2.6.0/ruby/ruby.h:1811:5: note: expanded from macro 'RUBY_CONST_ID_CACHE'
 1811 |     {                                                   \
      |     ^
/Library/Developer/CommandLineTools/SDKs/MacOSX.sdk/System/Library/Frameworks/Ruby.framework/Versions/2.6/usr/include/ruby-2.6.0/ruby/ruby.h:413:29: note: expanded from macro 'ID2SYM'
  413 | #define ID2SYM(x) RB_ID2SYM(x)
      |                             ^
/Library/Developer/CommandLineTools/SDKs/MacOSX.sdk/System/Library/Frameworks/Ruby.framework/Versions/2.6/usr/include/ruby-2.6.0/ruby/ruby.h:408:33: note: expanded from macro 'RB_ID2SYM'
  408 | #define RB_ID2SYM(x) (rb_id2sym(x))
      |                                 ^
oj.c:1931:32: warning: '}' and ')' tokens terminating statement expression appear in different macro expansion contexts [-Wcompound-token-split-by-macro]
 1931 |     integer_range_sym = ID2SYM(rb_intern("integer_range"));
      |                                ^~~~~~~~~~~~~~~~~~~~~~~~~~
/Library/Developer/CommandLineTools/SDKs/MacOSX.sdk/System/Library/Frameworks/Ruby.framework/Versions/2.6/usr/include/ruby-2.6.0/ruby/ruby.h:1826:24: note: expanded from macro 'rb_intern'
 1826 |         __extension__ (RUBY_CONST_ID_CACHE((ID), (str))) : \
      |                        ^~~~~~~~~~~~~~~~~~~~~~~~~~~~~~~~
/Library/Developer/CommandLineTools/SDKs/MacOSX.sdk/System/Library/Frameworks/Ruby.framework/Versions/2.6/usr/include/ruby-2.6.0/ruby/ruby.h:1816:5: note: expanded from macro 'RUBY_CONST_ID_CACHE'
 1816 |     }
      |     ^
/Library/Developer/CommandLineTools/SDKs/MacOSX.sdk/System/Library/Frameworks/Ruby.framework/Versions/2.6/usr/include/ruby-2.6.0/ruby/ruby.h:413:29: note: expanded from macro 'ID2SYM'
  413 | #define ID2SYM(x) RB_ID2SYM(x)
      |                             ^
/Library/Developer/CommandLineTools/SDKs/MacOSX.sdk/System/Library/Frameworks/Ruby.framework/Versions/2.6/usr/include/ruby-2.6.0/ruby/ruby.h:408:33: note: expanded from macro 'RB_ID2SYM'
  408 | #define RB_ID2SYM(x) (rb_id2sym(x))
      |                                 ^
oj.c:1931:32: note: ')' token is here
 1931 |     integer_range_sym = ID2SYM(rb_intern("integer_range"));
      |                                ^~~~~~~~~~~~~~~~~~~~~~~~~~
/Library/Developer/CommandLineTools/SDKs/MacOSX.sdk/System/Library/Frameworks/Ruby.framework/Versions/2.6/usr/include/ruby-2.6.0/ruby/ruby.h:1826:56: note: expanded from macro 'rb_intern'
 1826 |         __extension__ (RUBY_CONST_ID_CACHE((ID), (str))) : \
      |                                                        ^
/Library/Developer/CommandLineTools/SDKs/MacOSX.sdk/System/Library/Frameworks/Ruby.framework/Versions/2.6/usr/include/ruby-2.6.0/ruby/ruby.h:413:29: note: expanded from macro 'ID2SYM'
  413 | #define ID2SYM(x) RB_ID2SYM(x)
      |                             ^
/Library/Developer/CommandLineTools/SDKs/MacOSX.sdk/System/Library/Frameworks/Ruby.framework/Versions/2.6/usr/include/ruby-2.6.0/ruby/ruby.h:408:33: note: expanded from macro 'RB_ID2SYM'
  408 | #define RB_ID2SYM(x) (rb_id2sym(x))
      |                                 ^
oj.c:1933:23: warning: '(' and '{' tokens introducing statement expression appear in different macro expansion contexts [-Wcompound-token-split-by-macro]
 1933 |     fast_sym = ID2SYM(rb_intern("fast"));
      |                       ^~~~~~~~~~~~~~~~~
/Library/Developer/CommandLineTools/SDKs/MacOSX.sdk/System/Library/Frameworks/Ruby.framework/Versions/2.6/usr/include/ruby-2.6.0/ruby/ruby.h:1826:23: note: expanded from macro 'rb_intern'
 1826 |         __extension__ (RUBY_CONST_ID_CACHE((ID), (str))) : \
      |                       ^
/Library/Developer/CommandLineTools/SDKs/MacOSX.sdk/System/Library/Frameworks/Ruby.framework/Versions/2.6/usr/include/ruby-2.6.0/ruby/ruby.h:413:29: note: expanded from macro 'ID2SYM'
  413 | #define ID2SYM(x) RB_ID2SYM(x)
      |                             ^
/Library/Developer/CommandLineTools/SDKs/MacOSX.sdk/System/Library/Frameworks/Ruby.framework/Versions/2.6/usr/include/ruby-2.6.0/ruby/ruby.h:408:33: note: expanded from macro 'RB_ID2SYM'
  408 | #define RB_ID2SYM(x) (rb_id2sym(x))
      |                                 ^
oj.c:1933:23: note: '{' token is here
 1933 |     fast_sym = ID2SYM(rb_intern("fast"));
      |                       ^~~~~~~~~~~~~~~~~
/Library/Developer/CommandLineTools/SDKs/MacOSX.sdk/System/Library/Frameworks/Ruby.framework/Versions/2.6/usr/include/ruby-2.6.0/ruby/ruby.h:1826:24: note: expanded from macro 'rb_intern'
 1826 |         __extension__ (RUBY_CONST_ID_CACHE((ID), (str))) : \
      |                        ^~~~~~~~~~~~~~~~~~~~~~~~~~~~~~~~
/Library/Developer/CommandLineTools/SDKs/MacOSX.sdk/System/Library/Frameworks/Ruby.framework/Versions/2.6/usr/include/ruby-2.6.0/ruby/ruby.h:1811:5: note: expanded from macro 'RUBY_CONST_ID_CACHE'
 1811 |     {                                                   \
      |     ^
/Library/Developer/CommandLineTools/SDKs/MacOSX.sdk/System/Library/Frameworks/Ruby.framework/Versions/2.6/usr/include/ruby-2.6.0/ruby/ruby.h:413:29: note: expanded from macro 'ID2SYM'
  413 | #define ID2SYM(x) RB_ID2SYM(x)
      |                             ^
/Library/Developer/CommandLineTools/SDKs/MacOSX.sdk/System/Library/Frameworks/Ruby.framework/Versions/2.6/usr/include/ruby-2.6.0/ruby/ruby.h:408:33: note: expanded from macro 'RB_ID2SYM'
  408 | #define RB_ID2SYM(x) (rb_id2sym(x))
      |                                 ^
oj.c:1933:23: warning: '}' and ')' tokens terminating statement expression appear in different macro expansion contexts [-Wcompound-token-split-by-macro]
 1933 |     fast_sym = ID2SYM(rb_intern("fast"));
      |                       ^~~~~~~~~~~~~~~~~
/Library/Developer/CommandLineTools/SDKs/MacOSX.sdk/System/Library/Frameworks/Ruby.framework/Versions/2.6/usr/include/ruby-2.6.0/ruby/ruby.h:1826:24: note: expanded from macro 'rb_intern'
 1826 |         __extension__ (RUBY_CONST_ID_CACHE((ID), (str))) : \
      |                        ^~~~~~~~~~~~~~~~~~~~~~~~~~~~~~~~
/Library/Developer/CommandLineTools/SDKs/MacOSX.sdk/System/Library/Frameworks/Ruby.framework/Versions/2.6/usr/include/ruby-2.6.0/ruby/ruby.h:1816:5: note: expanded from macro 'RUBY_CONST_ID_CACHE'
 1816 |     }
      |     ^
/Library/Developer/CommandLineTools/SDKs/MacOSX.sdk/System/Library/Frameworks/Ruby.framework/Versions/2.6/usr/include/ruby-2.6.0/ruby/ruby.h:413:29: note: expanded from macro 'ID2SYM'
  413 | #define ID2SYM(x) RB_ID2SYM(x)
      |                             ^
/Library/Developer/CommandLineTools/SDKs/MacOSX.sdk/System/Library/Frameworks/Ruby.framework/Versions/2.6/usr/include/ruby-2.6.0/ruby/ruby.h:408:33: note: expanded from macro 'RB_ID2SYM'
  408 | #define RB_ID2SYM(x) (rb_id2sym(x))
      |                                 ^
oj.c:1933:23: note: ')' token is here
 1933 |     fast_sym = ID2SYM(rb_intern("fast"));
      |                       ^~~~~~~~~~~~~~~~~
/Library/Developer/CommandLineTools/SDKs/MacOSX.sdk/System/Library/Frameworks/Ruby.framework/Versions/2.6/usr/include/ruby-2.6.0/ruby/ruby.h:1826:56: note: expanded from macro 'rb_intern'
 1826 |         __extension__ (RUBY_CONST_ID_CACHE((ID), (str))) : \
      |                                                        ^
/Library/Developer/CommandLineTools/SDKs/MacOSX.sdk/System/Library/Frameworks/Ruby.framework/Versions/2.6/usr/include/ruby-2.6.0/ruby/ruby.h:413:29: note: expanded from macro 'ID2SYM'
  413 | #define ID2SYM(x) RB_ID2SYM(x)
      |                             ^
/Library/Developer/CommandLineTools/SDKs/MacOSX.sdk/System/Library/Frameworks/Ruby.framework/Versions/2.6/usr/include/ruby-2.6.0/ruby/ruby.h:408:33: note: expanded from macro 'RB_ID2SYM'
  408 | #define RB_ID2SYM(x) (rb_id2sym(x))
      |                                 ^
oj.c:1935:29: warning: '(' and '{' tokens introducing statement expression appear in different macro expansion contexts [-Wcompound-token-split-by-macro]
 1935 |     float_prec_sym = ID2SYM(rb_intern("float_precision"));
      |                             ^~~~~~~~~~~~~~~~~~~~~~~~~~~~
/Library/Developer/CommandLineTools/SDKs/MacOSX.sdk/System/Library/Frameworks/Ruby.framework/Versions/2.6/usr/include/ruby-2.6.0/ruby/ruby.h:1826:23: note: expanded from macro 'rb_intern'
 1826 |         __extension__ (RUBY_CONST_ID_CACHE((ID), (str))) : \
      |                       ^
/Library/Developer/CommandLineTools/SDKs/MacOSX.sdk/System/Library/Frameworks/Ruby.framework/Versions/2.6/usr/include/ruby-2.6.0/ruby/ruby.h:413:29: note: expanded from macro 'ID2SYM'
  413 | #define ID2SYM(x) RB_ID2SYM(x)
      |                             ^
/Library/Developer/CommandLineTools/SDKs/MacOSX.sdk/System/Library/Frameworks/Ruby.framework/Versions/2.6/usr/include/ruby-2.6.0/ruby/ruby.h:408:33: note: expanded from macro 'RB_ID2SYM'
  408 | #define RB_ID2SYM(x) (rb_id2sym(x))
      |                                 ^
oj.c:1935:29: note: '{' token is here
 1935 |     float_prec_sym = ID2SYM(rb_intern("float_precision"));
      |                             ^~~~~~~~~~~~~~~~~~~~~~~~~~~~
/Library/Developer/CommandLineTools/SDKs/MacOSX.sdk/System/Library/Frameworks/Ruby.framework/Versions/2.6/usr/include/ruby-2.6.0/ruby/ruby.h:1826:24: note: expanded from macro 'rb_intern'
 1826 |         __extension__ (RUBY_CONST_ID_CACHE((ID), (str))) : \
      |                        ^~~~~~~~~~~~~~~~~~~~~~~~~~~~~~~~
/Library/Developer/CommandLineTools/SDKs/MacOSX.sdk/System/Library/Frameworks/Ruby.framework/Versions/2.6/usr/include/ruby-2.6.0/ruby/ruby.h:1811:5: note: expanded from macro 'RUBY_CONST_ID_CACHE'
 1811 |     {                                                   \
      |     ^
/Library/Developer/CommandLineTools/SDKs/MacOSX.sdk/System/Library/Frameworks/Ruby.framework/Versions/2.6/usr/include/ruby-2.6.0/ruby/ruby.h:413:29: note: expanded from macro 'ID2SYM'
  413 | #define ID2SYM(x) RB_ID2SYM(x)
      |                             ^
/Library/Developer/CommandLineTools/SDKs/MacOSX.sdk/System/Library/Frameworks/Ruby.framework/Versions/2.6/usr/include/ruby-2.6.0/ruby/ruby.h:408:33: note: expanded from macro 'RB_ID2SYM'
  408 | #define RB_ID2SYM(x) (rb_id2sym(x))
      |                                 ^
oj.c:1935:29: warning: '}' and ')' tokens terminating statement expression appear in different macro expansion contexts [-Wcompound-token-split-by-macro]
 1935 |     float_prec_sym = ID2SYM(rb_intern("float_precision"));
      |                             ^~~~~~~~~~~~~~~~~~~~~~~~~~~~
/Library/Developer/CommandLineTools/SDKs/MacOSX.sdk/System/Library/Frameworks/Ruby.framework/Versions/2.6/usr/include/ruby-2.6.0/ruby/ruby.h:1826:24: note: expanded from macro 'rb_intern'
 1826 |         __extension__ (RUBY_CONST_ID_CACHE((ID), (str))) : \
      |                        ^~~~~~~~~~~~~~~~~~~~~~~~~~~~~~~~
/Library/Developer/CommandLineTools/SDKs/MacOSX.sdk/System/Library/Frameworks/Ruby.framework/Versions/2.6/usr/include/ruby-2.6.0/ruby/ruby.h:1816:5: note: expanded from macro 'RUBY_CONST_ID_CACHE'
 1816 |     }
      |     ^
/Library/Developer/CommandLineTools/SDKs/MacOSX.sdk/System/Library/Frameworks/Ruby.framework/Versions/2.6/usr/include/ruby-2.6.0/ruby/ruby.h:413:29: note: expanded from macro 'ID2SYM'
  413 | #define ID2SYM(x) RB_ID2SYM(x)
      |                             ^
/Library/Developer/CommandLineTools/SDKs/MacOSX.sdk/System/Library/Frameworks/Ruby.framework/Versions/2.6/usr/include/ruby-2.6.0/ruby/ruby.h:408:33: note: expanded from macro 'RB_ID2SYM'
  408 | #define RB_ID2SYM(x) (rb_id2sym(x))
      |                                 ^
oj.c:1935:29: note: ')' token is here
 1935 |     float_prec_sym = ID2SYM(rb_intern("float_precision"));
      |                             ^~~~~~~~~~~~~~~~~~~~~~~~~~~~
/Library/Developer/CommandLineTools/SDKs/MacOSX.sdk/System/Library/Frameworks/Ruby.framework/Versions/2.6/usr/include/ruby-2.6.0/ruby/ruby.h:1826:56: note: expanded from macro 'rb_intern'
 1826 |         __extension__ (RUBY_CONST_ID_CACHE((ID), (str))) : \
      |                                                        ^
/Library/Developer/CommandLineTools/SDKs/MacOSX.sdk/System/Library/Frameworks/Ruby.framework/Versions/2.6/usr/include/ruby-2.6.0/ruby/ruby.h:413:29: note: expanded from macro 'ID2SYM'
  413 | #define ID2SYM(x) RB_ID2SYM(x)
      |                             ^
/Library/Developer/CommandLineTools/SDKs/MacOSX.sdk/System/Library/Frameworks/Ruby.framework/Versions/2.6/usr/include/ruby-2.6.0/ruby/ruby.h:408:33: note: expanded from macro 'RB_ID2SYM'
  408 | #define RB_ID2SYM(x) (rb_id2sym(x))
      |                                 ^
oj.c:1937:24: warning: '(' and '{' tokens introducing statement expression appear in different macro expansion contexts [-Wcompound-token-split-by-macro]
 1937 |     float_sym = ID2SYM(rb_intern("float"));
      |                        ^~~~~~~~~~~~~~~~~~
/Library/Developer/CommandLineTools/SDKs/MacOSX.sdk/System/Library/Frameworks/Ruby.framework/Versions/2.6/usr/include/ruby-2.6.0/ruby/ruby.h:1826:23: note: expanded from macro 'rb_intern'
 1826 |         __extension__ (RUBY_CONST_ID_CACHE((ID), (str))) : \
      |                       ^
/Library/Developer/CommandLineTools/SDKs/MacOSX.sdk/System/Library/Frameworks/Ruby.framework/Versions/2.6/usr/include/ruby-2.6.0/ruby/ruby.h:413:29: note: expanded from macro 'ID2SYM'
  413 | #define ID2SYM(x) RB_ID2SYM(x)
      |                             ^
/Library/Developer/CommandLineTools/SDKs/MacOSX.sdk/System/Library/Frameworks/Ruby.framework/Versions/2.6/usr/include/ruby-2.6.0/ruby/ruby.h:408:33: note: expanded from macro 'RB_ID2SYM'
  408 | #define RB_ID2SYM(x) (rb_id2sym(x))
      |                                 ^
oj.c:1937:24: note: '{' token is here
 1937 |     float_sym = ID2SYM(rb_intern("float"));
      |                        ^~~~~~~~~~~~~~~~~~
/Library/Developer/CommandLineTools/SDKs/MacOSX.sdk/System/Library/Frameworks/Ruby.framework/Versions/2.6/usr/include/ruby-2.6.0/ruby/ruby.h:1826:24: note: expanded from macro 'rb_intern'
 1826 |         __extension__ (RUBY_CONST_ID_CACHE((ID), (str))) : \
      |                        ^~~~~~~~~~~~~~~~~~~~~~~~~~~~~~~~
/Library/Developer/CommandLineTools/SDKs/MacOSX.sdk/System/Library/Frameworks/Ruby.framework/Versions/2.6/usr/include/ruby-2.6.0/ruby/ruby.h:1811:5: note: expanded from macro 'RUBY_CONST_ID_CACHE'
 1811 |     {                                                   \
      |     ^
/Library/Developer/CommandLineTools/SDKs/MacOSX.sdk/System/Library/Frameworks/Ruby.framework/Versions/2.6/usr/include/ruby-2.6.0/ruby/ruby.h:413:29: note: expanded from macro 'ID2SYM'
  413 | #define ID2SYM(x) RB_ID2SYM(x)
      |                             ^
/Library/Developer/CommandLineTools/SDKs/MacOSX.sdk/System/Library/Frameworks/Ruby.framework/Versions/2.6/usr/include/ruby-2.6.0/ruby/ruby.h:408:33: note: expanded from macro 'RB_ID2SYM'
  408 | #define RB_ID2SYM(x) (rb_id2sym(x))
      |                                 ^
oj.c:1937:24: warning: '}' and ')' tokens terminating statement expression appear in different macro expansion contexts [-Wcompound-token-split-by-macro]
 1937 |     float_sym = ID2SYM(rb_intern("float"));
      |                        ^~~~~~~~~~~~~~~~~~
/Library/Developer/CommandLineTools/SDKs/MacOSX.sdk/System/Library/Frameworks/Ruby.framework/Versions/2.6/usr/include/ruby-2.6.0/ruby/ruby.h:1826:24: note: expanded from macro 'rb_intern'
 1826 |         __extension__ (RUBY_CONST_ID_CACHE((ID), (str))) : \
      |                        ^~~~~~~~~~~~~~~~~~~~~~~~~~~~~~~~
/Library/Developer/CommandLineTools/SDKs/MacOSX.sdk/System/Library/Frameworks/Ruby.framework/Versions/2.6/usr/include/ruby-2.6.0/ruby/ruby.h:1816:5: note: expanded from macro 'RUBY_CONST_ID_CACHE'
 1816 |     }
      |     ^
/Library/Developer/CommandLineTools/SDKs/MacOSX.sdk/System/Library/Frameworks/Ruby.framework/Versions/2.6/usr/include/ruby-2.6.0/ruby/ruby.h:413:29: note: expanded from macro 'ID2SYM'
  413 | #define ID2SYM(x) RB_ID2SYM(x)
      |                             ^
/Library/Developer/CommandLineTools/SDKs/MacOSX.sdk/System/Library/Frameworks/Ruby.framework/Versions/2.6/usr/include/ruby-2.6.0/ruby/ruby.h:408:33: note: expanded from macro 'RB_ID2SYM'
  408 | #define RB_ID2SYM(x) (rb_id2sym(x))
      |                                 ^
oj.c:1937:24: note: ')' token is here
 1937 |     float_sym = ID2SYM(rb_intern("float"));
      |                        ^~~~~~~~~~~~~~~~~~
/Library/Developer/CommandLineTools/SDKs/MacOSX.sdk/System/Library/Frameworks/Ruby.framework/Versions/2.6/usr/include/ruby-2.6.0/ruby/ruby.h:1826:56: note: expanded from macro 'rb_intern'
 1826 |         __extension__ (RUBY_CONST_ID_CACHE((ID), (str))) : \
      |                                                        ^
/Library/Developer/CommandLineTools/SDKs/MacOSX.sdk/System/Library/Frameworks/Ruby.framework/Versions/2.6/usr/include/ruby-2.6.0/ruby/ruby.h:413:29: note: expanded from macro 'ID2SYM'
  413 | #define ID2SYM(x) RB_ID2SYM(x)
      |                             ^
/Library/Developer/CommandLineTools/SDKs/MacOSX.sdk/System/Library/Frameworks/Ruby.framework/Versions/2.6/usr/include/ruby-2.6.0/ruby/ruby.h:408:33: note: expanded from macro 'RB_ID2SYM'
  408 | #define RB_ID2SYM(x) (rb_id2sym(x))
      |                                 ^
oj.c:1939:23: warning: '(' and '{' tokens introducing statement expression appear in different macro expansion contexts [-Wcompound-token-split-by-macro]
 1939 |     huge_sym = ID2SYM(rb_intern("huge"));
      |                       ^~~~~~~~~~~~~~~~~
/Library/Developer/CommandLineTools/SDKs/MacOSX.sdk/System/Library/Frameworks/Ruby.framework/Versions/2.6/usr/include/ruby-2.6.0/ruby/ruby.h:1826:23: note: expanded from macro 'rb_intern'
 1826 |         __extension__ (RUBY_CONST_ID_CACHE((ID), (str))) : \
      |                       ^
/Library/Developer/CommandLineTools/SDKs/MacOSX.sdk/System/Library/Frameworks/Ruby.framework/Versions/2.6/usr/include/ruby-2.6.0/ruby/ruby.h:413:29: note: expanded from macro 'ID2SYM'
  413 | #define ID2SYM(x) RB_ID2SYM(x)
      |                             ^
/Library/Developer/CommandLineTools/SDKs/MacOSX.sdk/System/Library/Frameworks/Ruby.framework/Versions/2.6/usr/include/ruby-2.6.0/ruby/ruby.h:408:33: note: expanded from macro 'RB_ID2SYM'
  408 | #define RB_ID2SYM(x) (rb_id2sym(x))
      |                                 ^
oj.c:1939:23: note: '{' token is here
 1939 |     huge_sym = ID2SYM(rb_intern("huge"));
      |                       ^~~~~~~~~~~~~~~~~
/Library/Developer/CommandLineTools/SDKs/MacOSX.sdk/System/Library/Frameworks/Ruby.framework/Versions/2.6/usr/include/ruby-2.6.0/ruby/ruby.h:1826:24: note: expanded from macro 'rb_intern'
 1826 |         __extension__ (RUBY_CONST_ID_CACHE((ID), (str))) : \
      |                        ^~~~~~~~~~~~~~~~~~~~~~~~~~~~~~~~
/Library/Developer/CommandLineTools/SDKs/MacOSX.sdk/System/Library/Frameworks/Ruby.framework/Versions/2.6/usr/include/ruby-2.6.0/ruby/ruby.h:1811:5: note: expanded from macro 'RUBY_CONST_ID_CACHE'
 1811 |     {                                                   \
      |     ^
/Library/Developer/CommandLineTools/SDKs/MacOSX.sdk/System/Library/Frameworks/Ruby.framework/Versions/2.6/usr/include/ruby-2.6.0/ruby/ruby.h:413:29: note: expanded from macro 'ID2SYM'
  413 | #define ID2SYM(x) RB_ID2SYM(x)
      |                             ^
/Library/Developer/CommandLineTools/SDKs/MacOSX.sdk/System/Library/Frameworks/Ruby.framework/Versions/2.6/usr/include/ruby-2.6.0/ruby/ruby.h:408:33: note: expanded from macro 'RB_ID2SYM'
  408 | #define RB_ID2SYM(x) (rb_id2sym(x))
      |                                 ^
oj.c:1939:23: warning: '}' and ')' tokens terminating statement expression appear in different macro expansion contexts [-Wcompound-token-split-by-macro]
 1939 |     huge_sym = ID2SYM(rb_intern("huge"));
      |                       ^~~~~~~~~~~~~~~~~
/Library/Developer/CommandLineTools/SDKs/MacOSX.sdk/System/Library/Frameworks/Ruby.framework/Versions/2.6/usr/include/ruby-2.6.0/ruby/ruby.h:1826:24: note: expanded from macro 'rb_intern'
 1826 |         __extension__ (RUBY_CONST_ID_CACHE((ID), (str))) : \
      |                        ^~~~~~~~~~~~~~~~~~~~~~~~~~~~~~~~
/Library/Developer/CommandLineTools/SDKs/MacOSX.sdk/System/Library/Frameworks/Ruby.framework/Versions/2.6/usr/include/ruby-2.6.0/ruby/ruby.h:1816:5: note: expanded from macro 'RUBY_CONST_ID_CACHE'
 1816 |     }
      |     ^
/Library/Developer/CommandLineTools/SDKs/MacOSX.sdk/System/Library/Frameworks/Ruby.framework/Versions/2.6/usr/include/ruby-2.6.0/ruby/ruby.h:413:29: note: expanded from macro 'ID2SYM'
  413 | #define ID2SYM(x) RB_ID2SYM(x)
      |                             ^
/Library/Developer/CommandLineTools/SDKs/MacOSX.sdk/System/Library/Frameworks/Ruby.framework/Versions/2.6/usr/include/ruby-2.6.0/ruby/ruby.h:408:33: note: expanded from macro 'RB_ID2SYM'
  408 | #define RB_ID2SYM(x) (rb_id2sym(x))
      |                                 ^
oj.c:1939:23: note: ')' token is here
 1939 |     huge_sym = ID2SYM(rb_intern("huge"));
      |                       ^~~~~~~~~~~~~~~~~
/Library/Developer/CommandLineTools/SDKs/MacOSX.sdk/System/Library/Frameworks/Ruby.framework/Versions/2.6/usr/include/ruby-2.6.0/ruby/ruby.h:1826:56: note: expanded from macro 'rb_intern'
 1826 |         __extension__ (RUBY_CONST_ID_CACHE((ID), (str))) : \
      |                                                        ^
/Library/Developer/CommandLineTools/SDKs/MacOSX.sdk/System/Library/Frameworks/Ruby.framework/Versions/2.6/usr/include/ruby-2.6.0/ruby/ruby.h:413:29: note: expanded from macro 'ID2SYM'
  413 | #define ID2SYM(x) RB_ID2SYM(x)
      |                             ^
/Library/Developer/CommandLineTools/SDKs/MacOSX.sdk/System/Library/Frameworks/Ruby.framework/Versions/2.6/usr/include/ruby-2.6.0/ruby/ruby.h:408:33: note: expanded from macro 'RB_ID2SYM'
  408 | #define RB_ID2SYM(x) (rb_id2sym(x))
      |                                 ^
oj.c:1941:25: warning: '(' and '{' tokens introducing statement expression appear in different macro expansion contexts [-Wcompound-token-split-by-macro]
 1941 |     ignore_sym = ID2SYM(rb_intern("ignore"));
      |                         ^~~~~~~~~~~~~~~~~~~
/Library/Developer/CommandLineTools/SDKs/MacOSX.sdk/System/Library/Frameworks/Ruby.framework/Versions/2.6/usr/include/ruby-2.6.0/ruby/ruby.h:1826:23: note: expanded from macro 'rb_intern'
 1826 |         __extension__ (RUBY_CONST_ID_CACHE((ID), (str))) : \
      |                       ^
/Library/Developer/CommandLineTools/SDKs/MacOSX.sdk/System/Library/Frameworks/Ruby.framework/Versions/2.6/usr/include/ruby-2.6.0/ruby/ruby.h:413:29: note: expanded from macro 'ID2SYM'
  413 | #define ID2SYM(x) RB_ID2SYM(x)
      |                             ^
/Library/Developer/CommandLineTools/SDKs/MacOSX.sdk/System/Library/Frameworks/Ruby.framework/Versions/2.6/usr/include/ruby-2.6.0/ruby/ruby.h:408:33: note: expanded from macro 'RB_ID2SYM'
  408 | #define RB_ID2SYM(x) (rb_id2sym(x))
      |                                 ^
oj.c:1941:25: note: '{' token is here
 1941 |     ignore_sym = ID2SYM(rb_intern("ignore"));
      |                         ^~~~~~~~~~~~~~~~~~~
/Library/Developer/CommandLineTools/SDKs/MacOSX.sdk/System/Library/Frameworks/Ruby.framework/Versions/2.6/usr/include/ruby-2.6.0/ruby/ruby.h:1826:24: note: expanded from macro 'rb_intern'
 1826 |         __extension__ (RUBY_CONST_ID_CACHE((ID), (str))) : \
      |                        ^~~~~~~~~~~~~~~~~~~~~~~~~~~~~~~~
/Library/Developer/CommandLineTools/SDKs/MacOSX.sdk/System/Library/Frameworks/Ruby.framework/Versions/2.6/usr/include/ruby-2.6.0/ruby/ruby.h:1811:5: note: expanded from macro 'RUBY_CONST_ID_CACHE'
 1811 |     {                                                   \
      |     ^
/Library/Developer/CommandLineTools/SDKs/MacOSX.sdk/System/Library/Frameworks/Ruby.framework/Versions/2.6/usr/include/ruby-2.6.0/ruby/ruby.h:413:29: note: expanded from macro 'ID2SYM'
  413 | #define ID2SYM(x) RB_ID2SYM(x)
      |                             ^
/Library/Developer/CommandLineTools/SDKs/MacOSX.sdk/System/Library/Frameworks/Ruby.framework/Versions/2.6/usr/include/ruby-2.6.0/ruby/ruby.h:408:33: note: expanded from macro 'RB_ID2SYM'
  408 | #define RB_ID2SYM(x) (rb_id2sym(x))
      |                                 ^
oj.c:1941:25: warning: '}' and ')' tokens terminating statement expression appear in different macro expansion contexts [-Wcompound-token-split-by-macro]
 1941 |     ignore_sym = ID2SYM(rb_intern("ignore"));
      |                         ^~~~~~~~~~~~~~~~~~~
/Library/Developer/CommandLineTools/SDKs/MacOSX.sdk/System/Library/Frameworks/Ruby.framework/Versions/2.6/usr/include/ruby-2.6.0/ruby/ruby.h:1826:24: note: expanded from macro 'rb_intern'
 1826 |         __extension__ (RUBY_CONST_ID_CACHE((ID), (str))) : \
      |                        ^~~~~~~~~~~~~~~~~~~~~~~~~~~~~~~~
/Library/Developer/CommandLineTools/SDKs/MacOSX.sdk/System/Library/Frameworks/Ruby.framework/Versions/2.6/usr/include/ruby-2.6.0/ruby/ruby.h:1816:5: note: expanded from macro 'RUBY_CONST_ID_CACHE'
 1816 |     }
      |     ^
/Library/Developer/CommandLineTools/SDKs/MacOSX.sdk/System/Library/Frameworks/Ruby.framework/Versions/2.6/usr/include/ruby-2.6.0/ruby/ruby.h:413:29: note: expanded from macro 'ID2SYM'
  413 | #define ID2SYM(x) RB_ID2SYM(x)
      |                             ^
/Library/Developer/CommandLineTools/SDKs/MacOSX.sdk/System/Library/Frameworks/Ruby.framework/Versions/2.6/usr/include/ruby-2.6.0/ruby/ruby.h:408:33: note: expanded from macro 'RB_ID2SYM'
  408 | #define RB_ID2SYM(x) (rb_id2sym(x))
      |                                 ^
oj.c:1941:25: note: ')' token is here
 1941 |     ignore_sym = ID2SYM(rb_intern("ignore"));
      |                         ^~~~~~~~~~~~~~~~~~~
/Library/Developer/CommandLineTools/SDKs/MacOSX.sdk/System/Library/Frameworks/Ruby.framework/Versions/2.6/usr/include/ruby-2.6.0/ruby/ruby.h:1826:56: note: expanded from macro 'rb_intern'
 1826 |         __extension__ (RUBY_CONST_ID_CACHE((ID), (str))) : \
      |                                                        ^
/Library/Developer/CommandLineTools/SDKs/MacOSX.sdk/System/Library/Frameworks/Ruby.framework/Versions/2.6/usr/include/ruby-2.6.0/ruby/ruby.h:413:29: note: expanded from macro 'ID2SYM'
  413 | #define ID2SYM(x) RB_ID2SYM(x)
      |                             ^
/Library/Developer/CommandLineTools/SDKs/MacOSX.sdk/System/Library/Frameworks/Ruby.framework/Versions/2.6/usr/include/ruby-2.6.0/ruby/ruby.h:408:33: note: expanded from macro 'RB_ID2SYM'
  408 | #define RB_ID2SYM(x) (rb_id2sym(x))
      |                                 ^
oj.c:1943:31: warning: '(' and '{' tokens introducing statement expression appear in different macro expansion contexts [-Wcompound-token-split-by-macro]
 1943 |     ignore_under_sym = ID2SYM(rb_intern("ignore_under"));
      |                               ^~~~~~~~~~~~~~~~~~~~~~~~~
/Library/Developer/CommandLineTools/SDKs/MacOSX.sdk/System/Library/Frameworks/Ruby.framework/Versions/2.6/usr/include/ruby-2.6.0/ruby/ruby.h:1826:23: note: expanded from macro 'rb_intern'
 1826 |         __extension__ (RUBY_CONST_ID_CACHE((ID), (str))) : \
      |                       ^
/Library/Developer/CommandLineTools/SDKs/MacOSX.sdk/System/Library/Frameworks/Ruby.framework/Versions/2.6/usr/include/ruby-2.6.0/ruby/ruby.h:413:29: note: expanded from macro 'ID2SYM'
  413 | #define ID2SYM(x) RB_ID2SYM(x)
      |                             ^
/Library/Developer/CommandLineTools/SDKs/MacOSX.sdk/System/Library/Frameworks/Ruby.framework/Versions/2.6/usr/include/ruby-2.6.0/ruby/ruby.h:408:33: note: expanded from macro 'RB_ID2SYM'
  408 | #define RB_ID2SYM(x) (rb_id2sym(x))
      |                                 ^
oj.c:1943:31: note: '{' token is here
 1943 |     ignore_under_sym = ID2SYM(rb_intern("ignore_under"));
      |                               ^~~~~~~~~~~~~~~~~~~~~~~~~
/Library/Developer/CommandLineTools/SDKs/MacOSX.sdk/System/Library/Frameworks/Ruby.framework/Versions/2.6/usr/include/ruby-2.6.0/ruby/ruby.h:1826:24: note: expanded from macro 'rb_intern'
 1826 |         __extension__ (RUBY_CONST_ID_CACHE((ID), (str))) : \
      |                        ^~~~~~~~~~~~~~~~~~~~~~~~~~~~~~~~
/Library/Developer/CommandLineTools/SDKs/MacOSX.sdk/System/Library/Frameworks/Ruby.framework/Versions/2.6/usr/include/ruby-2.6.0/ruby/ruby.h:1811:5: note: expanded from macro 'RUBY_CONST_ID_CACHE'
 1811 |     {                                                   \
      |     ^
/Library/Developer/CommandLineTools/SDKs/MacOSX.sdk/System/Library/Frameworks/Ruby.framework/Versions/2.6/usr/include/ruby-2.6.0/ruby/ruby.h:413:29: note: expanded from macro 'ID2SYM'
  413 | #define ID2SYM(x) RB_ID2SYM(x)
      |                             ^
/Library/Developer/CommandLineTools/SDKs/MacOSX.sdk/System/Library/Frameworks/Ruby.framework/Versions/2.6/usr/include/ruby-2.6.0/ruby/ruby.h:408:33: note: expanded from macro 'RB_ID2SYM'
  408 | #define RB_ID2SYM(x) (rb_id2sym(x))
      |                                 ^
oj.c:1943:31: warning: '}' and ')' tokens terminating statement expression appear in different macro expansion contexts [-Wcompound-token-split-by-macro]
 1943 |     ignore_under_sym = ID2SYM(rb_intern("ignore_under"));
      |                               ^~~~~~~~~~~~~~~~~~~~~~~~~
/Library/Developer/CommandLineTools/SDKs/MacOSX.sdk/System/Library/Frameworks/Ruby.framework/Versions/2.6/usr/include/ruby-2.6.0/ruby/ruby.h:1826:24: note: expanded from macro 'rb_intern'
 1826 |         __extension__ (RUBY_CONST_ID_CACHE((ID), (str))) : \
      |                        ^~~~~~~~~~~~~~~~~~~~~~~~~~~~~~~~
/Library/Developer/CommandLineTools/SDKs/MacOSX.sdk/System/Library/Frameworks/Ruby.framework/Versions/2.6/usr/include/ruby-2.6.0/ruby/ruby.h:1816:5: note: expanded from macro 'RUBY_CONST_ID_CACHE'
 1816 |     }
      |     ^
/Library/Developer/CommandLineTools/SDKs/MacOSX.sdk/System/Library/Frameworks/Ruby.framework/Versions/2.6/usr/include/ruby-2.6.0/ruby/ruby.h:413:29: note: expanded from macro 'ID2SYM'
  413 | #define ID2SYM(x) RB_ID2SYM(x)
      |                             ^
/Library/Developer/CommandLineTools/SDKs/MacOSX.sdk/System/Library/Frameworks/Ruby.framework/Versions/2.6/usr/include/ruby-2.6.0/ruby/ruby.h:408:33: note: expanded from macro 'RB_ID2SYM'
  408 | #define RB_ID2SYM(x) (rb_id2sym(x))
      |                                 ^
oj.c:1943:31: note: ')' token is here
 1943 |     ignore_under_sym = ID2SYM(rb_intern("ignore_under"));
      |                               ^~~~~~~~~~~~~~~~~~~~~~~~~
/Library/Developer/CommandLineTools/SDKs/MacOSX.sdk/System/Library/Frameworks/Ruby.framework/Versions/2.6/usr/include/ruby-2.6.0/ruby/ruby.h:1826:56: note: expanded from macro 'rb_intern'
 1826 |         __extension__ (RUBY_CONST_ID_CACHE((ID), (str))) : \
      |                                                        ^
/Library/Developer/CommandLineTools/SDKs/MacOSX.sdk/System/Library/Frameworks/Ruby.framework/Versions/2.6/usr/include/ruby-2.6.0/ruby/ruby.h:413:29: note: expanded from macro 'ID2SYM'
  413 | #define ID2SYM(x) RB_ID2SYM(x)
      |                             ^
/Library/Developer/CommandLineTools/SDKs/MacOSX.sdk/System/Library/Frameworks/Ruby.framework/Versions/2.6/usr/include/ruby-2.6.0/ruby/ruby.h:408:33: note: expanded from macro 'RB_ID2SYM'
  408 | #define RB_ID2SYM(x) (rb_id2sym(x))
      |                                 ^
oj.c:1945:23: warning: '(' and '{' tokens introducing statement expression appear in different macro expansion contexts [-Wcompound-token-split-by-macro]
 1945 |     json_sym = ID2SYM(rb_intern("json"));
      |                       ^~~~~~~~~~~~~~~~~
/Library/Developer/CommandLineTools/SDKs/MacOSX.sdk/System/Library/Frameworks/Ruby.framework/Versions/2.6/usr/include/ruby-2.6.0/ruby/ruby.h:1826:23: note: expanded from macro 'rb_intern'
 1826 |         __extension__ (RUBY_CONST_ID_CACHE((ID), (str))) : \
      |                       ^
/Library/Developer/CommandLineTools/SDKs/MacOSX.sdk/System/Library/Frameworks/Ruby.framework/Versions/2.6/usr/include/ruby-2.6.0/ruby/ruby.h:413:29: note: expanded from macro 'ID2SYM'
  413 | #define ID2SYM(x) RB_ID2SYM(x)
      |                             ^
/Library/Developer/CommandLineTools/SDKs/MacOSX.sdk/System/Library/Frameworks/Ruby.framework/Versions/2.6/usr/include/ruby-2.6.0/ruby/ruby.h:408:33: note: expanded from macro 'RB_ID2SYM'
  408 | #define RB_ID2SYM(x) (rb_id2sym(x))
      |                                 ^
oj.c:1945:23: note: '{' token is here
 1945 |     json_sym = ID2SYM(rb_intern("json"));
      |                       ^~~~~~~~~~~~~~~~~
/Library/Developer/CommandLineTools/SDKs/MacOSX.sdk/System/Library/Frameworks/Ruby.framework/Versions/2.6/usr/include/ruby-2.6.0/ruby/ruby.h:1826:24: note: expanded from macro 'rb_intern'
 1826 |         __extension__ (RUBY_CONST_ID_CACHE((ID), (str))) : \
      |                        ^~~~~~~~~~~~~~~~~~~~~~~~~~~~~~~~
/Library/Developer/CommandLineTools/SDKs/MacOSX.sdk/System/Library/Frameworks/Ruby.framework/Versions/2.6/usr/include/ruby-2.6.0/ruby/ruby.h:1811:5: note: expanded from macro 'RUBY_CONST_ID_CACHE'
 1811 |     {                                                   \
      |     ^
/Library/Developer/CommandLineTools/SDKs/MacOSX.sdk/System/Library/Frameworks/Ruby.framework/Versions/2.6/usr/include/ruby-2.6.0/ruby/ruby.h:413:29: note: expanded from macro 'ID2SYM'
  413 | #define ID2SYM(x) RB_ID2SYM(x)
      |                             ^
/Library/Developer/CommandLineTools/SDKs/MacOSX.sdk/System/Library/Frameworks/Ruby.framework/Versions/2.6/usr/include/ruby-2.6.0/ruby/ruby.h:408:33: note: expanded from macro 'RB_ID2SYM'
  408 | #define RB_ID2SYM(x) (rb_id2sym(x))
      |                                 ^
oj.c:1945:23: warning: '}' and ')' tokens terminating statement expression appear in different macro expansion contexts [-Wcompound-token-split-by-macro]
 1945 |     json_sym = ID2SYM(rb_intern("json"));
      |                       ^~~~~~~~~~~~~~~~~
/Library/Developer/CommandLineTools/SDKs/MacOSX.sdk/System/Library/Frameworks/Ruby.framework/Versions/2.6/usr/include/ruby-2.6.0/ruby/ruby.h:1826:24: note: expanded from macro 'rb_intern'
 1826 |         __extension__ (RUBY_CONST_ID_CACHE((ID), (str))) : \
      |                        ^~~~~~~~~~~~~~~~~~~~~~~~~~~~~~~~
/Library/Developer/CommandLineTools/SDKs/MacOSX.sdk/System/Library/Frameworks/Ruby.framework/Versions/2.6/usr/include/ruby-2.6.0/ruby/ruby.h:1816:5: note: expanded from macro 'RUBY_CONST_ID_CACHE'
 1816 |     }
      |     ^
/Library/Developer/CommandLineTools/SDKs/MacOSX.sdk/System/Library/Frameworks/Ruby.framework/Versions/2.6/usr/include/ruby-2.6.0/ruby/ruby.h:413:29: note: expanded from macro 'ID2SYM'
  413 | #define ID2SYM(x) RB_ID2SYM(x)
      |                             ^
/Library/Developer/CommandLineTools/SDKs/MacOSX.sdk/System/Library/Frameworks/Ruby.framework/Versions/2.6/usr/include/ruby-2.6.0/ruby/ruby.h:408:33: note: expanded from macro 'RB_ID2SYM'
  408 | #define RB_ID2SYM(x) (rb_id2sym(x))
      |                                 ^
oj.c:1945:23: note: ')' token is here
 1945 |     json_sym = ID2SYM(rb_intern("json"));
      |                       ^~~~~~~~~~~~~~~~~
/Library/Developer/CommandLineTools/SDKs/MacOSX.sdk/System/Library/Frameworks/Ruby.framework/Versions/2.6/usr/include/ruby-2.6.0/ruby/ruby.h:1826:56: note: expanded from macro 'rb_intern'
 1826 |         __extension__ (RUBY_CONST_ID_CACHE((ID), (str))) : \
      |                                                        ^
/Library/Developer/CommandLineTools/SDKs/MacOSX.sdk/System/Library/Frameworks/Ruby.framework/Versions/2.6/usr/include/ruby-2.6.0/ruby/ruby.h:413:29: note: expanded from macro 'ID2SYM'
  413 | #define ID2SYM(x) RB_ID2SYM(x)
      |                             ^
/Library/Developer/CommandLineTools/SDKs/MacOSX.sdk/System/Library/Frameworks/Ruby.framework/Versions/2.6/usr/include/ruby-2.6.0/ruby/ruby.h:408:33: note: expanded from macro 'RB_ID2SYM'
  408 | #define RB_ID2SYM(x) (rb_id2sym(x))
      |                                 ^
oj.c:1947:31: warning: '(' and '{' tokens introducing statement expression appear in different macro expansion contexts [-Wcompound-token-split-by-macro]
 1947 |     match_string_sym = ID2SYM(rb_intern("match_string"));
      |                               ^~~~~~~~~~~~~~~~~~~~~~~~~
/Library/Developer/CommandLineTools/SDKs/MacOSX.sdk/System/Library/Frameworks/Ruby.framework/Versions/2.6/usr/include/ruby-2.6.0/ruby/ruby.h:1826:23: note: expanded from macro 'rb_intern'
 1826 |         __extension__ (RUBY_CONST_ID_CACHE((ID), (str))) : \
      |                       ^
/Library/Developer/CommandLineTools/SDKs/MacOSX.sdk/System/Library/Frameworks/Ruby.framework/Versions/2.6/usr/include/ruby-2.6.0/ruby/ruby.h:413:29: note: expanded from macro 'ID2SYM'
  413 | #define ID2SYM(x) RB_ID2SYM(x)
      |                             ^
/Library/Developer/CommandLineTools/SDKs/MacOSX.sdk/System/Library/Frameworks/Ruby.framework/Versions/2.6/usr/include/ruby-2.6.0/ruby/ruby.h:408:33: note: expanded from macro 'RB_ID2SYM'
  408 | #define RB_ID2SYM(x) (rb_id2sym(x))
      |                                 ^
oj.c:1947:31: note: '{' token is here
 1947 |     match_string_sym = ID2SYM(rb_intern("match_string"));
      |                               ^~~~~~~~~~~~~~~~~~~~~~~~~
/Library/Developer/CommandLineTools/SDKs/MacOSX.sdk/System/Library/Frameworks/Ruby.framework/Versions/2.6/usr/include/ruby-2.6.0/ruby/ruby.h:1826:24: note: expanded from macro 'rb_intern'
 1826 |         __extension__ (RUBY_CONST_ID_CACHE((ID), (str))) : \
      |                        ^~~~~~~~~~~~~~~~~~~~~~~~~~~~~~~~
/Library/Developer/CommandLineTools/SDKs/MacOSX.sdk/System/Library/Frameworks/Ruby.framework/Versions/2.6/usr/include/ruby-2.6.0/ruby/ruby.h:1811:5: note: expanded from macro 'RUBY_CONST_ID_CACHE'
 1811 |     {                                                   \
      |     ^
/Library/Developer/CommandLineTools/SDKs/MacOSX.sdk/System/Library/Frameworks/Ruby.framework/Versions/2.6/usr/include/ruby-2.6.0/ruby/ruby.h:413:29: note: expanded from macro 'ID2SYM'
  413 | #define ID2SYM(x) RB_ID2SYM(x)
      |                             ^
/Library/Developer/CommandLineTools/SDKs/MacOSX.sdk/System/Library/Frameworks/Ruby.framework/Versions/2.6/usr/include/ruby-2.6.0/ruby/ruby.h:408:33: note: expanded from macro 'RB_ID2SYM'
  408 | #define RB_ID2SYM(x) (rb_id2sym(x))
      |                                 ^
oj.c:1947:31: warning: '}' and ')' tokens terminating statement expression appear in different macro expansion contexts [-Wcompound-token-split-by-macro]
 1947 |     match_string_sym = ID2SYM(rb_intern("match_string"));
      |                               ^~~~~~~~~~~~~~~~~~~~~~~~~
/Library/Developer/CommandLineTools/SDKs/MacOSX.sdk/System/Library/Frameworks/Ruby.framework/Versions/2.6/usr/include/ruby-2.6.0/ruby/ruby.h:1826:24: note: expanded from macro 'rb_intern'
 1826 |         __extension__ (RUBY_CONST_ID_CACHE((ID), (str))) : \
      |                        ^~~~~~~~~~~~~~~~~~~~~~~~~~~~~~~~
/Library/Developer/CommandLineTools/SDKs/MacOSX.sdk/System/Library/Frameworks/Ruby.framework/Versions/2.6/usr/include/ruby-2.6.0/ruby/ruby.h:1816:5: note: expanded from macro 'RUBY_CONST_ID_CACHE'
 1816 |     }
      |     ^
/Library/Developer/CommandLineTools/SDKs/MacOSX.sdk/System/Library/Frameworks/Ruby.framework/Versions/2.6/usr/include/ruby-2.6.0/ruby/ruby.h:413:29: note: expanded from macro 'ID2SYM'
  413 | #define ID2SYM(x) RB_ID2SYM(x)
      |                             ^
/Library/Developer/CommandLineTools/SDKs/MacOSX.sdk/System/Library/Frameworks/Ruby.framework/Versions/2.6/usr/include/ruby-2.6.0/ruby/ruby.h:408:33: note: expanded from macro 'RB_ID2SYM'
  408 | #define RB_ID2SYM(x) (rb_id2sym(x))
      |                                 ^
oj.c:1947:31: note: ')' token is here
 1947 |     match_string_sym = ID2SYM(rb_intern("match_string"));
      |                               ^~~~~~~~~~~~~~~~~~~~~~~~~
/Library/Developer/CommandLineTools/SDKs/MacOSX.sdk/System/Library/Frameworks/Ruby.framework/Versions/2.6/usr/include/ruby-2.6.0/ruby/ruby.h:1826:56: note: expanded from macro 'rb_intern'
 1826 |         __extension__ (RUBY_CONST_ID_CACHE((ID), (str))) : \
      |                                                        ^
/Library/Developer/CommandLineTools/SDKs/MacOSX.sdk/System/Library/Frameworks/Ruby.framework/Versions/2.6/usr/include/ruby-2.6.0/ruby/ruby.h:413:29: note: expanded from macro 'ID2SYM'
  413 | #define ID2SYM(x) RB_ID2SYM(x)
      |                             ^
/Library/Developer/CommandLineTools/SDKs/MacOSX.sdk/System/Library/Frameworks/Ruby.framework/Versions/2.6/usr/include/ruby-2.6.0/ruby/ruby.h:408:33: note: expanded from macro 'RB_ID2SYM'
  408 | #define RB_ID2SYM(x) (rb_id2sym(x))
      |                                 ^
oj.c:1949:23: warning: '(' and '{' tokens introducing statement expression appear in different macro expansion contexts [-Wcompound-token-split-by-macro]
 1949 |     mode_sym = ID2SYM(rb_intern("mode"));
      |                       ^~~~~~~~~~~~~~~~~
/Library/Developer/CommandLineTools/SDKs/MacOSX.sdk/System/Library/Frameworks/Ruby.framework/Versions/2.6/usr/include/ruby-2.6.0/ruby/ruby.h:1826:23: note: expanded from macro 'rb_intern'
 1826 |         __extension__ (RUBY_CONST_ID_CACHE((ID), (str))) : \
      |                       ^
/Library/Developer/CommandLineTools/SDKs/MacOSX.sdk/System/Library/Frameworks/Ruby.framework/Versions/2.6/usr/include/ruby-2.6.0/ruby/ruby.h:413:29: note: expanded from macro 'ID2SYM'
  413 | #define ID2SYM(x) RB_ID2SYM(x)
      |                             ^
/Library/Developer/CommandLineTools/SDKs/MacOSX.sdk/System/Library/Frameworks/Ruby.framework/Versions/2.6/usr/include/ruby-2.6.0/ruby/ruby.h:408:33: note: expanded from macro 'RB_ID2SYM'
  408 | #define RB_ID2SYM(x) (rb_id2sym(x))
      |                                 ^
oj.c:1949:23: note: '{' token is here
 1949 |     mode_sym = ID2SYM(rb_intern("mode"));
      |                       ^~~~~~~~~~~~~~~~~
/Library/Developer/CommandLineTools/SDKs/MacOSX.sdk/System/Library/Frameworks/Ruby.framework/Versions/2.6/usr/include/ruby-2.6.0/ruby/ruby.h:1826:24: note: expanded from macro 'rb_intern'
 1826 |         __extension__ (RUBY_CONST_ID_CACHE((ID), (str))) : \
      |                        ^~~~~~~~~~~~~~~~~~~~~~~~~~~~~~~~
/Library/Developer/CommandLineTools/SDKs/MacOSX.sdk/System/Library/Frameworks/Ruby.framework/Versions/2.6/usr/include/ruby-2.6.0/ruby/ruby.h:1811:5: note: expanded from macro 'RUBY_CONST_ID_CACHE'
 1811 |     {                                                   \
      |     ^
/Library/Developer/CommandLineTools/SDKs/MacOSX.sdk/System/Library/Frameworks/Ruby.framework/Versions/2.6/usr/include/ruby-2.6.0/ruby/ruby.h:413:29: note: expanded from macro 'ID2SYM'
  413 | #define ID2SYM(x) RB_ID2SYM(x)
      |                             ^
/Library/Developer/CommandLineTools/SDKs/MacOSX.sdk/System/Library/Frameworks/Ruby.framework/Versions/2.6/usr/include/ruby-2.6.0/ruby/ruby.h:408:33: note: expanded from macro 'RB_ID2SYM'
  408 | #define RB_ID2SYM(x) (rb_id2sym(x))
      |                                 ^
oj.c:1949:23: warning: '}' and ')' tokens terminating statement expression appear in different macro expansion contexts [-Wcompound-token-split-by-macro]
 1949 |     mode_sym = ID2SYM(rb_intern("mode"));
      |                       ^~~~~~~~~~~~~~~~~
/Library/Developer/CommandLineTools/SDKs/MacOSX.sdk/System/Library/Frameworks/Ruby.framework/Versions/2.6/usr/include/ruby-2.6.0/ruby/ruby.h:1826:24: note: expanded from macro 'rb_intern'
 1826 |         __extension__ (RUBY_CONST_ID_CACHE((ID), (str))) : \
      |                        ^~~~~~~~~~~~~~~~~~~~~~~~~~~~~~~~
/Library/Developer/CommandLineTools/SDKs/MacOSX.sdk/System/Library/Frameworks/Ruby.framework/Versions/2.6/usr/include/ruby-2.6.0/ruby/ruby.h:1816:5: note: expanded from macro 'RUBY_CONST_ID_CACHE'
 1816 |     }
      |     ^
/Library/Developer/CommandLineTools/SDKs/MacOSX.sdk/System/Library/Frameworks/Ruby.framework/Versions/2.6/usr/include/ruby-2.6.0/ruby/ruby.h:413:29: note: expanded from macro 'ID2SYM'
  413 | #define ID2SYM(x) RB_ID2SYM(x)
      |                             ^
/Library/Developer/CommandLineTools/SDKs/MacOSX.sdk/System/Library/Frameworks/Ruby.framework/Versions/2.6/usr/include/ruby-2.6.0/ruby/ruby.h:408:33: note: expanded from macro 'RB_ID2SYM'
  408 | #define RB_ID2SYM(x) (rb_id2sym(x))
      |                                 ^
oj.c:1949:23: note: ')' token is here
 1949 |     mode_sym = ID2SYM(rb_intern("mode"));
      |                       ^~~~~~~~~~~~~~~~~
/Library/Developer/CommandLineTools/SDKs/MacOSX.sdk/System/Library/Frameworks/Ruby.framework/Versions/2.6/usr/include/ruby-2.6.0/ruby/ruby.h:1826:56: note: expanded from macro 'rb_intern'
 1826 |         __extension__ (RUBY_CONST_ID_CACHE((ID), (str))) : \
      |                                                        ^
/Library/Developer/CommandLineTools/SDKs/MacOSX.sdk/System/Library/Frameworks/Ruby.framework/Versions/2.6/usr/include/ruby-2.6.0/ruby/ruby.h:413:29: note: expanded from macro 'ID2SYM'
  413 | #define ID2SYM(x) RB_ID2SYM(x)
      |                             ^
/Library/Developer/CommandLineTools/SDKs/MacOSX.sdk/System/Library/Frameworks/Ruby.framework/Versions/2.6/usr/include/ruby-2.6.0/ruby/ruby.h:408:33: note: expanded from macro 'RB_ID2SYM'
  408 | #define RB_ID2SYM(x) (rb_id2sym(x))
      |                                 ^
oj.c:1951:22: warning: '(' and '{' tokens introducing statement expression appear in different macro expansion contexts [-Wcompound-token-split-by-macro]
 1951 |     nan_sym = ID2SYM(rb_intern("nan"));
      |                      ^~~~~~~~~~~~~~~~
/Library/Developer/CommandLineTools/SDKs/MacOSX.sdk/System/Library/Frameworks/Ruby.framework/Versions/2.6/usr/include/ruby-2.6.0/ruby/ruby.h:1826:23: note: expanded from macro 'rb_intern'
 1826 |         __extension__ (RUBY_CONST_ID_CACHE((ID), (str))) : \
      |                       ^
/Library/Developer/CommandLineTools/SDKs/MacOSX.sdk/System/Library/Frameworks/Ruby.framework/Versions/2.6/usr/include/ruby-2.6.0/ruby/ruby.h:413:29: note: expanded from macro 'ID2SYM'
  413 | #define ID2SYM(x) RB_ID2SYM(x)
      |                             ^
/Library/Developer/CommandLineTools/SDKs/MacOSX.sdk/System/Library/Frameworks/Ruby.framework/Versions/2.6/usr/include/ruby-2.6.0/ruby/ruby.h:408:33: note: expanded from macro 'RB_ID2SYM'
  408 | #define RB_ID2SYM(x) (rb_id2sym(x))
      |                                 ^
oj.c:1951:22: note: '{' token is here
 1951 |     nan_sym = ID2SYM(rb_intern("nan"));
      |                      ^~~~~~~~~~~~~~~~
/Library/Developer/CommandLineTools/SDKs/MacOSX.sdk/System/Library/Frameworks/Ruby.framework/Versions/2.6/usr/include/ruby-2.6.0/ruby/ruby.h:1826:24: note: expanded from macro 'rb_intern'
 1826 |         __extension__ (RUBY_CONST_ID_CACHE((ID), (str))) : \
      |                        ^~~~~~~~~~~~~~~~~~~~~~~~~~~~~~~~
/Library/Developer/CommandLineTools/SDKs/MacOSX.sdk/System/Library/Frameworks/Ruby.framework/Versions/2.6/usr/include/ruby-2.6.0/ruby/ruby.h:1811:5: note: expanded from macro 'RUBY_CONST_ID_CACHE'
 1811 |     {                                                   \
      |     ^
/Library/Developer/CommandLineTools/SDKs/MacOSX.sdk/System/Library/Frameworks/Ruby.framework/Versions/2.6/usr/include/ruby-2.6.0/ruby/ruby.h:413:29: note: expanded from macro 'ID2SYM'
  413 | #define ID2SYM(x) RB_ID2SYM(x)
      |                             ^
/Library/Developer/CommandLineTools/SDKs/MacOSX.sdk/System/Library/Frameworks/Ruby.framework/Versions/2.6/usr/include/ruby-2.6.0/ruby/ruby.h:408:33: note: expanded from macro 'RB_ID2SYM'
  408 | #define RB_ID2SYM(x) (rb_id2sym(x))
      |                                 ^
oj.c:1951:22: warning: '}' and ')' tokens terminating statement expression appear in different macro expansion contexts [-Wcompound-token-split-by-macro]
 1951 |     nan_sym = ID2SYM(rb_intern("nan"));
      |                      ^~~~~~~~~~~~~~~~
/Library/Developer/CommandLineTools/SDKs/MacOSX.sdk/System/Library/Frameworks/Ruby.framework/Versions/2.6/usr/include/ruby-2.6.0/ruby/ruby.h:1826:24: note: expanded from macro 'rb_intern'
 1826 |         __extension__ (RUBY_CONST_ID_CACHE((ID), (str))) : \
      |                        ^~~~~~~~~~~~~~~~~~~~~~~~~~~~~~~~
/Library/Developer/CommandLineTools/SDKs/MacOSX.sdk/System/Library/Frameworks/Ruby.framework/Versions/2.6/usr/include/ruby-2.6.0/ruby/ruby.h:1816:5: note: expanded from macro 'RUBY_CONST_ID_CACHE'
 1816 |     }
      |     ^
/Library/Developer/CommandLineTools/SDKs/MacOSX.sdk/System/Library/Frameworks/Ruby.framework/Versions/2.6/usr/include/ruby-2.6.0/ruby/ruby.h:413:29: note: expanded from macro 'ID2SYM'
  413 | #define ID2SYM(x) RB_ID2SYM(x)
      |                             ^
/Library/Developer/CommandLineTools/SDKs/MacOSX.sdk/System/Library/Frameworks/Ruby.framework/Versions/2.6/usr/include/ruby-2.6.0/ruby/ruby.h:408:33: note: expanded from macro 'RB_ID2SYM'
  408 | #define RB_ID2SYM(x) (rb_id2sym(x))
      |                                 ^
oj.c:1951:22: note: ')' token is here
 1951 |     nan_sym = ID2SYM(rb_intern("nan"));
      |                      ^~~~~~~~~~~~~~~~
/Library/Developer/CommandLineTools/SDKs/MacOSX.sdk/System/Library/Frameworks/Ruby.framework/Versions/2.6/usr/include/ruby-2.6.0/ruby/ruby.h:1826:56: note: expanded from macro 'rb_intern'
 1826 |         __extension__ (RUBY_CONST_ID_CACHE((ID), (str))) : \
      |                                                        ^
/Library/Developer/CommandLineTools/SDKs/MacOSX.sdk/System/Library/Frameworks/Ruby.framework/Versions/2.6/usr/include/ruby-2.6.0/ruby/ruby.h:413:29: note: expanded from macro 'ID2SYM'
  413 | #define ID2SYM(x) RB_ID2SYM(x)
      |                             ^
/Library/Developer/CommandLineTools/SDKs/MacOSX.sdk/System/Library/Frameworks/Ruby.framework/Versions/2.6/usr/include/ruby-2.6.0/ruby/ruby.h:408:33: note: expanded from macro 'RB_ID2SYM'
  408 | #define RB_ID2SYM(x) (rb_id2sym(x))
      |                                 ^
oj.c:1953:26: warning: '(' and '{' tokens introducing statement expression appear in different macro expansion contexts [-Wcompound-token-split-by-macro]
 1953 |     newline_sym = ID2SYM(rb_intern("newline"));
      |                          ^~~~~~~~~~~~~~~~~~~~
/Library/Developer/CommandLineTools/SDKs/MacOSX.sdk/System/Library/Frameworks/Ruby.framework/Versions/2.6/usr/include/ruby-2.6.0/ruby/ruby.h:1826:23: note: expanded from macro 'rb_intern'
 1826 |         __extension__ (RUBY_CONST_ID_CACHE((ID), (str))) : \
      |                       ^
/Library/Developer/CommandLineTools/SDKs/MacOSX.sdk/System/Library/Frameworks/Ruby.framework/Versions/2.6/usr/include/ruby-2.6.0/ruby/ruby.h:413:29: note: expanded from macro 'ID2SYM'
  413 | #define ID2SYM(x) RB_ID2SYM(x)
      |                             ^
/Library/Developer/CommandLineTools/SDKs/MacOSX.sdk/System/Library/Frameworks/Ruby.framework/Versions/2.6/usr/include/ruby-2.6.0/ruby/ruby.h:408:33: note: expanded from macro 'RB_ID2SYM'
  408 | #define RB_ID2SYM(x) (rb_id2sym(x))
      |                                 ^
oj.c:1953:26: note: '{' token is here
 1953 |     newline_sym = ID2SYM(rb_intern("newline"));
      |                          ^~~~~~~~~~~~~~~~~~~~
/Library/Developer/CommandLineTools/SDKs/MacOSX.sdk/System/Library/Frameworks/Ruby.framework/Versions/2.6/usr/include/ruby-2.6.0/ruby/ruby.h:1826:24: note: expanded from macro 'rb_intern'
 1826 |         __extension__ (RUBY_CONST_ID_CACHE((ID), (str))) : \
      |                        ^~~~~~~~~~~~~~~~~~~~~~~~~~~~~~~~
/Library/Developer/CommandLineTools/SDKs/MacOSX.sdk/System/Library/Frameworks/Ruby.framework/Versions/2.6/usr/include/ruby-2.6.0/ruby/ruby.h:1811:5: note: expanded from macro 'RUBY_CONST_ID_CACHE'
 1811 |     {                                                   \
      |     ^
/Library/Developer/CommandLineTools/SDKs/MacOSX.sdk/System/Library/Frameworks/Ruby.framework/Versions/2.6/usr/include/ruby-2.6.0/ruby/ruby.h:413:29: note: expanded from macro 'ID2SYM'
  413 | #define ID2SYM(x) RB_ID2SYM(x)
      |                             ^
/Library/Developer/CommandLineTools/SDKs/MacOSX.sdk/System/Library/Frameworks/Ruby.framework/Versions/2.6/usr/include/ruby-2.6.0/ruby/ruby.h:408:33: note: expanded from macro 'RB_ID2SYM'
  408 | #define RB_ID2SYM(x) (rb_id2sym(x))
      |                                 ^
oj.c:1953:26: warning: '}' and ')' tokens terminating statement expression appear in different macro expansion contexts [-Wcompound-token-split-by-macro]
 1953 |     newline_sym = ID2SYM(rb_intern("newline"));
      |                          ^~~~~~~~~~~~~~~~~~~~
/Library/Developer/CommandLineTools/SDKs/MacOSX.sdk/System/Library/Frameworks/Ruby.framework/Versions/2.6/usr/include/ruby-2.6.0/ruby/ruby.h:1826:24: note: expanded from macro 'rb_intern'
 1826 |         __extension__ (RUBY_CONST_ID_CACHE((ID), (str))) : \
      |                        ^~~~~~~~~~~~~~~~~~~~~~~~~~~~~~~~
/Library/Developer/CommandLineTools/SDKs/MacOSX.sdk/System/Library/Frameworks/Ruby.framework/Versions/2.6/usr/include/ruby-2.6.0/ruby/ruby.h:1816:5: note: expanded from macro 'RUBY_CONST_ID_CACHE'
 1816 |     }
      |     ^
/Library/Developer/CommandLineTools/SDKs/MacOSX.sdk/System/Library/Frameworks/Ruby.framework/Versions/2.6/usr/include/ruby-2.6.0/ruby/ruby.h:413:29: note: expanded from macro 'ID2SYM'
  413 | #define ID2SYM(x) RB_ID2SYM(x)
      |                             ^
/Library/Developer/CommandLineTools/SDKs/MacOSX.sdk/System/Library/Frameworks/Ruby.framework/Versions/2.6/usr/include/ruby-2.6.0/ruby/ruby.h:408:33: note: expanded from macro 'RB_ID2SYM'
  408 | #define RB_ID2SYM(x) (rb_id2sym(x))
      |                                 ^
oj.c:1953:26: note: ')' token is here
 1953 |     newline_sym = ID2SYM(rb_intern("newline"));
      |                          ^~~~~~~~~~~~~~~~~~~~
/Library/Developer/CommandLineTools/SDKs/MacOSX.sdk/System/Library/Frameworks/Ruby.framework/Versions/2.6/usr/include/ruby-2.6.0/ruby/ruby.h:1826:56: note: expanded from macro 'rb_intern'
 1826 |         __extension__ (RUBY_CONST_ID_CACHE((ID), (str))) : \
      |                                                        ^
/Library/Developer/CommandLineTools/SDKs/MacOSX.sdk/System/Library/Frameworks/Ruby.framework/Versions/2.6/usr/include/ruby-2.6.0/ruby/ruby.h:413:29: note: expanded from macro 'ID2SYM'
  413 | #define ID2SYM(x) RB_ID2SYM(x)
      |                             ^
/Library/Developer/CommandLineTools/SDKs/MacOSX.sdk/System/Library/Frameworks/Ruby.framework/Versions/2.6/usr/include/ruby-2.6.0/ruby/ruby.h:408:33: note: expanded from macro 'RB_ID2SYM'
  408 | #define RB_ID2SYM(x) (rb_id2sym(x))
      |                                 ^
oj.c:1955:25: warning: '(' and '{' tokens introducing statement expression appear in different macro expansion contexts [-Wcompound-token-split-by-macro]
 1955 |     nilnil_sym = ID2SYM(rb_intern("nilnil"));
      |                         ^~~~~~~~~~~~~~~~~~~
/Library/Developer/CommandLineTools/SDKs/MacOSX.sdk/System/Library/Frameworks/Ruby.framework/Versions/2.6/usr/include/ruby-2.6.0/ruby/ruby.h:1826:23: note: expanded from macro 'rb_intern'
 1826 |         __extension__ (RUBY_CONST_ID_CACHE((ID), (str))) : \
      |                       ^
/Library/Developer/CommandLineTools/SDKs/MacOSX.sdk/System/Library/Frameworks/Ruby.framework/Versions/2.6/usr/include/ruby-2.6.0/ruby/ruby.h:413:29: note: expanded from macro 'ID2SYM'
  413 | #define ID2SYM(x) RB_ID2SYM(x)
      |                             ^
/Library/Developer/CommandLineTools/SDKs/MacOSX.sdk/System/Library/Frameworks/Ruby.framework/Versions/2.6/usr/include/ruby-2.6.0/ruby/ruby.h:408:33: note: expanded from macro 'RB_ID2SYM'
  408 | #define RB_ID2SYM(x) (rb_id2sym(x))
      |                                 ^
oj.c:1955:25: note: '{' token is here
 1955 |     nilnil_sym = ID2SYM(rb_intern("nilnil"));
      |                         ^~~~~~~~~~~~~~~~~~~
/Library/Developer/CommandLineTools/SDKs/MacOSX.sdk/System/Library/Frameworks/Ruby.framework/Versions/2.6/usr/include/ruby-2.6.0/ruby/ruby.h:1826:24: note: expanded from macro 'rb_intern'
 1826 |         __extension__ (RUBY_CONST_ID_CACHE((ID), (str))) : \
      |                        ^~~~~~~~~~~~~~~~~~~~~~~~~~~~~~~~
/Library/Developer/CommandLineTools/SDKs/MacOSX.sdk/System/Library/Frameworks/Ruby.framework/Versions/2.6/usr/include/ruby-2.6.0/ruby/ruby.h:1811:5: note: expanded from macro 'RUBY_CONST_ID_CACHE'
 1811 |     {                                                   \
      |     ^
/Library/Developer/CommandLineTools/SDKs/MacOSX.sdk/System/Library/Frameworks/Ruby.framework/Versions/2.6/usr/include/ruby-2.6.0/ruby/ruby.h:413:29: note: expanded from macro 'ID2SYM'
  413 | #define ID2SYM(x) RB_ID2SYM(x)
      |                             ^
/Library/Developer/CommandLineTools/SDKs/MacOSX.sdk/System/Library/Frameworks/Ruby.framework/Versions/2.6/usr/include/ruby-2.6.0/ruby/ruby.h:408:33: note: expanded from macro 'RB_ID2SYM'
  408 | #define RB_ID2SYM(x) (rb_id2sym(x))
      |                                 ^
oj.c:1955:25: warning: '}' and ')' tokens terminating statement expression appear in different macro expansion contexts [-Wcompound-token-split-by-macro]
 1955 |     nilnil_sym = ID2SYM(rb_intern("nilnil"));
      |                         ^~~~~~~~~~~~~~~~~~~
/Library/Developer/CommandLineTools/SDKs/MacOSX.sdk/System/Library/Frameworks/Ruby.framework/Versions/2.6/usr/include/ruby-2.6.0/ruby/ruby.h:1826:24: note: expanded from macro 'rb_intern'
 1826 |         __extension__ (RUBY_CONST_ID_CACHE((ID), (str))) : \
      |                        ^~~~~~~~~~~~~~~~~~~~~~~~~~~~~~~~
/Library/Developer/CommandLineTools/SDKs/MacOSX.sdk/System/Library/Frameworks/Ruby.framework/Versions/2.6/usr/include/ruby-2.6.0/ruby/ruby.h:1816:5: note: expanded from macro 'RUBY_CONST_ID_CACHE'
 1816 |     }
      |     ^
/Library/Developer/CommandLineTools/SDKs/MacOSX.sdk/System/Library/Frameworks/Ruby.framework/Versions/2.6/usr/include/ruby-2.6.0/ruby/ruby.h:413:29: note: expanded from macro 'ID2SYM'
  413 | #define ID2SYM(x) RB_ID2SYM(x)
      |                             ^
/Library/Developer/CommandLineTools/SDKs/MacOSX.sdk/System/Library/Frameworks/Ruby.framework/Versions/2.6/usr/include/ruby-2.6.0/ruby/ruby.h:408:33: note: expanded from macro 'RB_ID2SYM'
  408 | #define RB_ID2SYM(x) (rb_id2sym(x))
      |                                 ^
oj.c:1955:25: note: ')' token is here
 1955 |     nilnil_sym = ID2SYM(rb_intern("nilnil"));
      |                         ^~~~~~~~~~~~~~~~~~~
/Library/Developer/CommandLineTools/SDKs/MacOSX.sdk/System/Library/Frameworks/Ruby.framework/Versions/2.6/usr/include/ruby-2.6.0/ruby/ruby.h:1826:56: note: expanded from macro 'rb_intern'
 1826 |         __extension__ (RUBY_CONST_ID_CACHE((ID), (str))) : \
      |                                                        ^
/Library/Developer/CommandLineTools/SDKs/MacOSX.sdk/System/Library/Frameworks/Ruby.framework/Versions/2.6/usr/include/ruby-2.6.0/ruby/ruby.h:413:29: note: expanded from macro 'ID2SYM'
  413 | #define ID2SYM(x) RB_ID2SYM(x)
      |                             ^
/Library/Developer/CommandLineTools/SDKs/MacOSX.sdk/System/Library/Frameworks/Ruby.framework/Versions/2.6/usr/include/ruby-2.6.0/ruby/ruby.h:408:33: note: expanded from macro 'RB_ID2SYM'
  408 | #define RB_ID2SYM(x) (rb_id2sym(x))
      |                                 ^
oj.c:1957:23: warning: '(' and '{' tokens introducing statement expression appear in different macro expansion contexts [-Wcompound-token-split-by-macro]
 1957 |     null_sym = ID2SYM(rb_intern("null"));
      |                       ^~~~~~~~~~~~~~~~~
/Library/Developer/CommandLineTools/SDKs/MacOSX.sdk/System/Library/Frameworks/Ruby.framework/Versions/2.6/usr/include/ruby-2.6.0/ruby/ruby.h:1826:23: note: expanded from macro 'rb_intern'
 1826 |         __extension__ (RUBY_CONST_ID_CACHE((ID), (str))) : \
      |                       ^
/Library/Developer/CommandLineTools/SDKs/MacOSX.sdk/System/Library/Frameworks/Ruby.framework/Versions/2.6/usr/include/ruby-2.6.0/ruby/ruby.h:413:29: note: expanded from macro 'ID2SYM'
  413 | #define ID2SYM(x) RB_ID2SYM(x)
      |                             ^
/Library/Developer/CommandLineTools/SDKs/MacOSX.sdk/System/Library/Frameworks/Ruby.framework/Versions/2.6/usr/include/ruby-2.6.0/ruby/ruby.h:408:33: note: expanded from macro 'RB_ID2SYM'
  408 | #define RB_ID2SYM(x) (rb_id2sym(x))
      |                                 ^
oj.c:1957:23: note: '{' token is here
 1957 |     null_sym = ID2SYM(rb_intern("null"));
      |                       ^~~~~~~~~~~~~~~~~
/Library/Developer/CommandLineTools/SDKs/MacOSX.sdk/System/Library/Frameworks/Ruby.framework/Versions/2.6/usr/include/ruby-2.6.0/ruby/ruby.h:1826:24: note: expanded from macro 'rb_intern'
 1826 |         __extension__ (RUBY_CONST_ID_CACHE((ID), (str))) : \
      |                        ^~~~~~~~~~~~~~~~~~~~~~~~~~~~~~~~
/Library/Developer/CommandLineTools/SDKs/MacOSX.sdk/System/Library/Frameworks/Ruby.framework/Versions/2.6/usr/include/ruby-2.6.0/ruby/ruby.h:1811:5: note: expanded from macro 'RUBY_CONST_ID_CACHE'
 1811 |     {                                                   \
      |     ^
/Library/Developer/CommandLineTools/SDKs/MacOSX.sdk/System/Library/Frameworks/Ruby.framework/Versions/2.6/usr/include/ruby-2.6.0/ruby/ruby.h:413:29: note: expanded from macro 'ID2SYM'
  413 | #define ID2SYM(x) RB_ID2SYM(x)
      |                             ^
/Library/Developer/CommandLineTools/SDKs/MacOSX.sdk/System/Library/Frameworks/Ruby.framework/Versions/2.6/usr/include/ruby-2.6.0/ruby/ruby.h:408:33: note: expanded from macro 'RB_ID2SYM'
  408 | #define RB_ID2SYM(x) (rb_id2sym(x))
      |                                 ^
oj.c:1957:23: warning: '}' and ')' tokens terminating statement expression appear in different macro expansion contexts [-Wcompound-token-split-by-macro]
 1957 |     null_sym = ID2SYM(rb_intern("null"));
      |                       ^~~~~~~~~~~~~~~~~
/Library/Developer/CommandLineTools/SDKs/MacOSX.sdk/System/Library/Frameworks/Ruby.framework/Versions/2.6/usr/include/ruby-2.6.0/ruby/ruby.h:1826:24: note: expanded from macro 'rb_intern'
 1826 |         __extension__ (RUBY_CONST_ID_CACHE((ID), (str))) : \
      |                        ^~~~~~~~~~~~~~~~~~~~~~~~~~~~~~~~
/Library/Developer/CommandLineTools/SDKs/MacOSX.sdk/System/Library/Frameworks/Ruby.framework/Versions/2.6/usr/include/ruby-2.6.0/ruby/ruby.h:1816:5: note: expanded from macro 'RUBY_CONST_ID_CACHE'
 1816 |     }
      |     ^
/Library/Developer/CommandLineTools/SDKs/MacOSX.sdk/System/Library/Frameworks/Ruby.framework/Versions/2.6/usr/include/ruby-2.6.0/ruby/ruby.h:413:29: note: expanded from macro 'ID2SYM'
  413 | #define ID2SYM(x) RB_ID2SYM(x)
      |                             ^
/Library/Developer/CommandLineTools/SDKs/MacOSX.sdk/System/Library/Frameworks/Ruby.framework/Versions/2.6/usr/include/ruby-2.6.0/ruby/ruby.h:408:33: note: expanded from macro 'RB_ID2SYM'
  408 | #define RB_ID2SYM(x) (rb_id2sym(x))
      |                                 ^
oj.c:1957:23: note: ')' token is here
 1957 |     null_sym = ID2SYM(rb_intern("null"));
      |                       ^~~~~~~~~~~~~~~~~
/Library/Developer/CommandLineTools/SDKs/MacOSX.sdk/System/Library/Frameworks/Ruby.framework/Versions/2.6/usr/include/ruby-2.6.0/ruby/ruby.h:1826:56: note: expanded from macro 'rb_intern'
 1826 |         __extension__ (RUBY_CONST_ID_CACHE((ID), (str))) : \
      |                                                        ^
/Library/Developer/CommandLineTools/SDKs/MacOSX.sdk/System/Library/Frameworks/Ruby.framework/Versions/2.6/usr/include/ruby-2.6.0/ruby/ruby.h:413:29: note: expanded from macro 'ID2SYM'
  413 | #define ID2SYM(x) RB_ID2SYM(x)
      |                             ^
/Library/Developer/CommandLineTools/SDKs/MacOSX.sdk/System/Library/Frameworks/Ruby.framework/Versions/2.6/usr/include/ruby-2.6.0/ruby/ruby.h:408:33: note: expanded from macro 'RB_ID2SYM'
  408 | #define RB_ID2SYM(x) (rb_id2sym(x))
      |                                 ^
oj.c:1959:25: warning: '(' and '{' tokens introducing statement expression appear in different macro expansion contexts [-Wcompound-token-split-by-macro]
 1959 |     object_sym = ID2SYM(rb_intern("object"));
      |                         ^~~~~~~~~~~~~~~~~~~
/Library/Developer/CommandLineTools/SDKs/MacOSX.sdk/System/Library/Frameworks/Ruby.framework/Versions/2.6/usr/include/ruby-2.6.0/ruby/ruby.h:1826:23: note: expanded from macro 'rb_intern'
 1826 |         __extension__ (RUBY_CONST_ID_CACHE((ID), (str))) : \
      |                       ^
/Library/Developer/CommandLineTools/SDKs/MacOSX.sdk/System/Library/Frameworks/Ruby.framework/Versions/2.6/usr/include/ruby-2.6.0/ruby/ruby.h:413:29: note: expanded from macro 'ID2SYM'
  413 | #define ID2SYM(x) RB_ID2SYM(x)
      |                             ^
/Library/Developer/CommandLineTools/SDKs/MacOSX.sdk/System/Library/Frameworks/Ruby.framework/Versions/2.6/usr/include/ruby-2.6.0/ruby/ruby.h:408:33: note: expanded from macro 'RB_ID2SYM'
  408 | #define RB_ID2SYM(x) (rb_id2sym(x))
      |                                 ^
oj.c:1959:25: note: '{' token is here
 1959 |     object_sym = ID2SYM(rb_intern("object"));
      |                         ^~~~~~~~~~~~~~~~~~~
/Library/Developer/CommandLineTools/SDKs/MacOSX.sdk/System/Library/Frameworks/Ruby.framework/Versions/2.6/usr/include/ruby-2.6.0/ruby/ruby.h:1826:24: note: expanded from macro 'rb_intern'
 1826 |         __extension__ (RUBY_CONST_ID_CACHE((ID), (str))) : \
      |                        ^~~~~~~~~~~~~~~~~~~~~~~~~~~~~~~~
/Library/Developer/CommandLineTools/SDKs/MacOSX.sdk/System/Library/Frameworks/Ruby.framework/Versions/2.6/usr/include/ruby-2.6.0/ruby/ruby.h:1811:5: note: expanded from macro 'RUBY_CONST_ID_CACHE'
 1811 |     {                                                   \
      |     ^
/Library/Developer/CommandLineTools/SDKs/MacOSX.sdk/System/Library/Frameworks/Ruby.framework/Versions/2.6/usr/include/ruby-2.6.0/ruby/ruby.h:413:29: note: expanded from macro 'ID2SYM'
  413 | #define ID2SYM(x) RB_ID2SYM(x)
      |                             ^
/Library/Developer/CommandLineTools/SDKs/MacOSX.sdk/System/Library/Frameworks/Ruby.framework/Versions/2.6/usr/include/ruby-2.6.0/ruby/ruby.h:408:33: note: expanded from macro 'RB_ID2SYM'
  408 | #define RB_ID2SYM(x) (rb_id2sym(x))
      |                                 ^
oj.c:1959:25: warning: '}' and ')' tokens terminating statement expression appear in different macro expansion contexts [-Wcompound-token-split-by-macro]
 1959 |     object_sym = ID2SYM(rb_intern("object"));
      |                         ^~~~~~~~~~~~~~~~~~~
/Library/Developer/CommandLineTools/SDKs/MacOSX.sdk/System/Library/Frameworks/Ruby.framework/Versions/2.6/usr/include/ruby-2.6.0/ruby/ruby.h:1826:24: note: expanded from macro 'rb_intern'
 1826 |         __extension__ (RUBY_CONST_ID_CACHE((ID), (str))) : \
      |                        ^~~~~~~~~~~~~~~~~~~~~~~~~~~~~~~~
/Library/Developer/CommandLineTools/SDKs/MacOSX.sdk/System/Library/Frameworks/Ruby.framework/Versions/2.6/usr/include/ruby-2.6.0/ruby/ruby.h:1816:5: note: expanded from macro 'RUBY_CONST_ID_CACHE'
 1816 |     }
      |     ^
/Library/Developer/CommandLineTools/SDKs/MacOSX.sdk/System/Library/Frameworks/Ruby.framework/Versions/2.6/usr/include/ruby-2.6.0/ruby/ruby.h:413:29: note: expanded from macro 'ID2SYM'
  413 | #define ID2SYM(x) RB_ID2SYM(x)
      |                             ^
/Library/Developer/CommandLineTools/SDKs/MacOSX.sdk/System/Library/Frameworks/Ruby.framework/Versions/2.6/usr/include/ruby-2.6.0/ruby/ruby.h:408:33: note: expanded from macro 'RB_ID2SYM'
  408 | #define RB_ID2SYM(x) (rb_id2sym(x))
      |                                 ^
oj.c:1959:25: note: ')' token is here
 1959 |     object_sym = ID2SYM(rb_intern("object"));
      |                         ^~~~~~~~~~~~~~~~~~~
/Library/Developer/CommandLineTools/SDKs/MacOSX.sdk/System/Library/Frameworks/Ruby.framework/Versions/2.6/usr/include/ruby-2.6.0/ruby/ruby.h:1826:56: note: expanded from macro 'rb_intern'
 1826 |         __extension__ (RUBY_CONST_ID_CACHE((ID), (str))) : \
      |                                                        ^
/Library/Developer/CommandLineTools/SDKs/MacOSX.sdk/System/Library/Frameworks/Ruby.framework/Versions/2.6/usr/include/ruby-2.6.0/ruby/ruby.h:413:29: note: expanded from macro 'ID2SYM'
  413 | #define ID2SYM(x) RB_ID2SYM(x)
      |                             ^
/Library/Developer/CommandLineTools/SDKs/MacOSX.sdk/System/Library/Frameworks/Ruby.framework/Versions/2.6/usr/include/ruby-2.6.0/ruby/ruby.h:408:33: note: expanded from macro 'RB_ID2SYM'
  408 | #define RB_ID2SYM(x) (rb_id2sym(x))
      |                                 ^
oj.c:1961:31: warning: '(' and '{' tokens introducing statement expression appear in different macro expansion contexts [-Wcompound-token-split-by-macro]
 1961 |     oj_allow_nan_sym = ID2SYM(rb_intern("allow_nan"));
      |                               ^~~~~~~~~~~~~~~~~~~~~~
/Library/Developer/CommandLineTools/SDKs/MacOSX.sdk/System/Library/Frameworks/Ruby.framework/Versions/2.6/usr/include/ruby-2.6.0/ruby/ruby.h:1826:23: note: expanded from macro 'rb_intern'
 1826 |         __extension__ (RUBY_CONST_ID_CACHE((ID), (str))) : \
      |                       ^
/Library/Developer/CommandLineTools/SDKs/MacOSX.sdk/System/Library/Frameworks/Ruby.framework/Versions/2.6/usr/include/ruby-2.6.0/ruby/ruby.h:413:29: note: expanded from macro 'ID2SYM'
  413 | #define ID2SYM(x) RB_ID2SYM(x)
      |                             ^
/Library/Developer/CommandLineTools/SDKs/MacOSX.sdk/System/Library/Frameworks/Ruby.framework/Versions/2.6/usr/include/ruby-2.6.0/ruby/ruby.h:408:33: note: expanded from macro 'RB_ID2SYM'
  408 | #define RB_ID2SYM(x) (rb_id2sym(x))
      |                                 ^
oj.c:1961:31: note: '{' token is here
 1961 |     oj_allow_nan_sym = ID2SYM(rb_intern("allow_nan"));
      |                               ^~~~~~~~~~~~~~~~~~~~~~
/Library/Developer/CommandLineTools/SDKs/MacOSX.sdk/System/Library/Frameworks/Ruby.framework/Versions/2.6/usr/include/ruby-2.6.0/ruby/ruby.h:1826:24: note: expanded from macro 'rb_intern'
 1826 |         __extension__ (RUBY_CONST_ID_CACHE((ID), (str))) : \
      |                        ^~~~~~~~~~~~~~~~~~~~~~~~~~~~~~~~
/Library/Developer/CommandLineTools/SDKs/MacOSX.sdk/System/Library/Frameworks/Ruby.framework/Versions/2.6/usr/include/ruby-2.6.0/ruby/ruby.h:1811:5: note: expanded from macro 'RUBY_CONST_ID_CACHE'
 1811 |     {                                                   \
      |     ^
/Library/Developer/CommandLineTools/SDKs/MacOSX.sdk/System/Library/Frameworks/Ruby.framework/Versions/2.6/usr/include/ruby-2.6.0/ruby/ruby.h:413:29: note: expanded from macro 'ID2SYM'
  413 | #define ID2SYM(x) RB_ID2SYM(x)
      |                             ^
/Library/Developer/CommandLineTools/SDKs/MacOSX.sdk/System/Library/Frameworks/Ruby.framework/Versions/2.6/usr/include/ruby-2.6.0/ruby/ruby.h:408:33: note: expanded from macro 'RB_ID2SYM'
  408 | #define RB_ID2SYM(x) (rb_id2sym(x))
      |                                 ^
oj.c:1961:31: warning: '}' and ')' tokens terminating statement expression appear in different macro expansion contexts [-Wcompound-token-split-by-macro]
 1961 |     oj_allow_nan_sym = ID2SYM(rb_intern("allow_nan"));
      |                               ^~~~~~~~~~~~~~~~~~~~~~
/Library/Developer/CommandLineTools/SDKs/MacOSX.sdk/System/Library/Frameworks/Ruby.framework/Versions/2.6/usr/include/ruby-2.6.0/ruby/ruby.h:1826:24: note: expanded from macro 'rb_intern'
 1826 |         __extension__ (RUBY_CONST_ID_CACHE((ID), (str))) : \
      |                        ^~~~~~~~~~~~~~~~~~~~~~~~~~~~~~~~
/Library/Developer/CommandLineTools/SDKs/MacOSX.sdk/System/Library/Frameworks/Ruby.framework/Versions/2.6/usr/include/ruby-2.6.0/ruby/ruby.h:1816:5: note: expanded from macro 'RUBY_CONST_ID_CACHE'
 1816 |     }
      |     ^
/Library/Developer/CommandLineTools/SDKs/MacOSX.sdk/System/Library/Frameworks/Ruby.framework/Versions/2.6/usr/include/ruby-2.6.0/ruby/ruby.h:413:29: note: expanded from macro 'ID2SYM'
  413 | #define ID2SYM(x) RB_ID2SYM(x)
      |                             ^
/Library/Developer/CommandLineTools/SDKs/MacOSX.sdk/System/Library/Frameworks/Ruby.framework/Versions/2.6/usr/include/ruby-2.6.0/ruby/ruby.h:408:33: note: expanded from macro 'RB_ID2SYM'
  408 | #define RB_ID2SYM(x) (rb_id2sym(x))
      |                                 ^
oj.c:1961:31: note: ')' token is here
 1961 |     oj_allow_nan_sym = ID2SYM(rb_intern("allow_nan"));
      |                               ^~~~~~~~~~~~~~~~~~~~~~
/Library/Developer/CommandLineTools/SDKs/MacOSX.sdk/System/Library/Frameworks/Ruby.framework/Versions/2.6/usr/include/ruby-2.6.0/ruby/ruby.h:1826:56: note: expanded from macro 'rb_intern'
 1826 |         __extension__ (RUBY_CONST_ID_CACHE((ID), (str))) : \
      |                                                        ^
/Library/Developer/CommandLineTools/SDKs/MacOSX.sdk/System/Library/Frameworks/Ruby.framework/Versions/2.6/usr/include/ruby-2.6.0/ruby/ruby.h:413:29: note: expanded from macro 'ID2SYM'
  413 | #define ID2SYM(x) RB_ID2SYM(x)
      |                             ^
/Library/Developer/CommandLineTools/SDKs/MacOSX.sdk/System/Library/Frameworks/Ruby.framework/Versions/2.6/usr/include/ruby-2.6.0/ruby/ruby.h:408:33: note: expanded from macro 'RB_ID2SYM'
  408 | #define RB_ID2SYM(x) (rb_id2sym(x))
      |                                 ^
oj.c:1963:33: warning: '(' and '{' tokens introducing statement expression appear in different macro expansion contexts [-Wcompound-token-split-by-macro]
 1963 |     oj_array_class_sym = ID2SYM(rb_intern("array_class"));
      |                                 ^~~~~~~~~~~~~~~~~~~~~~~~
/Library/Developer/CommandLineTools/SDKs/MacOSX.sdk/System/Library/Frameworks/Ruby.framework/Versions/2.6/usr/include/ruby-2.6.0/ruby/ruby.h:1826:23: note: expanded from macro 'rb_intern'
 1826 |         __extension__ (RUBY_CONST_ID_CACHE((ID), (str))) : \
      |                       ^
/Library/Developer/CommandLineTools/SDKs/MacOSX.sdk/System/Library/Frameworks/Ruby.framework/Versions/2.6/usr/include/ruby-2.6.0/ruby/ruby.h:413:29: note: expanded from macro 'ID2SYM'
  413 | #define ID2SYM(x) RB_ID2SYM(x)
      |                             ^
/Library/Developer/CommandLineTools/SDKs/MacOSX.sdk/System/Library/Frameworks/Ruby.framework/Versions/2.6/usr/include/ruby-2.6.0/ruby/ruby.h:408:33: note: expanded from macro 'RB_ID2SYM'
  408 | #define RB_ID2SYM(x) (rb_id2sym(x))
      |                                 ^
oj.c:1963:33: note: '{' token is here
 1963 |     oj_array_class_sym = ID2SYM(rb_intern("array_class"));
      |                                 ^~~~~~~~~~~~~~~~~~~~~~~~
/Library/Developer/CommandLineTools/SDKs/MacOSX.sdk/System/Library/Frameworks/Ruby.framework/Versions/2.6/usr/include/ruby-2.6.0/ruby/ruby.h:1826:24: note: expanded from macro 'rb_intern'
 1826 |         __extension__ (RUBY_CONST_ID_CACHE((ID), (str))) : \
      |                        ^~~~~~~~~~~~~~~~~~~~~~~~~~~~~~~~
/Library/Developer/CommandLineTools/SDKs/MacOSX.sdk/System/Library/Frameworks/Ruby.framework/Versions/2.6/usr/include/ruby-2.6.0/ruby/ruby.h:1811:5: note: expanded from macro 'RUBY_CONST_ID_CACHE'
 1811 |     {                                                   \
      |     ^
/Library/Developer/CommandLineTools/SDKs/MacOSX.sdk/System/Library/Frameworks/Ruby.framework/Versions/2.6/usr/include/ruby-2.6.0/ruby/ruby.h:413:29: note: expanded from macro 'ID2SYM'
  413 | #define ID2SYM(x) RB_ID2SYM(x)
      |                             ^
/Library/Developer/CommandLineTools/SDKs/MacOSX.sdk/System/Library/Frameworks/Ruby.framework/Versions/2.6/usr/include/ruby-2.6.0/ruby/ruby.h:408:33: note: expanded from macro 'RB_ID2SYM'
  408 | #define RB_ID2SYM(x) (rb_id2sym(x))
      |                                 ^
oj.c:1963:33: warning: '}' and ')' tokens terminating statement expression appear in different macro expansion contexts [-Wcompound-token-split-by-macro]
 1963 |     oj_array_class_sym = ID2SYM(rb_intern("array_class"));
      |                                 ^~~~~~~~~~~~~~~~~~~~~~~~
/Library/Developer/CommandLineTools/SDKs/MacOSX.sdk/System/Library/Frameworks/Ruby.framework/Versions/2.6/usr/include/ruby-2.6.0/ruby/ruby.h:1826:24: note: expanded from macro 'rb_intern'
 1826 |         __extension__ (RUBY_CONST_ID_CACHE((ID), (str))) : \
      |                        ^~~~~~~~~~~~~~~~~~~~~~~~~~~~~~~~
/Library/Developer/CommandLineTools/SDKs/MacOSX.sdk/System/Library/Frameworks/Ruby.framework/Versions/2.6/usr/include/ruby-2.6.0/ruby/ruby.h:1816:5: note: expanded from macro 'RUBY_CONST_ID_CACHE'
 1816 |     }
      |     ^
/Library/Developer/CommandLineTools/SDKs/MacOSX.sdk/System/Library/Frameworks/Ruby.framework/Versions/2.6/usr/include/ruby-2.6.0/ruby/ruby.h:413:29: note: expanded from macro 'ID2SYM'
  413 | #define ID2SYM(x) RB_ID2SYM(x)
      |                             ^
/Library/Developer/CommandLineTools/SDKs/MacOSX.sdk/System/Library/Frameworks/Ruby.framework/Versions/2.6/usr/include/ruby-2.6.0/ruby/ruby.h:408:33: note: expanded from macro 'RB_ID2SYM'
  408 | #define RB_ID2SYM(x) (rb_id2sym(x))
      |                                 ^
oj.c:1963:33: note: ')' token is here
 1963 |     oj_array_class_sym = ID2SYM(rb_intern("array_class"));
      |                                 ^~~~~~~~~~~~~~~~~~~~~~~~
/Library/Developer/CommandLineTools/SDKs/MacOSX.sdk/System/Library/Frameworks/Ruby.framework/Versions/2.6/usr/include/ruby-2.6.0/ruby/ruby.h:1826:56: note: expanded from macro 'rb_intern'
 1826 |         __extension__ (RUBY_CONST_ID_CACHE((ID), (str))) : \
      |                                                        ^
/Library/Developer/CommandLineTools/SDKs/MacOSX.sdk/System/Library/Frameworks/Ruby.framework/Versions/2.6/usr/include/ruby-2.6.0/ruby/ruby.h:413:29: note: expanded from macro 'ID2SYM'
  413 | #define ID2SYM(x) RB_ID2SYM(x)
      |                             ^
/Library/Developer/CommandLineTools/SDKs/MacOSX.sdk/System/Library/Frameworks/Ruby.framework/Versions/2.6/usr/include/ruby-2.6.0/ruby/ruby.h:408:33: note: expanded from macro 'RB_ID2SYM'
  408 | #define RB_ID2SYM(x) (rb_id2sym(x))
      |                                 ^
oj.c:1965:30: warning: '(' and '{' tokens introducing statement expression appear in different macro expansion contexts [-Wcompound-token-split-by-macro]
 1965 |     oj_array_nl_sym = ID2SYM(rb_intern("array_nl"));
      |                              ^~~~~~~~~~~~~~~~~~~~~
/Library/Developer/CommandLineTools/SDKs/MacOSX.sdk/System/Library/Frameworks/Ruby.framework/Versions/2.6/usr/include/ruby-2.6.0/ruby/ruby.h:1826:23: note: expanded from macro 'rb_intern'
 1826 |         __extension__ (RUBY_CONST_ID_CACHE((ID), (str))) : \
      |                       ^
/Library/Developer/CommandLineTools/SDKs/MacOSX.sdk/System/Library/Frameworks/Ruby.framework/Versions/2.6/usr/include/ruby-2.6.0/ruby/ruby.h:413:29: note: expanded from macro 'ID2SYM'
  413 | #define ID2SYM(x) RB_ID2SYM(x)
      |                             ^
/Library/Developer/CommandLineTools/SDKs/MacOSX.sdk/System/Library/Frameworks/Ruby.framework/Versions/2.6/usr/include/ruby-2.6.0/ruby/ruby.h:408:33: note: expanded from macro 'RB_ID2SYM'
  408 | #define RB_ID2SYM(x) (rb_id2sym(x))
      |                                 ^
oj.c:1965:30: note: '{' token is here
 1965 |     oj_array_nl_sym = ID2SYM(rb_intern("array_nl"));
      |                              ^~~~~~~~~~~~~~~~~~~~~
/Library/Developer/CommandLineTools/SDKs/MacOSX.sdk/System/Library/Frameworks/Ruby.framework/Versions/2.6/usr/include/ruby-2.6.0/ruby/ruby.h:1826:24: note: expanded from macro 'rb_intern'
 1826 |         __extension__ (RUBY_CONST_ID_CACHE((ID), (str))) : \
      |                        ^~~~~~~~~~~~~~~~~~~~~~~~~~~~~~~~
/Library/Developer/CommandLineTools/SDKs/MacOSX.sdk/System/Library/Frameworks/Ruby.framework/Versions/2.6/usr/include/ruby-2.6.0/ruby/ruby.h:1811:5: note: expanded from macro 'RUBY_CONST_ID_CACHE'
 1811 |     {                                                   \
      |     ^
/Library/Developer/CommandLineTools/SDKs/MacOSX.sdk/System/Library/Frameworks/Ruby.framework/Versions/2.6/usr/include/ruby-2.6.0/ruby/ruby.h:413:29: note: expanded from macro 'ID2SYM'
  413 | #define ID2SYM(x) RB_ID2SYM(x)
      |                             ^
/Library/Developer/CommandLineTools/SDKs/MacOSX.sdk/System/Library/Frameworks/Ruby.framework/Versions/2.6/usr/include/ruby-2.6.0/ruby/ruby.h:408:33: note: expanded from macro 'RB_ID2SYM'
  408 | #define RB_ID2SYM(x) (rb_id2sym(x))
      |                                 ^
oj.c:1965:30: warning: '}' and ')' tokens terminating statement expression appear in different macro expansion contexts [-Wcompound-token-split-by-macro]
 1965 |     oj_array_nl_sym = ID2SYM(rb_intern("array_nl"));
      |                              ^~~~~~~~~~~~~~~~~~~~~
/Library/Developer/CommandLineTools/SDKs/MacOSX.sdk/System/Library/Frameworks/Ruby.framework/Versions/2.6/usr/include/ruby-2.6.0/ruby/ruby.h:1826:24: note: expanded from macro 'rb_intern'
 1826 |         __extension__ (RUBY_CONST_ID_CACHE((ID), (str))) : \
      |                        ^~~~~~~~~~~~~~~~~~~~~~~~~~~~~~~~
/Library/Developer/CommandLineTools/SDKs/MacOSX.sdk/System/Library/Frameworks/Ruby.framework/Versions/2.6/usr/include/ruby-2.6.0/ruby/ruby.h:1816:5: note: expanded from macro 'RUBY_CONST_ID_CACHE'
 1816 |     }
      |     ^
/Library/Developer/CommandLineTools/SDKs/MacOSX.sdk/System/Library/Frameworks/Ruby.framework/Versions/2.6/usr/include/ruby-2.6.0/ruby/ruby.h:413:29: note: expanded from macro 'ID2SYM'
  413 | #define ID2SYM(x) RB_ID2SYM(x)
      |                             ^
/Library/Developer/CommandLineTools/SDKs/MacOSX.sdk/System/Library/Frameworks/Ruby.framework/Versions/2.6/usr/include/ruby-2.6.0/ruby/ruby.h:408:33: note: expanded from macro 'RB_ID2SYM'
  408 | #define RB_ID2SYM(x) (rb_id2sym(x))
      |                                 ^
oj.c:1965:30: note: ')' token is here
 1965 |     oj_array_nl_sym = ID2SYM(rb_intern("array_nl"));
      |                              ^~~~~~~~~~~~~~~~~~~~~
/Library/Developer/CommandLineTools/SDKs/MacOSX.sdk/System/Library/Frameworks/Ruby.framework/Versions/2.6/usr/include/ruby-2.6.0/ruby/ruby.h:1826:56: note: expanded from macro 'rb_intern'
 1826 |         __extension__ (RUBY_CONST_ID_CACHE((ID), (str))) : \
      |                                                        ^
/Library/Developer/CommandLineTools/SDKs/MacOSX.sdk/System/Library/Frameworks/Ruby.framework/Versions/2.6/usr/include/ruby-2.6.0/ruby/ruby.h:413:29: note: expanded from macro 'ID2SYM'
  413 | #define ID2SYM(x) RB_ID2SYM(x)
      |                             ^
/Library/Developer/CommandLineTools/SDKs/MacOSX.sdk/System/Library/Frameworks/Ruby.framework/Versions/2.6/usr/include/ruby-2.6.0/ruby/ruby.h:408:33: note: expanded from macro 'RB_ID2SYM'
  408 | #define RB_ID2SYM(x) (rb_id2sym(x))
      |                                 ^
oj.c:1967:32: warning: '(' and '{' tokens introducing statement expression appear in different macro expansion contexts [-Wcompound-token-split-by-macro]
 1967 |     oj_ascii_only_sym = ID2SYM(rb_intern("ascii_only"));
      |                                ^~~~~~~~~~~~~~~~~~~~~~~
/Library/Developer/CommandLineTools/SDKs/MacOSX.sdk/System/Library/Frameworks/Ruby.framework/Versions/2.6/usr/include/ruby-2.6.0/ruby/ruby.h:1826:23: note: expanded from macro 'rb_intern'
 1826 |         __extension__ (RUBY_CONST_ID_CACHE((ID), (str))) : \
      |                       ^
/Library/Developer/CommandLineTools/SDKs/MacOSX.sdk/System/Library/Frameworks/Ruby.framework/Versions/2.6/usr/include/ruby-2.6.0/ruby/ruby.h:413:29: note: expanded from macro 'ID2SYM'
  413 | #define ID2SYM(x) RB_ID2SYM(x)
      |                             ^
/Library/Developer/CommandLineTools/SDKs/MacOSX.sdk/System/Library/Frameworks/Ruby.framework/Versions/2.6/usr/include/ruby-2.6.0/ruby/ruby.h:408:33: note: expanded from macro 'RB_ID2SYM'
  408 | #define RB_ID2SYM(x) (rb_id2sym(x))
      |                                 ^
oj.c:1967:32: note: '{' token is here
 1967 |     oj_ascii_only_sym = ID2SYM(rb_intern("ascii_only"));
      |                                ^~~~~~~~~~~~~~~~~~~~~~~
/Library/Developer/CommandLineTools/SDKs/MacOSX.sdk/System/Library/Frameworks/Ruby.framework/Versions/2.6/usr/include/ruby-2.6.0/ruby/ruby.h:1826:24: note: expanded from macro 'rb_intern'
 1826 |         __extension__ (RUBY_CONST_ID_CACHE((ID), (str))) : \
      |                        ^~~~~~~~~~~~~~~~~~~~~~~~~~~~~~~~
/Library/Developer/CommandLineTools/SDKs/MacOSX.sdk/System/Library/Frameworks/Ruby.framework/Versions/2.6/usr/include/ruby-2.6.0/ruby/ruby.h:1811:5: note: expanded from macro 'RUBY_CONST_ID_CACHE'
 1811 |     {                                                   \
      |     ^
/Library/Developer/CommandLineTools/SDKs/MacOSX.sdk/System/Library/Frameworks/Ruby.framework/Versions/2.6/usr/include/ruby-2.6.0/ruby/ruby.h:413:29: note: expanded from macro 'ID2SYM'
  413 | #define ID2SYM(x) RB_ID2SYM(x)
      |                             ^
/Library/Developer/CommandLineTools/SDKs/MacOSX.sdk/System/Library/Frameworks/Ruby.framework/Versions/2.6/usr/include/ruby-2.6.0/ruby/ruby.h:408:33: note: expanded from macro 'RB_ID2SYM'
  408 | #define RB_ID2SYM(x) (rb_id2sym(x))
      |                                 ^
oj.c:1967:32: warning: '}' and ')' tokens terminating statement expression appear in different macro expansion contexts [-Wcompound-token-split-by-macro]
 1967 |     oj_ascii_only_sym = ID2SYM(rb_intern("ascii_only"));
      |                                ^~~~~~~~~~~~~~~~~~~~~~~
/Library/Developer/CommandLineTools/SDKs/MacOSX.sdk/System/Library/Frameworks/Ruby.framework/Versions/2.6/usr/include/ruby-2.6.0/ruby/ruby.h:1826:24: note: expanded from macro 'rb_intern'
 1826 |         __extension__ (RUBY_CONST_ID_CACHE((ID), (str))) : \
      |                        ^~~~~~~~~~~~~~~~~~~~~~~~~~~~~~~~
/Library/Developer/CommandLineTools/SDKs/MacOSX.sdk/System/Library/Frameworks/Ruby.framework/Versions/2.6/usr/include/ruby-2.6.0/ruby/ruby.h:1816:5: note: expanded from macro 'RUBY_CONST_ID_CACHE'
 1816 |     }
      |     ^
/Library/Developer/CommandLineTools/SDKs/MacOSX.sdk/System/Library/Frameworks/Ruby.framework/Versions/2.6/usr/include/ruby-2.6.0/ruby/ruby.h:413:29: note: expanded from macro 'ID2SYM'
  413 | #define ID2SYM(x) RB_ID2SYM(x)
      |                             ^
/Library/Developer/CommandLineTools/SDKs/MacOSX.sdk/System/Library/Frameworks/Ruby.framework/Versions/2.6/usr/include/ruby-2.6.0/ruby/ruby.h:408:33: note: expanded from macro 'RB_ID2SYM'
  408 | #define RB_ID2SYM(x) (rb_id2sym(x))
      |                                 ^
oj.c:1967:32: note: ')' token is here
 1967 |     oj_ascii_only_sym = ID2SYM(rb_intern("ascii_only"));
      |                                ^~~~~~~~~~~~~~~~~~~~~~~
/Library/Developer/CommandLineTools/SDKs/MacOSX.sdk/System/Library/Frameworks/Ruby.framework/Versions/2.6/usr/include/ruby-2.6.0/ruby/ruby.h:1826:56: note: expanded from macro 'rb_intern'
 1826 |         __extension__ (RUBY_CONST_ID_CACHE((ID), (str))) : \
      |                                                        ^
/Library/Developer/CommandLineTools/SDKs/MacOSX.sdk/System/Library/Frameworks/Ruby.framework/Versions/2.6/usr/include/ruby-2.6.0/ruby/ruby.h:413:29: note: expanded from macro 'ID2SYM'
  413 | #define ID2SYM(x) RB_ID2SYM(x)
      |                             ^
/Library/Developer/CommandLineTools/SDKs/MacOSX.sdk/System/Library/Frameworks/Ruby.framework/Versions/2.6/usr/include/ruby-2.6.0/ruby/ruby.h:408:33: note: expanded from macro 'RB_ID2SYM'
  408 | #define RB_ID2SYM(x) (rb_id2sym(x))
      |                                 ^
oj.c:1969:38: warning: '(' and '{' tokens introducing statement expression appear in different macro expansion contexts [-Wcompound-token-split-by-macro]
 1969 |     oj_create_additions_sym = ID2SYM(rb_intern("create_additions"));
      |                                      ^~~~~~~~~~~~~~~~~~~~~~~~~~~~~
/Library/Developer/CommandLineTools/SDKs/MacOSX.sdk/System/Library/Frameworks/Ruby.framework/Versions/2.6/usr/include/ruby-2.6.0/ruby/ruby.h:1826:23: note: expanded from macro 'rb_intern'
 1826 |         __extension__ (RUBY_CONST_ID_CACHE((ID), (str))) : \
      |                       ^
/Library/Developer/CommandLineTools/SDKs/MacOSX.sdk/System/Library/Frameworks/Ruby.framework/Versions/2.6/usr/include/ruby-2.6.0/ruby/ruby.h:413:29: note: expanded from macro 'ID2SYM'
  413 | #define ID2SYM(x) RB_ID2SYM(x)
      |                             ^
/Library/Developer/CommandLineTools/SDKs/MacOSX.sdk/System/Library/Frameworks/Ruby.framework/Versions/2.6/usr/include/ruby-2.6.0/ruby/ruby.h:408:33: note: expanded from macro 'RB_ID2SYM'
  408 | #define RB_ID2SYM(x) (rb_id2sym(x))
      |                                 ^
oj.c:1969:38: note: '{' token is here
 1969 |     oj_create_additions_sym = ID2SYM(rb_intern("create_additions"));
      |                                      ^~~~~~~~~~~~~~~~~~~~~~~~~~~~~
/Library/Developer/CommandLineTools/SDKs/MacOSX.sdk/System/Library/Frameworks/Ruby.framework/Versions/2.6/usr/include/ruby-2.6.0/ruby/ruby.h:1826:24: note: expanded from macro 'rb_intern'
 1826 |         __extension__ (RUBY_CONST_ID_CACHE((ID), (str))) : \
      |                        ^~~~~~~~~~~~~~~~~~~~~~~~~~~~~~~~
/Library/Developer/CommandLineTools/SDKs/MacOSX.sdk/System/Library/Frameworks/Ruby.framework/Versions/2.6/usr/include/ruby-2.6.0/ruby/ruby.h:1811:5: note: expanded from macro 'RUBY_CONST_ID_CACHE'
 1811 |     {                                                   \
      |     ^
/Library/Developer/CommandLineTools/SDKs/MacOSX.sdk/System/Library/Frameworks/Ruby.framework/Versions/2.6/usr/include/ruby-2.6.0/ruby/ruby.h:413:29: note: expanded from macro 'ID2SYM'
  413 | #define ID2SYM(x) RB_ID2SYM(x)
      |                             ^
/Library/Developer/CommandLineTools/SDKs/MacOSX.sdk/System/Library/Frameworks/Ruby.framework/Versions/2.6/usr/include/ruby-2.6.0/ruby/ruby.h:408:33: note: expanded from macro 'RB_ID2SYM'
  408 | #define RB_ID2SYM(x) (rb_id2sym(x))
      |                                 ^
oj.c:1969:38: warning: '}' and ')' tokens terminating statement expression appear in different macro expansion contexts [-Wcompound-token-split-by-macro]
 1969 |     oj_create_additions_sym = ID2SYM(rb_intern("create_additions"));
      |                                      ^~~~~~~~~~~~~~~~~~~~~~~~~~~~~
/Library/Developer/CommandLineTools/SDKs/MacOSX.sdk/System/Library/Frameworks/Ruby.framework/Versions/2.6/usr/include/ruby-2.6.0/ruby/ruby.h:1826:24: note: expanded from macro 'rb_intern'
 1826 |         __extension__ (RUBY_CONST_ID_CACHE((ID), (str))) : \
      |                        ^~~~~~~~~~~~~~~~~~~~~~~~~~~~~~~~
/Library/Developer/CommandLineTools/SDKs/MacOSX.sdk/System/Library/Frameworks/Ruby.framework/Versions/2.6/usr/include/ruby-2.6.0/ruby/ruby.h:1816:5: note: expanded from macro 'RUBY_CONST_ID_CACHE'
 1816 |     }
      |     ^
/Library/Developer/CommandLineTools/SDKs/MacOSX.sdk/System/Library/Frameworks/Ruby.framework/Versions/2.6/usr/include/ruby-2.6.0/ruby/ruby.h:413:29: note: expanded from macro 'ID2SYM'
  413 | #define ID2SYM(x) RB_ID2SYM(x)
      |                             ^
/Library/Developer/CommandLineTools/SDKs/MacOSX.sdk/System/Library/Frameworks/Ruby.framework/Versions/2.6/usr/include/ruby-2.6.0/ruby/ruby.h:408:33: note: expanded from macro 'RB_ID2SYM'
  408 | #define RB_ID2SYM(x) (rb_id2sym(x))
      |                                 ^
oj.c:1969:38: note: ')' token is here
 1969 |     oj_create_additions_sym = ID2SYM(rb_intern("create_additions"));
      |                                      ^~~~~~~~~~~~~~~~~~~~~~~~~~~~~
/Library/Developer/CommandLineTools/SDKs/MacOSX.sdk/System/Library/Frameworks/Ruby.framework/Versions/2.6/usr/include/ruby-2.6.0/ruby/ruby.h:1826:56: note: expanded from macro 'rb_intern'
 1826 |         __extension__ (RUBY_CONST_ID_CACHE((ID), (str))) : \
      |                                                        ^
/Library/Developer/CommandLineTools/SDKs/MacOSX.sdk/System/Library/Frameworks/Ruby.framework/Versions/2.6/usr/include/ruby-2.6.0/ruby/ruby.h:413:29: note: expanded from macro 'ID2SYM'
  413 | #define ID2SYM(x) RB_ID2SYM(x)
      |                             ^
/Library/Developer/CommandLineTools/SDKs/MacOSX.sdk/System/Library/Frameworks/Ruby.framework/Versions/2.6/usr/include/ruby-2.6.0/ruby/ruby.h:408:33: note: expanded from macro 'RB_ID2SYM'
  408 | #define RB_ID2SYM(x) (rb_id2sym(x))
      |                                 ^
oj.c:1971:35: warning: '(' and '{' tokens introducing statement expression appear in different macro expansion contexts [-Wcompound-token-split-by-macro]
 1971 |     oj_decimal_class_sym = ID2SYM(rb_intern("decimal_class"));
      |                                   ^~~~~~~~~~~~~~~~~~~~~~~~~~
/Library/Developer/CommandLineTools/SDKs/MacOSX.sdk/System/Library/Frameworks/Ruby.framework/Versions/2.6/usr/include/ruby-2.6.0/ruby/ruby.h:1826:23: note: expanded from macro 'rb_intern'
 1826 |         __extension__ (RUBY_CONST_ID_CACHE((ID), (str))) : \
      |                       ^
/Library/Developer/CommandLineTools/SDKs/MacOSX.sdk/System/Library/Frameworks/Ruby.framework/Versions/2.6/usr/include/ruby-2.6.0/ruby/ruby.h:413:29: note: expanded from macro 'ID2SYM'
  413 | #define ID2SYM(x) RB_ID2SYM(x)
      |                             ^
/Library/Developer/CommandLineTools/SDKs/MacOSX.sdk/System/Library/Frameworks/Ruby.framework/Versions/2.6/usr/include/ruby-2.6.0/ruby/ruby.h:408:33: note: expanded from macro 'RB_ID2SYM'
  408 | #define RB_ID2SYM(x) (rb_id2sym(x))
      |                                 ^
oj.c:1971:35: note: '{' token is here
 1971 |     oj_decimal_class_sym = ID2SYM(rb_intern("decimal_class"));
      |                                   ^~~~~~~~~~~~~~~~~~~~~~~~~~
/Library/Developer/CommandLineTools/SDKs/MacOSX.sdk/System/Library/Frameworks/Ruby.framework/Versions/2.6/usr/include/ruby-2.6.0/ruby/ruby.h:1826:24: note: expanded from macro 'rb_intern'
 1826 |         __extension__ (RUBY_CONST_ID_CACHE((ID), (str))) : \
      |                        ^~~~~~~~~~~~~~~~~~~~~~~~~~~~~~~~
/Library/Developer/CommandLineTools/SDKs/MacOSX.sdk/System/Library/Frameworks/Ruby.framework/Versions/2.6/usr/include/ruby-2.6.0/ruby/ruby.h:1811:5: note: expanded from macro 'RUBY_CONST_ID_CACHE'
 1811 |     {                                                   \
      |     ^
/Library/Developer/CommandLineTools/SDKs/MacOSX.sdk/System/Library/Frameworks/Ruby.framework/Versions/2.6/usr/include/ruby-2.6.0/ruby/ruby.h:413:29: note: expanded from macro 'ID2SYM'
  413 | #define ID2SYM(x) RB_ID2SYM(x)
      |                             ^
/Library/Developer/CommandLineTools/SDKs/MacOSX.sdk/System/Library/Frameworks/Ruby.framework/Versions/2.6/usr/include/ruby-2.6.0/ruby/ruby.h:408:33: note: expanded from macro 'RB_ID2SYM'
  408 | #define RB_ID2SYM(x) (rb_id2sym(x))
      |                                 ^
oj.c:1971:35: warning: '}' and ')' tokens terminating statement expression appear in different macro expansion contexts [-Wcompound-token-split-by-macro]
 1971 |     oj_decimal_class_sym = ID2SYM(rb_intern("decimal_class"));
      |                                   ^~~~~~~~~~~~~~~~~~~~~~~~~~
/Library/Developer/CommandLineTools/SDKs/MacOSX.sdk/System/Library/Frameworks/Ruby.framework/Versions/2.6/usr/include/ruby-2.6.0/ruby/ruby.h:1826:24: note: expanded from macro 'rb_intern'
 1826 |         __extension__ (RUBY_CONST_ID_CACHE((ID), (str))) : \
      |                        ^~~~~~~~~~~~~~~~~~~~~~~~~~~~~~~~
/Library/Developer/CommandLineTools/SDKs/MacOSX.sdk/System/Library/Frameworks/Ruby.framework/Versions/2.6/usr/include/ruby-2.6.0/ruby/ruby.h:1816:5: note: expanded from macro 'RUBY_CONST_ID_CACHE'
 1816 |     }
      |     ^
/Library/Developer/CommandLineTools/SDKs/MacOSX.sdk/System/Library/Frameworks/Ruby.framework/Versions/2.6/usr/include/ruby-2.6.0/ruby/ruby.h:413:29: note: expanded from macro 'ID2SYM'
  413 | #define ID2SYM(x) RB_ID2SYM(x)
      |                             ^
/Library/Developer/CommandLineTools/SDKs/MacOSX.sdk/System/Library/Frameworks/Ruby.framework/Versions/2.6/usr/include/ruby-2.6.0/ruby/ruby.h:408:33: note: expanded from macro 'RB_ID2SYM'
  408 | #define RB_ID2SYM(x) (rb_id2sym(x))
      |                                 ^
oj.c:1971:35: note: ')' token is here
 1971 |     oj_decimal_class_sym = ID2SYM(rb_intern("decimal_class"));
      |                                   ^~~~~~~~~~~~~~~~~~~~~~~~~~
/Library/Developer/CommandLineTools/SDKs/MacOSX.sdk/System/Library/Frameworks/Ruby.framework/Versions/2.6/usr/include/ruby-2.6.0/ruby/ruby.h:1826:56: note: expanded from macro 'rb_intern'
 1826 |         __extension__ (RUBY_CONST_ID_CACHE((ID), (str))) : \
      |                                                        ^
/Library/Developer/CommandLineTools/SDKs/MacOSX.sdk/System/Library/Frameworks/Ruby.framework/Versions/2.6/usr/include/ruby-2.6.0/ruby/ruby.h:413:29: note: expanded from macro 'ID2SYM'
  413 | #define ID2SYM(x) RB_ID2SYM(x)
      |                             ^
/Library/Developer/CommandLineTools/SDKs/MacOSX.sdk/System/Library/Frameworks/Ruby.framework/Versions/2.6/usr/include/ruby-2.6.0/ruby/ruby.h:408:33: note: expanded from macro 'RB_ID2SYM'
  408 | #define RB_ID2SYM(x) (rb_id2sym(x))
      |                                 ^
oj.c:1973:32: warning: '(' and '{' tokens introducing statement expression appear in different macro expansion contexts [-Wcompound-token-split-by-macro]
 1973 |     oj_hash_class_sym = ID2SYM(rb_intern("hash_class"));
      |                                ^~~~~~~~~~~~~~~~~~~~~~~
/Library/Developer/CommandLineTools/SDKs/MacOSX.sdk/System/Library/Frameworks/Ruby.framework/Versions/2.6/usr/include/ruby-2.6.0/ruby/ruby.h:1826:23: note: expanded from macro 'rb_intern'
 1826 |         __extension__ (RUBY_CONST_ID_CACHE((ID), (str))) : \
      |                       ^
/Library/Developer/CommandLineTools/SDKs/MacOSX.sdk/System/Library/Frameworks/Ruby.framework/Versions/2.6/usr/include/ruby-2.6.0/ruby/ruby.h:413:29: note: expanded from macro 'ID2SYM'
  413 | #define ID2SYM(x) RB_ID2SYM(x)
      |                             ^
/Library/Developer/CommandLineTools/SDKs/MacOSX.sdk/System/Library/Frameworks/Ruby.framework/Versions/2.6/usr/include/ruby-2.6.0/ruby/ruby.h:408:33: note: expanded from macro 'RB_ID2SYM'
  408 | #define RB_ID2SYM(x) (rb_id2sym(x))
      |                                 ^
oj.c:1973:32: note: '{' token is here
 1973 |     oj_hash_class_sym = ID2SYM(rb_intern("hash_class"));
      |                                ^~~~~~~~~~~~~~~~~~~~~~~
/Library/Developer/CommandLineTools/SDKs/MacOSX.sdk/System/Library/Frameworks/Ruby.framework/Versions/2.6/usr/include/ruby-2.6.0/ruby/ruby.h:1826:24: note: expanded from macro 'rb_intern'
 1826 |         __extension__ (RUBY_CONST_ID_CACHE((ID), (str))) : \
      |                        ^~~~~~~~~~~~~~~~~~~~~~~~~~~~~~~~
/Library/Developer/CommandLineTools/SDKs/MacOSX.sdk/System/Library/Frameworks/Ruby.framework/Versions/2.6/usr/include/ruby-2.6.0/ruby/ruby.h:1811:5: note: expanded from macro 'RUBY_CONST_ID_CACHE'
 1811 |     {                                                   \
      |     ^
/Library/Developer/CommandLineTools/SDKs/MacOSX.sdk/System/Library/Frameworks/Ruby.framework/Versions/2.6/usr/include/ruby-2.6.0/ruby/ruby.h:413:29: note: expanded from macro 'ID2SYM'
  413 | #define ID2SYM(x) RB_ID2SYM(x)
      |                             ^
/Library/Developer/CommandLineTools/SDKs/MacOSX.sdk/System/Library/Frameworks/Ruby.framework/Versions/2.6/usr/include/ruby-2.6.0/ruby/ruby.h:408:33: note: expanded from macro 'RB_ID2SYM'
  408 | #define RB_ID2SYM(x) (rb_id2sym(x))
      |                                 ^
oj.c:1973:32: warning: '}' and ')' tokens terminating statement expression appear in different macro expansion contexts [-Wcompound-token-split-by-macro]
 1973 |     oj_hash_class_sym = ID2SYM(rb_intern("hash_class"));
      |                                ^~~~~~~~~~~~~~~~~~~~~~~
/Library/Developer/CommandLineTools/SDKs/MacOSX.sdk/System/Library/Frameworks/Ruby.framework/Versions/2.6/usr/include/ruby-2.6.0/ruby/ruby.h:1826:24: note: expanded from macro 'rb_intern'
 1826 |         __extension__ (RUBY_CONST_ID_CACHE((ID), (str))) : \
      |                        ^~~~~~~~~~~~~~~~~~~~~~~~~~~~~~~~
/Library/Developer/CommandLineTools/SDKs/MacOSX.sdk/System/Library/Frameworks/Ruby.framework/Versions/2.6/usr/include/ruby-2.6.0/ruby/ruby.h:1816:5: note: expanded from macro 'RUBY_CONST_ID_CACHE'
 1816 |     }
      |     ^
/Library/Developer/CommandLineTools/SDKs/MacOSX.sdk/System/Library/Frameworks/Ruby.framework/Versions/2.6/usr/include/ruby-2.6.0/ruby/ruby.h:413:29: note: expanded from macro 'ID2SYM'
  413 | #define ID2SYM(x) RB_ID2SYM(x)
      |                             ^
/Library/Developer/CommandLineTools/SDKs/MacOSX.sdk/System/Library/Frameworks/Ruby.framework/Versions/2.6/usr/include/ruby-2.6.0/ruby/ruby.h:408:33: note: expanded from macro 'RB_ID2SYM'
  408 | #define RB_ID2SYM(x) (rb_id2sym(x))
      |                                 ^
oj.c:1973:32: note: ')' token is here
 1973 |     oj_hash_class_sym = ID2SYM(rb_intern("hash_class"));
      |                                ^~~~~~~~~~~~~~~~~~~~~~~
/Library/Developer/CommandLineTools/SDKs/MacOSX.sdk/System/Library/Frameworks/Ruby.framework/Versions/2.6/usr/include/ruby-2.6.0/ruby/ruby.h:1826:56: note: expanded from macro 'rb_intern'
 1826 |         __extension__ (RUBY_CONST_ID_CACHE((ID), (str))) : \
      |                                                        ^
/Library/Developer/CommandLineTools/SDKs/MacOSX.sdk/System/Library/Frameworks/Ruby.framework/Versions/2.6/usr/include/ruby-2.6.0/ruby/ruby.h:413:29: note: expanded from macro 'ID2SYM'
  413 | #define ID2SYM(x) RB_ID2SYM(x)
      |                             ^
/Library/Developer/CommandLineTools/SDKs/MacOSX.sdk/System/Library/Frameworks/Ruby.framework/Versions/2.6/usr/include/ruby-2.6.0/ruby/ruby.h:408:33: note: expanded from macro 'RB_ID2SYM'
  408 | #define RB_ID2SYM(x) (rb_id2sym(x))
      |                                 ^
oj.c:1975:24: warning: '(' and '{' tokens introducing statement expression appear in different macro expansion contexts [-Wcompound-token-split-by-macro]
 1975 |     oj_in_sym = ID2SYM(rb_intern("in"));
      |                        ^~~~~~~~~~~~~~~
/Library/Developer/CommandLineTools/SDKs/MacOSX.sdk/System/Library/Frameworks/Ruby.framework/Versions/2.6/usr/include/ruby-2.6.0/ruby/ruby.h:1826:23: note: expanded from macro 'rb_intern'
 1826 |         __extension__ (RUBY_CONST_ID_CACHE((ID), (str))) : \
      |                       ^
/Library/Developer/CommandLineTools/SDKs/MacOSX.sdk/System/Library/Frameworks/Ruby.framework/Versions/2.6/usr/include/ruby-2.6.0/ruby/ruby.h:413:29: note: expanded from macro 'ID2SYM'
  413 | #define ID2SYM(x) RB_ID2SYM(x)
      |                             ^
/Library/Developer/CommandLineTools/SDKs/MacOSX.sdk/System/Library/Frameworks/Ruby.framework/Versions/2.6/usr/include/ruby-2.6.0/ruby/ruby.h:408:33: note: expanded from macro 'RB_ID2SYM'
  408 | #define RB_ID2SYM(x) (rb_id2sym(x))
      |                                 ^
oj.c:1975:24: note: '{' token is here
 1975 |     oj_in_sym = ID2SYM(rb_intern("in"));
      |                        ^~~~~~~~~~~~~~~
/Library/Developer/CommandLineTools/SDKs/MacOSX.sdk/System/Library/Frameworks/Ruby.framework/Versions/2.6/usr/include/ruby-2.6.0/ruby/ruby.h:1826:24: note: expanded from macro 'rb_intern'
 1826 |         __extension__ (RUBY_CONST_ID_CACHE((ID), (str))) : \
      |                        ^~~~~~~~~~~~~~~~~~~~~~~~~~~~~~~~
/Library/Developer/CommandLineTools/SDKs/MacOSX.sdk/System/Library/Frameworks/Ruby.framework/Versions/2.6/usr/include/ruby-2.6.0/ruby/ruby.h:1811:5: note: expanded from macro 'RUBY_CONST_ID_CACHE'
 1811 |     {                                                   \
      |     ^
/Library/Developer/CommandLineTools/SDKs/MacOSX.sdk/System/Library/Frameworks/Ruby.framework/Versions/2.6/usr/include/ruby-2.6.0/ruby/ruby.h:413:29: note: expanded from macro 'ID2SYM'
  413 | #define ID2SYM(x) RB_ID2SYM(x)
      |                             ^
/Library/Developer/CommandLineTools/SDKs/MacOSX.sdk/System/Library/Frameworks/Ruby.framework/Versions/2.6/usr/include/ruby-2.6.0/ruby/ruby.h:408:33: note: expanded from macro 'RB_ID2SYM'
  408 | #define RB_ID2SYM(x) (rb_id2sym(x))
      |                                 ^
oj.c:1975:24: warning: '}' and ')' tokens terminating statement expression appear in different macro expansion contexts [-Wcompound-token-split-by-macro]
 1975 |     oj_in_sym = ID2SYM(rb_intern("in"));
      |                        ^~~~~~~~~~~~~~~
/Library/Developer/CommandLineTools/SDKs/MacOSX.sdk/System/Library/Frameworks/Ruby.framework/Versions/2.6/usr/include/ruby-2.6.0/ruby/ruby.h:1826:24: note: expanded from macro 'rb_intern'
 1826 |         __extension__ (RUBY_CONST_ID_CACHE((ID), (str))) : \
      |                        ^~~~~~~~~~~~~~~~~~~~~~~~~~~~~~~~
/Library/Developer/CommandLineTools/SDKs/MacOSX.sdk/System/Library/Frameworks/Ruby.framework/Versions/2.6/usr/include/ruby-2.6.0/ruby/ruby.h:1816:5: note: expanded from macro 'RUBY_CONST_ID_CACHE'
 1816 |     }
      |     ^
/Library/Developer/CommandLineTools/SDKs/MacOSX.sdk/System/Library/Frameworks/Ruby.framework/Versions/2.6/usr/include/ruby-2.6.0/ruby/ruby.h:413:29: note: expanded from macro 'ID2SYM'
  413 | #define ID2SYM(x) RB_ID2SYM(x)
      |                             ^
/Library/Developer/CommandLineTools/SDKs/MacOSX.sdk/System/Library/Frameworks/Ruby.framework/Versions/2.6/usr/include/ruby-2.6.0/ruby/ruby.h:408:33: note: expanded from macro 'RB_ID2SYM'
  408 | #define RB_ID2SYM(x) (rb_id2sym(x))
      |                                 ^
oj.c:1975:24: note: ')' token is here
 1975 |     oj_in_sym = ID2SYM(rb_intern("in"));
      |                        ^~~~~~~~~~~~~~~
/Library/Developer/CommandLineTools/SDKs/MacOSX.sdk/System/Library/Frameworks/Ruby.framework/Versions/2.6/usr/include/ruby-2.6.0/ruby/ruby.h:1826:56: note: expanded from macro 'rb_intern'
 1826 |         __extension__ (RUBY_CONST_ID_CACHE((ID), (str))) : \
      |                                                        ^
/Library/Developer/CommandLineTools/SDKs/MacOSX.sdk/System/Library/Frameworks/Ruby.framework/Versions/2.6/usr/include/ruby-2.6.0/ruby/ruby.h:413:29: note: expanded from macro 'ID2SYM'
  413 | #define ID2SYM(x) RB_ID2SYM(x)
      |                             ^
/Library/Developer/CommandLineTools/SDKs/MacOSX.sdk/System/Library/Frameworks/Ruby.framework/Versions/2.6/usr/include/ruby-2.6.0/ruby/ruby.h:408:33: note: expanded from macro 'RB_ID2SYM'
  408 | #define RB_ID2SYM(x) (rb_id2sym(x))
      |                                 ^
oj.c:1977:28: warning: '(' and '{' tokens introducing statement expression appear in different macro expansion contexts [-Wcompound-token-split-by-macro]
 1977 |     oj_indent_sym = ID2SYM(rb_intern("indent"));
      |                            ^~~~~~~~~~~~~~~~~~~
/Library/Developer/CommandLineTools/SDKs/MacOSX.sdk/System/Library/Frameworks/Ruby.framework/Versions/2.6/usr/include/ruby-2.6.0/ruby/ruby.h:1826:23: note: expanded from macro 'rb_intern'
 1826 |         __extension__ (RUBY_CONST_ID_CACHE((ID), (str))) : \
      |                       ^
/Library/Developer/CommandLineTools/SDKs/MacOSX.sdk/System/Library/Frameworks/Ruby.framework/Versions/2.6/usr/include/ruby-2.6.0/ruby/ruby.h:413:29: note: expanded from macro 'ID2SYM'
  413 | #define ID2SYM(x) RB_ID2SYM(x)
      |                             ^
/Library/Developer/CommandLineTools/SDKs/MacOSX.sdk/System/Library/Frameworks/Ruby.framework/Versions/2.6/usr/include/ruby-2.6.0/ruby/ruby.h:408:33: note: expanded from macro 'RB_ID2SYM'
  408 | #define RB_ID2SYM(x) (rb_id2sym(x))
      |                                 ^
oj.c:1977:28: note: '{' token is here
 1977 |     oj_indent_sym = ID2SYM(rb_intern("indent"));
      |                            ^~~~~~~~~~~~~~~~~~~
/Library/Developer/CommandLineTools/SDKs/MacOSX.sdk/System/Library/Frameworks/Ruby.framework/Versions/2.6/usr/include/ruby-2.6.0/ruby/ruby.h:1826:24: note: expanded from macro 'rb_intern'
 1826 |         __extension__ (RUBY_CONST_ID_CACHE((ID), (str))) : \
      |                        ^~~~~~~~~~~~~~~~~~~~~~~~~~~~~~~~
/Library/Developer/CommandLineTools/SDKs/MacOSX.sdk/System/Library/Frameworks/Ruby.framework/Versions/2.6/usr/include/ruby-2.6.0/ruby/ruby.h:1811:5: note: expanded from macro 'RUBY_CONST_ID_CACHE'
 1811 |     {                                                   \
      |     ^
/Library/Developer/CommandLineTools/SDKs/MacOSX.sdk/System/Library/Frameworks/Ruby.framework/Versions/2.6/usr/include/ruby-2.6.0/ruby/ruby.h:413:29: note: expanded from macro 'ID2SYM'
  413 | #define ID2SYM(x) RB_ID2SYM(x)
      |                             ^
/Library/Developer/CommandLineTools/SDKs/MacOSX.sdk/System/Library/Frameworks/Ruby.framework/Versions/2.6/usr/include/ruby-2.6.0/ruby/ruby.h:408:33: note: expanded from macro 'RB_ID2SYM'
  408 | #define RB_ID2SYM(x) (rb_id2sym(x))
      |                                 ^
oj.c:1977:28: warning: '}' and ')' tokens terminating statement expression appear in different macro expansion contexts [-Wcompound-token-split-by-macro]
 1977 |     oj_indent_sym = ID2SYM(rb_intern("indent"));
      |                            ^~~~~~~~~~~~~~~~~~~
/Library/Developer/CommandLineTools/SDKs/MacOSX.sdk/System/Library/Frameworks/Ruby.framework/Versions/2.6/usr/include/ruby-2.6.0/ruby/ruby.h:1826:24: note: expanded from macro 'rb_intern'
 1826 |         __extension__ (RUBY_CONST_ID_CACHE((ID), (str))) : \
      |                        ^~~~~~~~~~~~~~~~~~~~~~~~~~~~~~~~
/Library/Developer/CommandLineTools/SDKs/MacOSX.sdk/System/Library/Frameworks/Ruby.framework/Versions/2.6/usr/include/ruby-2.6.0/ruby/ruby.h:1816:5: note: expanded from macro 'RUBY_CONST_ID_CACHE'
 1816 |     }
      |     ^
/Library/Developer/CommandLineTools/SDKs/MacOSX.sdk/System/Library/Frameworks/Ruby.framework/Versions/2.6/usr/include/ruby-2.6.0/ruby/ruby.h:413:29: note: expanded from macro 'ID2SYM'
  413 | #define ID2SYM(x) RB_ID2SYM(x)
      |                             ^
/Library/Developer/CommandLineTools/SDKs/MacOSX.sdk/System/Library/Frameworks/Ruby.framework/Versions/2.6/usr/include/ruby-2.6.0/ruby/ruby.h:408:33: note: expanded from macro 'RB_ID2SYM'
  408 | #define RB_ID2SYM(x) (rb_id2sym(x))
      |                                 ^
oj.c:1977:28: note: ')' token is here
 1977 |     oj_indent_sym = ID2SYM(rb_intern("indent"));
      |                            ^~~~~~~~~~~~~~~~~~~
/Library/Developer/CommandLineTools/SDKs/MacOSX.sdk/System/Library/Frameworks/Ruby.framework/Versions/2.6/usr/include/ruby-2.6.0/ruby/ruby.h:1826:56: note: expanded from macro 'rb_intern'
 1826 |         __extension__ (RUBY_CONST_ID_CACHE((ID), (str))) : \
      |                                                        ^
/Library/Developer/CommandLineTools/SDKs/MacOSX.sdk/System/Library/Frameworks/Ruby.framework/Versions/2.6/usr/include/ruby-2.6.0/ruby/ruby.h:413:29: note: expanded from macro 'ID2SYM'
  413 | #define ID2SYM(x) RB_ID2SYM(x)
      |                             ^
/Library/Developer/CommandLineTools/SDKs/MacOSX.sdk/System/Library/Frameworks/Ruby.framework/Versions/2.6/usr/include/ruby-2.6.0/ruby/ruby.h:408:33: note: expanded from macro 'RB_ID2SYM'
  408 | #define RB_ID2SYM(x) (rb_id2sym(x))
      |                                 ^
oj.c:1979:33: warning: '(' and '{' tokens introducing statement expression appear in different macro expansion contexts [-Wcompound-token-split-by-macro]
 1979 |     oj_max_nesting_sym = ID2SYM(rb_intern("max_nesting"));
      |                                 ^~~~~~~~~~~~~~~~~~~~~~~~
/Library/Developer/CommandLineTools/SDKs/MacOSX.sdk/System/Library/Frameworks/Ruby.framework/Versions/2.6/usr/include/ruby-2.6.0/ruby/ruby.h:1826:23: note: expanded from macro 'rb_intern'
 1826 |         __extension__ (RUBY_CONST_ID_CACHE((ID), (str))) : \
      |                       ^
/Library/Developer/CommandLineTools/SDKs/MacOSX.sdk/System/Library/Frameworks/Ruby.framework/Versions/2.6/usr/include/ruby-2.6.0/ruby/ruby.h:413:29: note: expanded from macro 'ID2SYM'
  413 | #define ID2SYM(x) RB_ID2SYM(x)
      |                             ^
/Library/Developer/CommandLineTools/SDKs/MacOSX.sdk/System/Library/Frameworks/Ruby.framework/Versions/2.6/usr/include/ruby-2.6.0/ruby/ruby.h:408:33: note: expanded from macro 'RB_ID2SYM'
  408 | #define RB_ID2SYM(x) (rb_id2sym(x))
      |                                 ^
oj.c:1979:33: note: '{' token is here
 1979 |     oj_max_nesting_sym = ID2SYM(rb_intern("max_nesting"));
      |                                 ^~~~~~~~~~~~~~~~~~~~~~~~
/Library/Developer/CommandLineTools/SDKs/MacOSX.sdk/System/Library/Frameworks/Ruby.framework/Versions/2.6/usr/include/ruby-2.6.0/ruby/ruby.h:1826:24: note: expanded from macro 'rb_intern'
 1826 |         __extension__ (RUBY_CONST_ID_CACHE((ID), (str))) : \
      |                        ^~~~~~~~~~~~~~~~~~~~~~~~~~~~~~~~
/Library/Developer/CommandLineTools/SDKs/MacOSX.sdk/System/Library/Frameworks/Ruby.framework/Versions/2.6/usr/include/ruby-2.6.0/ruby/ruby.h:1811:5: note: expanded from macro 'RUBY_CONST_ID_CACHE'
 1811 |     {                                                   \
      |     ^
/Library/Developer/CommandLineTools/SDKs/MacOSX.sdk/System/Library/Frameworks/Ruby.framework/Versions/2.6/usr/include/ruby-2.6.0/ruby/ruby.h:413:29: note: expanded from macro 'ID2SYM'
  413 | #define ID2SYM(x) RB_ID2SYM(x)
      |                             ^
/Library/Developer/CommandLineTools/SDKs/MacOSX.sdk/System/Library/Frameworks/Ruby.framework/Versions/2.6/usr/include/ruby-2.6.0/ruby/ruby.h:408:33: note: expanded from macro 'RB_ID2SYM'
  408 | #define RB_ID2SYM(x) (rb_id2sym(x))
      |                                 ^
oj.c:1979:33: warning: '}' and ')' tokens terminating statement expression appear in different macro expansion contexts [-Wcompound-token-split-by-macro]
 1979 |     oj_max_nesting_sym = ID2SYM(rb_intern("max_nesting"));
      |                                 ^~~~~~~~~~~~~~~~~~~~~~~~
/Library/Developer/CommandLineTools/SDKs/MacOSX.sdk/System/Library/Frameworks/Ruby.framework/Versions/2.6/usr/include/ruby-2.6.0/ruby/ruby.h:1826:24: note: expanded from macro 'rb_intern'
 1826 |         __extension__ (RUBY_CONST_ID_CACHE((ID), (str))) : \
      |                        ^~~~~~~~~~~~~~~~~~~~~~~~~~~~~~~~
/Library/Developer/CommandLineTools/SDKs/MacOSX.sdk/System/Library/Frameworks/Ruby.framework/Versions/2.6/usr/include/ruby-2.6.0/ruby/ruby.h:1816:5: note: expanded from macro 'RUBY_CONST_ID_CACHE'
 1816 |     }
      |     ^
/Library/Developer/CommandLineTools/SDKs/MacOSX.sdk/System/Library/Frameworks/Ruby.framework/Versions/2.6/usr/include/ruby-2.6.0/ruby/ruby.h:413:29: note: expanded from macro 'ID2SYM'
  413 | #define ID2SYM(x) RB_ID2SYM(x)
      |                             ^
/Library/Developer/CommandLineTools/SDKs/MacOSX.sdk/System/Library/Frameworks/Ruby.framework/Versions/2.6/usr/include/ruby-2.6.0/ruby/ruby.h:408:33: note: expanded from macro 'RB_ID2SYM'
  408 | #define RB_ID2SYM(x) (rb_id2sym(x))
      |                                 ^
oj.c:1979:33: note: ')' token is here
 1979 |     oj_max_nesting_sym = ID2SYM(rb_intern("max_nesting"));
      |                                 ^~~~~~~~~~~~~~~~~~~~~~~~
/Library/Developer/CommandLineTools/SDKs/MacOSX.sdk/System/Library/Frameworks/Ruby.framework/Versions/2.6/usr/include/ruby-2.6.0/ruby/ruby.h:1826:56: note: expanded from macro 'rb_intern'
 1826 |         __extension__ (RUBY_CONST_ID_CACHE((ID), (str))) : \
      |                                                        ^
/Library/Developer/CommandLineTools/SDKs/MacOSX.sdk/System/Library/Frameworks/Ruby.framework/Versions/2.6/usr/include/ruby-2.6.0/ruby/ruby.h:413:29: note: expanded from macro 'ID2SYM'
  413 | #define ID2SYM(x) RB_ID2SYM(x)
      |                             ^
/Library/Developer/CommandLineTools/SDKs/MacOSX.sdk/System/Library/Frameworks/Ruby.framework/Versions/2.6/usr/include/ruby-2.6.0/ruby/ruby.h:408:33: note: expanded from macro 'RB_ID2SYM'
  408 | #define RB_ID2SYM(x) (rb_id2sym(x))
      |                                 ^
oj.c:1981:32: warning: '(' and '{' tokens introducing statement expression appear in different macro expansion contexts [-Wcompound-token-split-by-macro]
 1981 |     oj_nanosecond_sym = ID2SYM(rb_intern("nanosecond"));
      |                                ^~~~~~~~~~~~~~~~~~~~~~~
/Library/Developer/CommandLineTools/SDKs/MacOSX.sdk/System/Library/Frameworks/Ruby.framework/Versions/2.6/usr/include/ruby-2.6.0/ruby/ruby.h:1826:23: note: expanded from macro 'rb_intern'
 1826 |         __extension__ (RUBY_CONST_ID_CACHE((ID), (str))) : \
      |                       ^
/Library/Developer/CommandLineTools/SDKs/MacOSX.sdk/System/Library/Frameworks/Ruby.framework/Versions/2.6/usr/include/ruby-2.6.0/ruby/ruby.h:413:29: note: expanded from macro 'ID2SYM'
  413 | #define ID2SYM(x) RB_ID2SYM(x)
      |                             ^
/Library/Developer/CommandLineTools/SDKs/MacOSX.sdk/System/Library/Frameworks/Ruby.framework/Versions/2.6/usr/include/ruby-2.6.0/ruby/ruby.h:408:33: note: expanded from macro 'RB_ID2SYM'
  408 | #define RB_ID2SYM(x) (rb_id2sym(x))
      |                                 ^
oj.c:1981:32: note: '{' token is here
 1981 |     oj_nanosecond_sym = ID2SYM(rb_intern("nanosecond"));
      |                                ^~~~~~~~~~~~~~~~~~~~~~~
/Library/Developer/CommandLineTools/SDKs/MacOSX.sdk/System/Library/Frameworks/Ruby.framework/Versions/2.6/usr/include/ruby-2.6.0/ruby/ruby.h:1826:24: note: expanded from macro 'rb_intern'
 1826 |         __extension__ (RUBY_CONST_ID_CACHE((ID), (str))) : \
      |                        ^~~~~~~~~~~~~~~~~~~~~~~~~~~~~~~~
/Library/Developer/CommandLineTools/SDKs/MacOSX.sdk/System/Library/Frameworks/Ruby.framework/Versions/2.6/usr/include/ruby-2.6.0/ruby/ruby.h:1811:5: note: expanded from macro 'RUBY_CONST_ID_CACHE'
 1811 |     {                                                   \
      |     ^
/Library/Developer/CommandLineTools/SDKs/MacOSX.sdk/System/Library/Frameworks/Ruby.framework/Versions/2.6/usr/include/ruby-2.6.0/ruby/ruby.h:413:29: note: expanded from macro 'ID2SYM'
  413 | #define ID2SYM(x) RB_ID2SYM(x)
      |                             ^
/Library/Developer/CommandLineTools/SDKs/MacOSX.sdk/System/Library/Frameworks/Ruby.framework/Versions/2.6/usr/include/ruby-2.6.0/ruby/ruby.h:408:33: note: expanded from macro 'RB_ID2SYM'
  408 | #define RB_ID2SYM(x) (rb_id2sym(x))
      |                                 ^
oj.c:1981:32: warning: '}' and ')' tokens terminating statement expression appear in different macro expansion contexts [-Wcompound-token-split-by-macro]
 1981 |     oj_nanosecond_sym = ID2SYM(rb_intern("nanosecond"));
      |                                ^~~~~~~~~~~~~~~~~~~~~~~
/Library/Developer/CommandLineTools/SDKs/MacOSX.sdk/System/Library/Frameworks/Ruby.framework/Versions/2.6/usr/include/ruby-2.6.0/ruby/ruby.h:1826:24: note: expanded from macro 'rb_intern'
 1826 |         __extension__ (RUBY_CONST_ID_CACHE((ID), (str))) : \
      |                        ^~~~~~~~~~~~~~~~~~~~~~~~~~~~~~~~
/Library/Developer/CommandLineTools/SDKs/MacOSX.sdk/System/Library/Frameworks/Ruby.framework/Versions/2.6/usr/include/ruby-2.6.0/ruby/ruby.h:1816:5: note: expanded from macro 'RUBY_CONST_ID_CACHE'
 1816 |     }
      |     ^
/Library/Developer/CommandLineTools/SDKs/MacOSX.sdk/System/Library/Frameworks/Ruby.framework/Versions/2.6/usr/include/ruby-2.6.0/ruby/ruby.h:413:29: note: expanded from macro 'ID2SYM'
  413 | #define ID2SYM(x) RB_ID2SYM(x)
      |                             ^
/Library/Developer/CommandLineTools/SDKs/MacOSX.sdk/System/Library/Frameworks/Ruby.framework/Versions/2.6/usr/include/ruby-2.6.0/ruby/ruby.h:408:33: note: expanded from macro 'RB_ID2SYM'
  408 | #define RB_ID2SYM(x) (rb_id2sym(x))
      |                                 ^
oj.c:1981:32: note: ')' token is here
 1981 |     oj_nanosecond_sym = ID2SYM(rb_intern("nanosecond"));
      |                                ^~~~~~~~~~~~~~~~~~~~~~~
/Library/Developer/CommandLineTools/SDKs/MacOSX.sdk/System/Library/Frameworks/Ruby.framework/Versions/2.6/usr/include/ruby-2.6.0/ruby/ruby.h:1826:56: note: expanded from macro 'rb_intern'
 1826 |         __extension__ (RUBY_CONST_ID_CACHE((ID), (str))) : \
      |                                                        ^
/Library/Developer/CommandLineTools/SDKs/MacOSX.sdk/System/Library/Frameworks/Ruby.framework/Versions/2.6/usr/include/ruby-2.6.0/ruby/ruby.h:413:29: note: expanded from macro 'ID2SYM'
  413 | #define ID2SYM(x) RB_ID2SYM(x)
      |                             ^
/Library/Developer/CommandLineTools/SDKs/MacOSX.sdk/System/Library/Frameworks/Ruby.framework/Versions/2.6/usr/include/ruby-2.6.0/ruby/ruby.h:408:33: note: expanded from macro 'RB_ID2SYM'
  408 | #define RB_ID2SYM(x) (rb_id2sym(x))
      |                                 ^
oj.c:1983:34: warning: '(' and '{' tokens introducing statement expression appear in different macro expansion contexts [-Wcompound-token-split-by-macro]
 1983 |     oj_object_class_sym = ID2SYM(rb_intern("object_class"));
      |                                  ^~~~~~~~~~~~~~~~~~~~~~~~~
/Library/Developer/CommandLineTools/SDKs/MacOSX.sdk/System/Library/Frameworks/Ruby.framework/Versions/2.6/usr/include/ruby-2.6.0/ruby/ruby.h:1826:23: note: expanded from macro 'rb_intern'
 1826 |         __extension__ (RUBY_CONST_ID_CACHE((ID), (str))) : \
      |                       ^
/Library/Developer/CommandLineTools/SDKs/MacOSX.sdk/System/Library/Frameworks/Ruby.framework/Versions/2.6/usr/include/ruby-2.6.0/ruby/ruby.h:413:29: note: expanded from macro 'ID2SYM'
  413 | #define ID2SYM(x) RB_ID2SYM(x)
      |                             ^
/Library/Developer/CommandLineTools/SDKs/MacOSX.sdk/System/Library/Frameworks/Ruby.framework/Versions/2.6/usr/include/ruby-2.6.0/ruby/ruby.h:408:33: note: expanded from macro 'RB_ID2SYM'
  408 | #define RB_ID2SYM(x) (rb_id2sym(x))
      |                                 ^
oj.c:1983:34: note: '{' token is here
 1983 |     oj_object_class_sym = ID2SYM(rb_intern("object_class"));
      |                                  ^~~~~~~~~~~~~~~~~~~~~~~~~
/Library/Developer/CommandLineTools/SDKs/MacOSX.sdk/System/Library/Frameworks/Ruby.framework/Versions/2.6/usr/include/ruby-2.6.0/ruby/ruby.h:1826:24: note: expanded from macro 'rb_intern'
 1826 |         __extension__ (RUBY_CONST_ID_CACHE((ID), (str))) : \
      |                        ^~~~~~~~~~~~~~~~~~~~~~~~~~~~~~~~
/Library/Developer/CommandLineTools/SDKs/MacOSX.sdk/System/Library/Frameworks/Ruby.framework/Versions/2.6/usr/include/ruby-2.6.0/ruby/ruby.h:1811:5: note: expanded from macro 'RUBY_CONST_ID_CACHE'
 1811 |     {                                                   \
      |     ^
/Library/Developer/CommandLineTools/SDKs/MacOSX.sdk/System/Library/Frameworks/Ruby.framework/Versions/2.6/usr/include/ruby-2.6.0/ruby/ruby.h:413:29: note: expanded from macro 'ID2SYM'
  413 | #define ID2SYM(x) RB_ID2SYM(x)
      |                             ^
/Library/Developer/CommandLineTools/SDKs/MacOSX.sdk/System/Library/Frameworks/Ruby.framework/Versions/2.6/usr/include/ruby-2.6.0/ruby/ruby.h:408:33: note: expanded from macro 'RB_ID2SYM'
  408 | #define RB_ID2SYM(x) (rb_id2sym(x))
      |                                 ^
oj.c:1983:34: warning: '}' and ')' tokens terminating statement expression appear in different macro expansion contexts [-Wcompound-token-split-by-macro]
 1983 |     oj_object_class_sym = ID2SYM(rb_intern("object_class"));
      |                                  ^~~~~~~~~~~~~~~~~~~~~~~~~
/Library/Developer/CommandLineTools/SDKs/MacOSX.sdk/System/Library/Frameworks/Ruby.framework/Versions/2.6/usr/include/ruby-2.6.0/ruby/ruby.h:1826:24: note: expanded from macro 'rb_intern'
 1826 |         __extension__ (RUBY_CONST_ID_CACHE((ID), (str))) : \
      |                        ^~~~~~~~~~~~~~~~~~~~~~~~~~~~~~~~
/Library/Developer/CommandLineTools/SDKs/MacOSX.sdk/System/Library/Frameworks/Ruby.framework/Versions/2.6/usr/include/ruby-2.6.0/ruby/ruby.h:1816:5: note: expanded from macro 'RUBY_CONST_ID_CACHE'
 1816 |     }
      |     ^
/Library/Developer/CommandLineTools/SDKs/MacOSX.sdk/System/Library/Frameworks/Ruby.framework/Versions/2.6/usr/include/ruby-2.6.0/ruby/ruby.h:413:29: note: expanded from macro 'ID2SYM'
  413 | #define ID2SYM(x) RB_ID2SYM(x)
      |                             ^
/Library/Developer/CommandLineTools/SDKs/MacOSX.sdk/System/Library/Frameworks/Ruby.framework/Versions/2.6/usr/include/ruby-2.6.0/ruby/ruby.h:408:33: note: expanded from macro 'RB_ID2SYM'
  408 | #define RB_ID2SYM(x) (rb_id2sym(x))
      |                                 ^
oj.c:1983:34: note: ')' token is here
 1983 |     oj_object_class_sym = ID2SYM(rb_intern("object_class"));
      |                                  ^~~~~~~~~~~~~~~~~~~~~~~~~
/Library/Developer/CommandLineTools/SDKs/MacOSX.sdk/System/Library/Frameworks/Ruby.framework/Versions/2.6/usr/include/ruby-2.6.0/ruby/ruby.h:1826:56: note: expanded from macro 'rb_intern'
 1826 |         __extension__ (RUBY_CONST_ID_CACHE((ID), (str))) : \
      |                                                        ^
/Library/Developer/CommandLineTools/SDKs/MacOSX.sdk/System/Library/Frameworks/Ruby.framework/Versions/2.6/usr/include/ruby-2.6.0/ruby/ruby.h:413:29: note: expanded from macro 'ID2SYM'
  413 | #define ID2SYM(x) RB_ID2SYM(x)
      |                             ^
/Library/Developer/CommandLineTools/SDKs/MacOSX.sdk/System/Library/Frameworks/Ruby.framework/Versions/2.6/usr/include/ruby-2.6.0/ruby/ruby.h:408:33: note: expanded from macro 'RB_ID2SYM'
  408 | #define RB_ID2SYM(x) (rb_id2sym(x))
      |                                 ^
oj.c:1985:31: warning: '(' and '{' tokens introducing statement expression appear in different macro expansion contexts [-Wcompound-token-split-by-macro]
 1985 |     oj_object_nl_sym = ID2SYM(rb_intern("object_nl"));
      |                               ^~~~~~~~~~~~~~~~~~~~~~
/Library/Developer/CommandLineTools/SDKs/MacOSX.sdk/System/Library/Frameworks/Ruby.framework/Versions/2.6/usr/include/ruby-2.6.0/ruby/ruby.h:1826:23: note: expanded from macro 'rb_intern'
 1826 |         __extension__ (RUBY_CONST_ID_CACHE((ID), (str))) : \
      |                       ^
/Library/Developer/CommandLineTools/SDKs/MacOSX.sdk/System/Library/Frameworks/Ruby.framework/Versions/2.6/usr/include/ruby-2.6.0/ruby/ruby.h:413:29: note: expanded from macro 'ID2SYM'
  413 | #define ID2SYM(x) RB_ID2SYM(x)
      |                             ^
/Library/Developer/CommandLineTools/SDKs/MacOSX.sdk/System/Library/Frameworks/Ruby.framework/Versions/2.6/usr/include/ruby-2.6.0/ruby/ruby.h:408:33: note: expanded from macro 'RB_ID2SYM'
  408 | #define RB_ID2SYM(x) (rb_id2sym(x))
      |                                 ^
oj.c:1985:31: note: '{' token is here
 1985 |     oj_object_nl_sym = ID2SYM(rb_intern("object_nl"));
      |                               ^~~~~~~~~~~~~~~~~~~~~~
/Library/Developer/CommandLineTools/SDKs/MacOSX.sdk/System/Library/Frameworks/Ruby.framework/Versions/2.6/usr/include/ruby-2.6.0/ruby/ruby.h:1826:24: note: expanded from macro 'rb_intern'
 1826 |         __extension__ (RUBY_CONST_ID_CACHE((ID), (str))) : \
      |                        ^~~~~~~~~~~~~~~~~~~~~~~~~~~~~~~~
/Library/Developer/CommandLineTools/SDKs/MacOSX.sdk/System/Library/Frameworks/Ruby.framework/Versions/2.6/usr/include/ruby-2.6.0/ruby/ruby.h:1811:5: note: expanded from macro 'RUBY_CONST_ID_CACHE'
 1811 |     {                                                   \
      |     ^
/Library/Developer/CommandLineTools/SDKs/MacOSX.sdk/System/Library/Frameworks/Ruby.framework/Versions/2.6/usr/include/ruby-2.6.0/ruby/ruby.h:413:29: note: expanded from macro 'ID2SYM'
  413 | #define ID2SYM(x) RB_ID2SYM(x)
      |                             ^
/Library/Developer/CommandLineTools/SDKs/MacOSX.sdk/System/Library/Frameworks/Ruby.framework/Versions/2.6/usr/include/ruby-2.6.0/ruby/ruby.h:408:33: note: expanded from macro 'RB_ID2SYM'
  408 | #define RB_ID2SYM(x) (rb_id2sym(x))
      |                                 ^
oj.c:1985:31: warning: '}' and ')' tokens terminating statement expression appear in different macro expansion contexts [-Wcompound-token-split-by-macro]
 1985 |     oj_object_nl_sym = ID2SYM(rb_intern("object_nl"));
      |                               ^~~~~~~~~~~~~~~~~~~~~~
/Library/Developer/CommandLineTools/SDKs/MacOSX.sdk/System/Library/Frameworks/Ruby.framework/Versions/2.6/usr/include/ruby-2.6.0/ruby/ruby.h:1826:24: note: expanded from macro 'rb_intern'
 1826 |         __extension__ (RUBY_CONST_ID_CACHE((ID), (str))) : \
      |                        ^~~~~~~~~~~~~~~~~~~~~~~~~~~~~~~~
/Library/Developer/CommandLineTools/SDKs/MacOSX.sdk/System/Library/Frameworks/Ruby.framework/Versions/2.6/usr/include/ruby-2.6.0/ruby/ruby.h:1816:5: note: expanded from macro 'RUBY_CONST_ID_CACHE'
 1816 |     }
      |     ^
/Library/Developer/CommandLineTools/SDKs/MacOSX.sdk/System/Library/Frameworks/Ruby.framework/Versions/2.6/usr/include/ruby-2.6.0/ruby/ruby.h:413:29: note: expanded from macro 'ID2SYM'
  413 | #define ID2SYM(x) RB_ID2SYM(x)
      |                             ^
/Library/Developer/CommandLineTools/SDKs/MacOSX.sdk/System/Library/Frameworks/Ruby.framework/Versions/2.6/usr/include/ruby-2.6.0/ruby/ruby.h:408:33: note: expanded from macro 'RB_ID2SYM'
  408 | #define RB_ID2SYM(x) (rb_id2sym(x))
      |                                 ^
oj.c:1985:31: note: ')' token is here
 1985 |     oj_object_nl_sym = ID2SYM(rb_intern("object_nl"));
      |                               ^~~~~~~~~~~~~~~~~~~~~~
/Library/Developer/CommandLineTools/SDKs/MacOSX.sdk/System/Library/Frameworks/Ruby.framework/Versions/2.6/usr/include/ruby-2.6.0/ruby/ruby.h:1826:56: note: expanded from macro 'rb_intern'
 1826 |         __extension__ (RUBY_CONST_ID_CACHE((ID), (str))) : \
      |                                                        ^
/Library/Developer/CommandLineTools/SDKs/MacOSX.sdk/System/Library/Frameworks/Ruby.framework/Versions/2.6/usr/include/ruby-2.6.0/ruby/ruby.h:413:29: note: expanded from macro 'ID2SYM'
  413 | #define ID2SYM(x) RB_ID2SYM(x)
      |                             ^
/Library/Developer/CommandLineTools/SDKs/MacOSX.sdk/System/Library/Frameworks/Ruby.framework/Versions/2.6/usr/include/ruby-2.6.0/ruby/ruby.h:408:33: note: expanded from macro 'RB_ID2SYM'
  408 | #define RB_ID2SYM(x) (rb_id2sym(x))
      |                                 ^
oj.c:1987:33: warning: '(' and '{' tokens introducing statement expression appear in different macro expansion contexts [-Wcompound-token-split-by-macro]
 1987 |     oj_quirks_mode_sym = ID2SYM(rb_intern("quirks_mode"));
      |                                 ^~~~~~~~~~~~~~~~~~~~~~~~
/Library/Developer/CommandLineTools/SDKs/MacOSX.sdk/System/Library/Frameworks/Ruby.framework/Versions/2.6/usr/include/ruby-2.6.0/ruby/ruby.h:1826:23: note: expanded from macro 'rb_intern'
 1826 |         __extension__ (RUBY_CONST_ID_CACHE((ID), (str))) : \
      |                       ^
/Library/Developer/CommandLineTools/SDKs/MacOSX.sdk/System/Library/Frameworks/Ruby.framework/Versions/2.6/usr/include/ruby-2.6.0/ruby/ruby.h:413:29: note: expanded from macro 'ID2SYM'
  413 | #define ID2SYM(x) RB_ID2SYM(x)
      |                             ^
/Library/Developer/CommandLineTools/SDKs/MacOSX.sdk/System/Library/Frameworks/Ruby.framework/Versions/2.6/usr/include/ruby-2.6.0/ruby/ruby.h:408:33: note: expanded from macro 'RB_ID2SYM'
  408 | #define RB_ID2SYM(x) (rb_id2sym(x))
      |                                 ^
oj.c:1987:33: note: '{' token is here
 1987 |     oj_quirks_mode_sym = ID2SYM(rb_intern("quirks_mode"));
      |                                 ^~~~~~~~~~~~~~~~~~~~~~~~
/Library/Developer/CommandLineTools/SDKs/MacOSX.sdk/System/Library/Frameworks/Ruby.framework/Versions/2.6/usr/include/ruby-2.6.0/ruby/ruby.h:1826:24: note: expanded from macro 'rb_intern'
 1826 |         __extension__ (RUBY_CONST_ID_CACHE((ID), (str))) : \
      |                        ^~~~~~~~~~~~~~~~~~~~~~~~~~~~~~~~
/Library/Developer/CommandLineTools/SDKs/MacOSX.sdk/System/Library/Frameworks/Ruby.framework/Versions/2.6/usr/include/ruby-2.6.0/ruby/ruby.h:1811:5: note: expanded from macro 'RUBY_CONST_ID_CACHE'
 1811 |     {                                                   \
      |     ^
/Library/Developer/CommandLineTools/SDKs/MacOSX.sdk/System/Library/Frameworks/Ruby.framework/Versions/2.6/usr/include/ruby-2.6.0/ruby/ruby.h:413:29: note: expanded from macro 'ID2SYM'
  413 | #define ID2SYM(x) RB_ID2SYM(x)
      |                             ^
/Library/Developer/CommandLineTools/SDKs/MacOSX.sdk/System/Library/Frameworks/Ruby.framework/Versions/2.6/usr/include/ruby-2.6.0/ruby/ruby.h:408:33: note: expanded from macro 'RB_ID2SYM'
  408 | #define RB_ID2SYM(x) (rb_id2sym(x))
      |                                 ^
oj.c:1987:33: warning: '}' and ')' tokens terminating statement expression appear in different macro expansion contexts [-Wcompound-token-split-by-macro]
 1987 |     oj_quirks_mode_sym = ID2SYM(rb_intern("quirks_mode"));
      |                                 ^~~~~~~~~~~~~~~~~~~~~~~~
/Library/Developer/CommandLineTools/SDKs/MacOSX.sdk/System/Library/Frameworks/Ruby.framework/Versions/2.6/usr/include/ruby-2.6.0/ruby/ruby.h:1826:24: note: expanded from macro 'rb_intern'
 1826 |         __extension__ (RUBY_CONST_ID_CACHE((ID), (str))) : \
      |                        ^~~~~~~~~~~~~~~~~~~~~~~~~~~~~~~~
/Library/Developer/CommandLineTools/SDKs/MacOSX.sdk/System/Library/Frameworks/Ruby.framework/Versions/2.6/usr/include/ruby-2.6.0/ruby/ruby.h:1816:5: note: expanded from macro 'RUBY_CONST_ID_CACHE'
 1816 |     }
      |     ^
/Library/Developer/CommandLineTools/SDKs/MacOSX.sdk/System/Library/Frameworks/Ruby.framework/Versions/2.6/usr/include/ruby-2.6.0/ruby/ruby.h:413:29: note: expanded from macro 'ID2SYM'
  413 | #define ID2SYM(x) RB_ID2SYM(x)
      |                             ^
/Library/Developer/CommandLineTools/SDKs/MacOSX.sdk/System/Library/Frameworks/Ruby.framework/Versions/2.6/usr/include/ruby-2.6.0/ruby/ruby.h:408:33: note: expanded from macro 'RB_ID2SYM'
  408 | #define RB_ID2SYM(x) (rb_id2sym(x))
      |                                 ^
oj.c:1987:33: note: ')' token is here
 1987 |     oj_quirks_mode_sym = ID2SYM(rb_intern("quirks_mode"));
      |                                 ^~~~~~~~~~~~~~~~~~~~~~~~
/Library/Developer/CommandLineTools/SDKs/MacOSX.sdk/System/Library/Frameworks/Ruby.framework/Versions/2.6/usr/include/ruby-2.6.0/ruby/ruby.h:1826:56: note: expanded from macro 'rb_intern'
 1826 |         __extension__ (RUBY_CONST_ID_CACHE((ID), (str))) : \
      |                                                        ^
/Library/Developer/CommandLineTools/SDKs/MacOSX.sdk/System/Library/Frameworks/Ruby.framework/Versions/2.6/usr/include/ruby-2.6.0/ruby/ruby.h:413:29: note: expanded from macro 'ID2SYM'
  413 | #define ID2SYM(x) RB_ID2SYM(x)
      |                             ^
/Library/Developer/CommandLineTools/SDKs/MacOSX.sdk/System/Library/Frameworks/Ruby.framework/Versions/2.6/usr/include/ruby-2.6.0/ruby/ruby.h:408:33: note: expanded from macro 'RB_ID2SYM'
  408 | #define RB_ID2SYM(x) (rb_id2sym(x))
      |                                 ^
oj.c:1989:26: warning: '(' and '{' tokens introducing statement expression appear in different macro expansion contexts [-Wcompound-token-split-by-macro]
 1989 |     oj_safe_sym = ID2SYM(rb_intern("safe"));
      |                          ^~~~~~~~~~~~~~~~~
/Library/Developer/CommandLineTools/SDKs/MacOSX.sdk/System/Library/Frameworks/Ruby.framework/Versions/2.6/usr/include/ruby-2.6.0/ruby/ruby.h:1826:23: note: expanded from macro 'rb_intern'
 1826 |         __extension__ (RUBY_CONST_ID_CACHE((ID), (str))) : \
      |                       ^
/Library/Developer/CommandLineTools/SDKs/MacOSX.sdk/System/Library/Frameworks/Ruby.framework/Versions/2.6/usr/include/ruby-2.6.0/ruby/ruby.h:413:29: note: expanded from macro 'ID2SYM'
  413 | #define ID2SYM(x) RB_ID2SYM(x)
      |                             ^
/Library/Developer/CommandLineTools/SDKs/MacOSX.sdk/System/Library/Frameworks/Ruby.framework/Versions/2.6/usr/include/ruby-2.6.0/ruby/ruby.h:408:33: note: expanded from macro 'RB_ID2SYM'
  408 | #define RB_ID2SYM(x) (rb_id2sym(x))
      |                                 ^
oj.c:1989:26: note: '{' token is here
 1989 |     oj_safe_sym = ID2SYM(rb_intern("safe"));
      |                          ^~~~~~~~~~~~~~~~~
/Library/Developer/CommandLineTools/SDKs/MacOSX.sdk/System/Library/Frameworks/Ruby.framework/Versions/2.6/usr/include/ruby-2.6.0/ruby/ruby.h:1826:24: note: expanded from macro 'rb_intern'
 1826 |         __extension__ (RUBY_CONST_ID_CACHE((ID), (str))) : \
      |                        ^~~~~~~~~~~~~~~~~~~~~~~~~~~~~~~~
/Library/Developer/CommandLineTools/SDKs/MacOSX.sdk/System/Library/Frameworks/Ruby.framework/Versions/2.6/usr/include/ruby-2.6.0/ruby/ruby.h:1811:5: note: expanded from macro 'RUBY_CONST_ID_CACHE'
 1811 |     {                                                   \
      |     ^
/Library/Developer/CommandLineTools/SDKs/MacOSX.sdk/System/Library/Frameworks/Ruby.framework/Versions/2.6/usr/include/ruby-2.6.0/ruby/ruby.h:413:29: note: expanded from macro 'ID2SYM'
  413 | #define ID2SYM(x) RB_ID2SYM(x)
      |                             ^
/Library/Developer/CommandLineTools/SDKs/MacOSX.sdk/System/Library/Frameworks/Ruby.framework/Versions/2.6/usr/include/ruby-2.6.0/ruby/ruby.h:408:33: note: expanded from macro 'RB_ID2SYM'
  408 | #define RB_ID2SYM(x) (rb_id2sym(x))
      |                                 ^
oj.c:1989:26: warning: '}' and ')' tokens terminating statement expression appear in different macro expansion contexts [-Wcompound-token-split-by-macro]
 1989 |     oj_safe_sym = ID2SYM(rb_intern("safe"));
      |                          ^~~~~~~~~~~~~~~~~
/Library/Developer/CommandLineTools/SDKs/MacOSX.sdk/System/Library/Frameworks/Ruby.framework/Versions/2.6/usr/include/ruby-2.6.0/ruby/ruby.h:1826:24: note: expanded from macro 'rb_intern'
 1826 |         __extension__ (RUBY_CONST_ID_CACHE((ID), (str))) : \
      |                        ^~~~~~~~~~~~~~~~~~~~~~~~~~~~~~~~
/Library/Developer/CommandLineTools/SDKs/MacOSX.sdk/System/Library/Frameworks/Ruby.framework/Versions/2.6/usr/include/ruby-2.6.0/ruby/ruby.h:1816:5: note: expanded from macro 'RUBY_CONST_ID_CACHE'
 1816 |     }
      |     ^
/Library/Developer/CommandLineTools/SDKs/MacOSX.sdk/System/Library/Frameworks/Ruby.framework/Versions/2.6/usr/include/ruby-2.6.0/ruby/ruby.h:413:29: note: expanded from macro 'ID2SYM'
  413 | #define ID2SYM(x) RB_ID2SYM(x)
      |                             ^
/Library/Developer/CommandLineTools/SDKs/MacOSX.sdk/System/Library/Frameworks/Ruby.framework/Versions/2.6/usr/include/ruby-2.6.0/ruby/ruby.h:408:33: note: expanded from macro 'RB_ID2SYM'
  408 | #define RB_ID2SYM(x) (rb_id2sym(x))
      |                                 ^
oj.c:1989:26: note: ')' token is here
 1989 |     oj_safe_sym = ID2SYM(rb_intern("safe"));
      |                          ^~~~~~~~~~~~~~~~~
/Library/Developer/CommandLineTools/SDKs/MacOSX.sdk/System/Library/Frameworks/Ruby.framework/Versions/2.6/usr/include/ruby-2.6.0/ruby/ruby.h:1826:56: note: expanded from macro 'rb_intern'
 1826 |         __extension__ (RUBY_CONST_ID_CACHE((ID), (str))) : \
      |                                                        ^
/Library/Developer/CommandLineTools/SDKs/MacOSX.sdk/System/Library/Frameworks/Ruby.framework/Versions/2.6/usr/include/ruby-2.6.0/ruby/ruby.h:413:29: note: expanded from macro 'ID2SYM'
  413 | #define ID2SYM(x) RB_ID2SYM(x)
      |                             ^
/Library/Developer/CommandLineTools/SDKs/MacOSX.sdk/System/Library/Frameworks/Ruby.framework/Versions/2.6/usr/include/ruby-2.6.0/ruby/ruby.h:408:33: note: expanded from macro 'RB_ID2SYM'
  408 | #define RB_ID2SYM(x) (rb_id2sym(x))
      |                                 ^
oj.c:1991:34: warning: '(' and '{' tokens introducing statement expression appear in different macro expansion contexts [-Wcompound-token-split-by-macro]
 1991 |     oj_space_before_sym = ID2SYM(rb_intern("space_before"));
      |                                  ^~~~~~~~~~~~~~~~~~~~~~~~~
/Library/Developer/CommandLineTools/SDKs/MacOSX.sdk/System/Library/Frameworks/Ruby.framework/Versions/2.6/usr/include/ruby-2.6.0/ruby/ruby.h:1826:23: note: expanded from macro 'rb_intern'
 1826 |         __extension__ (RUBY_CONST_ID_CACHE((ID), (str))) : \
      |                       ^
/Library/Developer/CommandLineTools/SDKs/MacOSX.sdk/System/Library/Frameworks/Ruby.framework/Versions/2.6/usr/include/ruby-2.6.0/ruby/ruby.h:413:29: note: expanded from macro 'ID2SYM'
  413 | #define ID2SYM(x) RB_ID2SYM(x)
      |                             ^
/Library/Developer/CommandLineTools/SDKs/MacOSX.sdk/System/Library/Frameworks/Ruby.framework/Versions/2.6/usr/include/ruby-2.6.0/ruby/ruby.h:408:33: note: expanded from macro 'RB_ID2SYM'
  408 | #define RB_ID2SYM(x) (rb_id2sym(x))
      |                                 ^
oj.c:1991:34: note: '{' token is here
 1991 |     oj_space_before_sym = ID2SYM(rb_intern("space_before"));
      |                                  ^~~~~~~~~~~~~~~~~~~~~~~~~
/Library/Developer/CommandLineTools/SDKs/MacOSX.sdk/System/Library/Frameworks/Ruby.framework/Versions/2.6/usr/include/ruby-2.6.0/ruby/ruby.h:1826:24: note: expanded from macro 'rb_intern'
 1826 |         __extension__ (RUBY_CONST_ID_CACHE((ID), (str))) : \
      |                        ^~~~~~~~~~~~~~~~~~~~~~~~~~~~~~~~
/Library/Developer/CommandLineTools/SDKs/MacOSX.sdk/System/Library/Frameworks/Ruby.framework/Versions/2.6/usr/include/ruby-2.6.0/ruby/ruby.h:1811:5: note: expanded from macro 'RUBY_CONST_ID_CACHE'
 1811 |     {                                                   \
      |     ^
/Library/Developer/CommandLineTools/SDKs/MacOSX.sdk/System/Library/Frameworks/Ruby.framework/Versions/2.6/usr/include/ruby-2.6.0/ruby/ruby.h:413:29: note: expanded from macro 'ID2SYM'
  413 | #define ID2SYM(x) RB_ID2SYM(x)
      |                             ^
/Library/Developer/CommandLineTools/SDKs/MacOSX.sdk/System/Library/Frameworks/Ruby.framework/Versions/2.6/usr/include/ruby-2.6.0/ruby/ruby.h:408:33: note: expanded from macro 'RB_ID2SYM'
  408 | #define RB_ID2SYM(x) (rb_id2sym(x))
      |                                 ^
oj.c:1991:34: warning: '}' and ')' tokens terminating statement expression appear in different macro expansion contexts [-Wcompound-token-split-by-macro]
 1991 |     oj_space_before_sym = ID2SYM(rb_intern("space_before"));
      |                                  ^~~~~~~~~~~~~~~~~~~~~~~~~
/Library/Developer/CommandLineTools/SDKs/MacOSX.sdk/System/Library/Frameworks/Ruby.framework/Versions/2.6/usr/include/ruby-2.6.0/ruby/ruby.h:1826:24: note: expanded from macro 'rb_intern'
 1826 |         __extension__ (RUBY_CONST_ID_CACHE((ID), (str))) : \
      |                        ^~~~~~~~~~~~~~~~~~~~~~~~~~~~~~~~
/Library/Developer/CommandLineTools/SDKs/MacOSX.sdk/System/Library/Frameworks/Ruby.framework/Versions/2.6/usr/include/ruby-2.6.0/ruby/ruby.h:1816:5: note: expanded from macro 'RUBY_CONST_ID_CACHE'
 1816 |     }
      |     ^
/Library/Developer/CommandLineTools/SDKs/MacOSX.sdk/System/Library/Frameworks/Ruby.framework/Versions/2.6/usr/include/ruby-2.6.0/ruby/ruby.h:413:29: note: expanded from macro 'ID2SYM'
  413 | #define ID2SYM(x) RB_ID2SYM(x)
      |                             ^
/Library/Developer/CommandLineTools/SDKs/MacOSX.sdk/System/Library/Frameworks/Ruby.framework/Versions/2.6/usr/include/ruby-2.6.0/ruby/ruby.h:408:33: note: expanded from macro 'RB_ID2SYM'
  408 | #define RB_ID2SYM(x) (rb_id2sym(x))
      |                                 ^
oj.c:1991:34: note: ')' token is here
 1991 |     oj_space_before_sym = ID2SYM(rb_intern("space_before"));
      |                                  ^~~~~~~~~~~~~~~~~~~~~~~~~
/Library/Developer/CommandLineTools/SDKs/MacOSX.sdk/System/Library/Frameworks/Ruby.framework/Versions/2.6/usr/include/ruby-2.6.0/ruby/ruby.h:1826:56: note: expanded from macro 'rb_intern'
 1826 |         __extension__ (RUBY_CONST_ID_CACHE((ID), (str))) : \
      |                                                        ^
/Library/Developer/CommandLineTools/SDKs/MacOSX.sdk/System/Library/Frameworks/Ruby.framework/Versions/2.6/usr/include/ruby-2.6.0/ruby/ruby.h:413:29: note: expanded from macro 'ID2SYM'
  413 | #define ID2SYM(x) RB_ID2SYM(x)
      |                             ^
/Library/Developer/CommandLineTools/SDKs/MacOSX.sdk/System/Library/Frameworks/Ruby.framework/Versions/2.6/usr/include/ruby-2.6.0/ruby/ruby.h:408:33: note: expanded from macro 'RB_ID2SYM'
  408 | #define RB_ID2SYM(x) (rb_id2sym(x))
      |                                 ^
oj.c:1993:27: warning: '(' and '{' tokens introducing statement expression appear in different macro expansion contexts [-Wcompound-token-split-by-macro]
 1993 |     oj_space_sym = ID2SYM(rb_intern("space"));
      |                           ^~~~~~~~~~~~~~~~~~
/Library/Developer/CommandLineTools/SDKs/MacOSX.sdk/System/Library/Frameworks/Ruby.framework/Versions/2.6/usr/include/ruby-2.6.0/ruby/ruby.h:1826:23: note: expanded from macro 'rb_intern'
 1826 |         __extension__ (RUBY_CONST_ID_CACHE((ID), (str))) : \
      |                       ^
/Library/Developer/CommandLineTools/SDKs/MacOSX.sdk/System/Library/Frameworks/Ruby.framework/Versions/2.6/usr/include/ruby-2.6.0/ruby/ruby.h:413:29: note: expanded from macro 'ID2SYM'
  413 | #define ID2SYM(x) RB_ID2SYM(x)
      |                             ^
/Library/Developer/CommandLineTools/SDKs/MacOSX.sdk/System/Library/Frameworks/Ruby.framework/Versions/2.6/usr/include/ruby-2.6.0/ruby/ruby.h:408:33: note: expanded from macro 'RB_ID2SYM'
  408 | #define RB_ID2SYM(x) (rb_id2sym(x))
      |                                 ^
oj.c:1993:27: note: '{' token is here
 1993 |     oj_space_sym = ID2SYM(rb_intern("space"));
      |                           ^~~~~~~~~~~~~~~~~~
/Library/Developer/CommandLineTools/SDKs/MacOSX.sdk/System/Library/Frameworks/Ruby.framework/Versions/2.6/usr/include/ruby-2.6.0/ruby/ruby.h:1826:24: note: expanded from macro 'rb_intern'
 1826 |         __extension__ (RUBY_CONST_ID_CACHE((ID), (str))) : \
      |                        ^~~~~~~~~~~~~~~~~~~~~~~~~~~~~~~~
/Library/Developer/CommandLineTools/SDKs/MacOSX.sdk/System/Library/Frameworks/Ruby.framework/Versions/2.6/usr/include/ruby-2.6.0/ruby/ruby.h:1811:5: note: expanded from macro 'RUBY_CONST_ID_CACHE'
 1811 |     {                                                   \
      |     ^
/Library/Developer/CommandLineTools/SDKs/MacOSX.sdk/System/Library/Frameworks/Ruby.framework/Versions/2.6/usr/include/ruby-2.6.0/ruby/ruby.h:413:29: note: expanded from macro 'ID2SYM'
  413 | #define ID2SYM(x) RB_ID2SYM(x)
      |                             ^
/Library/Developer/CommandLineTools/SDKs/MacOSX.sdk/System/Library/Frameworks/Ruby.framework/Versions/2.6/usr/include/ruby-2.6.0/ruby/ruby.h:408:33: note: expanded from macro 'RB_ID2SYM'
  408 | #define RB_ID2SYM(x) (rb_id2sym(x))
      |                                 ^
oj.c:1993:27: warning: '}' and ')' tokens terminating statement expression appear in different macro expansion contexts [-Wcompound-token-split-by-macro]
 1993 |     oj_space_sym = ID2SYM(rb_intern("space"));
      |                           ^~~~~~~~~~~~~~~~~~
/Library/Developer/CommandLineTools/SDKs/MacOSX.sdk/System/Library/Frameworks/Ruby.framework/Versions/2.6/usr/include/ruby-2.6.0/ruby/ruby.h:1826:24: note: expanded from macro 'rb_intern'
 1826 |         __extension__ (RUBY_CONST_ID_CACHE((ID), (str))) : \
      |                        ^~~~~~~~~~~~~~~~~~~~~~~~~~~~~~~~
/Library/Developer/CommandLineTools/SDKs/MacOSX.sdk/System/Library/Frameworks/Ruby.framework/Versions/2.6/usr/include/ruby-2.6.0/ruby/ruby.h:1816:5: note: expanded from macro 'RUBY_CONST_ID_CACHE'
 1816 |     }
      |     ^
/Library/Developer/CommandLineTools/SDKs/MacOSX.sdk/System/Library/Frameworks/Ruby.framework/Versions/2.6/usr/include/ruby-2.6.0/ruby/ruby.h:413:29: note: expanded from macro 'ID2SYM'
  413 | #define ID2SYM(x) RB_ID2SYM(x)
      |                             ^
/Library/Developer/CommandLineTools/SDKs/MacOSX.sdk/System/Library/Frameworks/Ruby.framework/Versions/2.6/usr/include/ruby-2.6.0/ruby/ruby.h:408:33: note: expanded from macro 'RB_ID2SYM'
  408 | #define RB_ID2SYM(x) (rb_id2sym(x))
      |                                 ^
oj.c:1993:27: note: ')' token is here
 1993 |     oj_space_sym = ID2SYM(rb_intern("space"));
      |                           ^~~~~~~~~~~~~~~~~~
/Library/Developer/CommandLineTools/SDKs/MacOSX.sdk/System/Library/Frameworks/Ruby.framework/Versions/2.6/usr/include/ruby-2.6.0/ruby/ruby.h:1826:56: note: expanded from macro 'rb_intern'
 1826 |         __extension__ (RUBY_CONST_ID_CACHE((ID), (str))) : \
      |                                                        ^
/Library/Developer/CommandLineTools/SDKs/MacOSX.sdk/System/Library/Frameworks/Ruby.framework/Versions/2.6/usr/include/ruby-2.6.0/ruby/ruby.h:413:29: note: expanded from macro 'ID2SYM'
  413 | #define ID2SYM(x) RB_ID2SYM(x)
      |                             ^
/Library/Developer/CommandLineTools/SDKs/MacOSX.sdk/System/Library/Frameworks/Ruby.framework/Versions/2.6/usr/include/ruby-2.6.0/ruby/ruby.h:408:33: note: expanded from macro 'RB_ID2SYM'
  408 | #define RB_ID2SYM(x) (rb_id2sym(x))
      |                                 ^
oj.c:1995:27: warning: '(' and '{' tokens introducing statement expression appear in different macro expansion contexts [-Wcompound-token-split-by-macro]
 1995 |     oj_trace_sym = ID2SYM(rb_intern("trace"));
      |                           ^~~~~~~~~~~~~~~~~~
/Library/Developer/CommandLineTools/SDKs/MacOSX.sdk/System/Library/Frameworks/Ruby.framework/Versions/2.6/usr/include/ruby-2.6.0/ruby/ruby.h:1826:23: note: expanded from macro 'rb_intern'
 1826 |         __extension__ (RUBY_CONST_ID_CACHE((ID), (str))) : \
      |                       ^
/Library/Developer/CommandLineTools/SDKs/MacOSX.sdk/System/Library/Frameworks/Ruby.framework/Versions/2.6/usr/include/ruby-2.6.0/ruby/ruby.h:413:29: note: expanded from macro 'ID2SYM'
  413 | #define ID2SYM(x) RB_ID2SYM(x)
      |                             ^
/Library/Developer/CommandLineTools/SDKs/MacOSX.sdk/System/Library/Frameworks/Ruby.framework/Versions/2.6/usr/include/ruby-2.6.0/ruby/ruby.h:408:33: note: expanded from macro 'RB_ID2SYM'
  408 | #define RB_ID2SYM(x) (rb_id2sym(x))
      |                                 ^
oj.c:1995:27: note: '{' token is here
 1995 |     oj_trace_sym = ID2SYM(rb_intern("trace"));
      |                           ^~~~~~~~~~~~~~~~~~
/Library/Developer/CommandLineTools/SDKs/MacOSX.sdk/System/Library/Frameworks/Ruby.framework/Versions/2.6/usr/include/ruby-2.6.0/ruby/ruby.h:1826:24: note: expanded from macro 'rb_intern'
 1826 |         __extension__ (RUBY_CONST_ID_CACHE((ID), (str))) : \
      |                        ^~~~~~~~~~~~~~~~~~~~~~~~~~~~~~~~
/Library/Developer/CommandLineTools/SDKs/MacOSX.sdk/System/Library/Frameworks/Ruby.framework/Versions/2.6/usr/include/ruby-2.6.0/ruby/ruby.h:1811:5: note: expanded from macro 'RUBY_CONST_ID_CACHE'
 1811 |     {                                                   \
      |     ^
/Library/Developer/CommandLineTools/SDKs/MacOSX.sdk/System/Library/Frameworks/Ruby.framework/Versions/2.6/usr/include/ruby-2.6.0/ruby/ruby.h:413:29: note: expanded from macro 'ID2SYM'
  413 | #define ID2SYM(x) RB_ID2SYM(x)
      |                             ^
/Library/Developer/CommandLineTools/SDKs/MacOSX.sdk/System/Library/Frameworks/Ruby.framework/Versions/2.6/usr/include/ruby-2.6.0/ruby/ruby.h:408:33: note: expanded from macro 'RB_ID2SYM'
  408 | #define RB_ID2SYM(x) (rb_id2sym(x))
      |                                 ^
oj.c:1995:27: warning: '}' and ')' tokens terminating statement expression appear in different macro expansion contexts [-Wcompound-token-split-by-macro]
 1995 |     oj_trace_sym = ID2SYM(rb_intern("trace"));
      |                           ^~~~~~~~~~~~~~~~~~
/Library/Developer/CommandLineTools/SDKs/MacOSX.sdk/System/Library/Frameworks/Ruby.framework/Versions/2.6/usr/include/ruby-2.6.0/ruby/ruby.h:1826:24: note: expanded from macro 'rb_intern'
 1826 |         __extension__ (RUBY_CONST_ID_CACHE((ID), (str))) : \
      |                        ^~~~~~~~~~~~~~~~~~~~~~~~~~~~~~~~
/Library/Developer/CommandLineTools/SDKs/MacOSX.sdk/System/Library/Frameworks/Ruby.framework/Versions/2.6/usr/include/ruby-2.6.0/ruby/ruby.h:1816:5: note: expanded from macro 'RUBY_CONST_ID_CACHE'
 1816 |     }
      |     ^
/Library/Developer/CommandLineTools/SDKs/MacOSX.sdk/System/Library/Frameworks/Ruby.framework/Versions/2.6/usr/include/ruby-2.6.0/ruby/ruby.h:413:29: note: expanded from macro 'ID2SYM'
  413 | #define ID2SYM(x) RB_ID2SYM(x)
      |                             ^
/Library/Developer/CommandLineTools/SDKs/MacOSX.sdk/System/Library/Frameworks/Ruby.framework/Versions/2.6/usr/include/ruby-2.6.0/ruby/ruby.h:408:33: note: expanded from macro 'RB_ID2SYM'
  408 | #define RB_ID2SYM(x) (rb_id2sym(x))
      |                                 ^
oj.c:1995:27: note: ')' token is here
 1995 |     oj_trace_sym = ID2SYM(rb_intern("trace"));
      |                           ^~~~~~~~~~~~~~~~~~
/Library/Developer/CommandLineTools/SDKs/MacOSX.sdk/System/Library/Frameworks/Ruby.framework/Versions/2.6/usr/include/ruby-2.6.0/ruby/ruby.h:1826:56: note: expanded from macro 'rb_intern'
 1826 |         __extension__ (RUBY_CONST_ID_CACHE((ID), (str))) : \
      |                                                        ^
/Library/Developer/CommandLineTools/SDKs/MacOSX.sdk/System/Library/Frameworks/Ruby.framework/Versions/2.6/usr/include/ruby-2.6.0/ruby/ruby.h:413:29: note: expanded from macro 'ID2SYM'
  413 | #define ID2SYM(x) RB_ID2SYM(x)
      |                             ^
/Library/Developer/CommandLineTools/SDKs/MacOSX.sdk/System/Library/Frameworks/Ruby.framework/Versions/2.6/usr/include/ruby-2.6.0/ruby/ruby.h:408:33: note: expanded from macro 'RB_ID2SYM'
  408 | #define RB_ID2SYM(x) (rb_id2sym(x))
      |                                 ^
oj.c:1997:27: warning: '(' and '{' tokens introducing statement expression appear in different macro expansion contexts [-Wcompound-token-split-by-macro]
 1997 |     omit_nil_sym = ID2SYM(rb_intern("omit_nil"));
      |                           ^~~~~~~~~~~~~~~~~~~~~
/Library/Developer/CommandLineTools/SDKs/MacOSX.sdk/System/Library/Frameworks/Ruby.framework/Versions/2.6/usr/include/ruby-2.6.0/ruby/ruby.h:1826:23: note: expanded from macro 'rb_intern'
 1826 |         __extension__ (RUBY_CONST_ID_CACHE((ID), (str))) : \
      |                       ^
/Library/Developer/CommandLineTools/SDKs/MacOSX.sdk/System/Library/Frameworks/Ruby.framework/Versions/2.6/usr/include/ruby-2.6.0/ruby/ruby.h:413:29: note: expanded from macro 'ID2SYM'
  413 | #define ID2SYM(x) RB_ID2SYM(x)
      |                             ^
/Library/Developer/CommandLineTools/SDKs/MacOSX.sdk/System/Library/Frameworks/Ruby.framework/Versions/2.6/usr/include/ruby-2.6.0/ruby/ruby.h:408:33: note: expanded from macro 'RB_ID2SYM'
  408 | #define RB_ID2SYM(x) (rb_id2sym(x))
      |                                 ^
oj.c:1997:27: note: '{' token is here
 1997 |     omit_nil_sym = ID2SYM(rb_intern("omit_nil"));
      |                           ^~~~~~~~~~~~~~~~~~~~~
/Library/Developer/CommandLineTools/SDKs/MacOSX.sdk/System/Library/Frameworks/Ruby.framework/Versions/2.6/usr/include/ruby-2.6.0/ruby/ruby.h:1826:24: note: expanded from macro 'rb_intern'
 1826 |         __extension__ (RUBY_CONST_ID_CACHE((ID), (str))) : \
      |                        ^~~~~~~~~~~~~~~~~~~~~~~~~~~~~~~~
/Library/Developer/CommandLineTools/SDKs/MacOSX.sdk/System/Library/Frameworks/Ruby.framework/Versions/2.6/usr/include/ruby-2.6.0/ruby/ruby.h:1811:5: note: expanded from macro 'RUBY_CONST_ID_CACHE'
 1811 |     {                                                   \
      |     ^
/Library/Developer/CommandLineTools/SDKs/MacOSX.sdk/System/Library/Frameworks/Ruby.framework/Versions/2.6/usr/include/ruby-2.6.0/ruby/ruby.h:413:29: note: expanded from macro 'ID2SYM'
  413 | #define ID2SYM(x) RB_ID2SYM(x)
      |                             ^
/Library/Developer/CommandLineTools/SDKs/MacOSX.sdk/System/Library/Frameworks/Ruby.framework/Versions/2.6/usr/include/ruby-2.6.0/ruby/ruby.h:408:33: note: expanded from macro 'RB_ID2SYM'
  408 | #define RB_ID2SYM(x) (rb_id2sym(x))
      |                                 ^
oj.c:1997:27: warning: '}' and ')' tokens terminating statement expression appear in different macro expansion contexts [-Wcompound-token-split-by-macro]
 1997 |     omit_nil_sym = ID2SYM(rb_intern("omit_nil"));
      |                           ^~~~~~~~~~~~~~~~~~~~~
/Library/Developer/CommandLineTools/SDKs/MacOSX.sdk/System/Library/Frameworks/Ruby.framework/Versions/2.6/usr/include/ruby-2.6.0/ruby/ruby.h:1826:24: note: expanded from macro 'rb_intern'
 1826 |         __extension__ (RUBY_CONST_ID_CACHE((ID), (str))) : \
      |                        ^~~~~~~~~~~~~~~~~~~~~~~~~~~~~~~~
/Library/Developer/CommandLineTools/SDKs/MacOSX.sdk/System/Library/Frameworks/Ruby.framework/Versions/2.6/usr/include/ruby-2.6.0/ruby/ruby.h:1816:5: note: expanded from macro 'RUBY_CONST_ID_CACHE'
 1816 |     }
      |     ^
/Library/Developer/CommandLineTools/SDKs/MacOSX.sdk/System/Library/Frameworks/Ruby.framework/Versions/2.6/usr/include/ruby-2.6.0/ruby/ruby.h:413:29: note: expanded from macro 'ID2SYM'
  413 | #define ID2SYM(x) RB_ID2SYM(x)
      |                             ^
/Library/Developer/CommandLineTools/SDKs/MacOSX.sdk/System/Library/Frameworks/Ruby.framework/Versions/2.6/usr/include/ruby-2.6.0/ruby/ruby.h:408:33: note: expanded from macro 'RB_ID2SYM'
  408 | #define RB_ID2SYM(x) (rb_id2sym(x))
      |                                 ^
oj.c:1997:27: note: ')' token is here
 1997 |     omit_nil_sym = ID2SYM(rb_intern("omit_nil"));
      |                           ^~~~~~~~~~~~~~~~~~~~~
/Library/Developer/CommandLineTools/SDKs/MacOSX.sdk/System/Library/Frameworks/Ruby.framework/Versions/2.6/usr/include/ruby-2.6.0/ruby/ruby.h:1826:56: note: expanded from macro 'rb_intern'
 1826 |         __extension__ (RUBY_CONST_ID_CACHE((ID), (str))) : \
      |                                                        ^
/Library/Developer/CommandLineTools/SDKs/MacOSX.sdk/System/Library/Frameworks/Ruby.framework/Versions/2.6/usr/include/ruby-2.6.0/ruby/ruby.h:413:29: note: expanded from macro 'ID2SYM'
  413 | #define ID2SYM(x) RB_ID2SYM(x)
      |                             ^
/Library/Developer/CommandLineTools/SDKs/MacOSX.sdk/System/Library/Frameworks/Ruby.framework/Versions/2.6/usr/include/ruby-2.6.0/ruby/ruby.h:408:33: note: expanded from macro 'RB_ID2SYM'
  408 | #define RB_ID2SYM(x) (rb_id2sym(x))
      |                                 ^
oj.c:1999:24: warning: '(' and '{' tokens introducing statement expression appear in different macro expansion contexts [-Wcompound-token-split-by-macro]
 1999 |     rails_sym = ID2SYM(rb_intern("rails"));
      |                        ^~~~~~~~~~~~~~~~~~
/Library/Developer/CommandLineTools/SDKs/MacOSX.sdk/System/Library/Frameworks/Ruby.framework/Versions/2.6/usr/include/ruby-2.6.0/ruby/ruby.h:1826:23: note: expanded from macro 'rb_intern'
 1826 |         __extension__ (RUBY_CONST_ID_CACHE((ID), (str))) : \
      |                       ^
/Library/Developer/CommandLineTools/SDKs/MacOSX.sdk/System/Library/Frameworks/Ruby.framework/Versions/2.6/usr/include/ruby-2.6.0/ruby/ruby.h:413:29: note: expanded from macro 'ID2SYM'
  413 | #define ID2SYM(x) RB_ID2SYM(x)
      |                             ^
/Library/Developer/CommandLineTools/SDKs/MacOSX.sdk/System/Library/Frameworks/Ruby.framework/Versions/2.6/usr/include/ruby-2.6.0/ruby/ruby.h:408:33: note: expanded from macro 'RB_ID2SYM'
  408 | #define RB_ID2SYM(x) (rb_id2sym(x))
      |                                 ^
oj.c:1999:24: note: '{' token is here
 1999 |     rails_sym = ID2SYM(rb_intern("rails"));
      |                        ^~~~~~~~~~~~~~~~~~
/Library/Developer/CommandLineTools/SDKs/MacOSX.sdk/System/Library/Frameworks/Ruby.framework/Versions/2.6/usr/include/ruby-2.6.0/ruby/ruby.h:1826:24: note: expanded from macro 'rb_intern'
 1826 |         __extension__ (RUBY_CONST_ID_CACHE((ID), (str))) : \
      |                        ^~~~~~~~~~~~~~~~~~~~~~~~~~~~~~~~
/Library/Developer/CommandLineTools/SDKs/MacOSX.sdk/System/Library/Frameworks/Ruby.framework/Versions/2.6/usr/include/ruby-2.6.0/ruby/ruby.h:1811:5: note: expanded from macro 'RUBY_CONST_ID_CACHE'
 1811 |     {                                                   \
      |     ^
/Library/Developer/CommandLineTools/SDKs/MacOSX.sdk/System/Library/Frameworks/Ruby.framework/Versions/2.6/usr/include/ruby-2.6.0/ruby/ruby.h:413:29: note: expanded from macro 'ID2SYM'
  413 | #define ID2SYM(x) RB_ID2SYM(x)
      |                             ^
/Library/Developer/CommandLineTools/SDKs/MacOSX.sdk/System/Library/Frameworks/Ruby.framework/Versions/2.6/usr/include/ruby-2.6.0/ruby/ruby.h:408:33: note: expanded from macro 'RB_ID2SYM'
  408 | #define RB_ID2SYM(x) (rb_id2sym(x))
      |                                 ^
oj.c:1999:24: warning: '}' and ')' tokens terminating statement expression appear in different macro expansion contexts [-Wcompound-token-split-by-macro]
 1999 |     rails_sym = ID2SYM(rb_intern("rails"));
      |                        ^~~~~~~~~~~~~~~~~~
/Library/Developer/CommandLineTools/SDKs/MacOSX.sdk/System/Library/Frameworks/Ruby.framework/Versions/2.6/usr/include/ruby-2.6.0/ruby/ruby.h:1826:24: note: expanded from macro 'rb_intern'
 1826 |         __extension__ (RUBY_CONST_ID_CACHE((ID), (str))) : \
      |                        ^~~~~~~~~~~~~~~~~~~~~~~~~~~~~~~~
/Library/Developer/CommandLineTools/SDKs/MacOSX.sdk/System/Library/Frameworks/Ruby.framework/Versions/2.6/usr/include/ruby-2.6.0/ruby/ruby.h:1816:5: note: expanded from macro 'RUBY_CONST_ID_CACHE'
 1816 |     }
      |     ^
/Library/Developer/CommandLineTools/SDKs/MacOSX.sdk/System/Library/Frameworks/Ruby.framework/Versions/2.6/usr/include/ruby-2.6.0/ruby/ruby.h:413:29: note: expanded from macro 'ID2SYM'
  413 | #define ID2SYM(x) RB_ID2SYM(x)
      |                             ^
/Library/Developer/CommandLineTools/SDKs/MacOSX.sdk/System/Library/Frameworks/Ruby.framework/Versions/2.6/usr/include/ruby-2.6.0/ruby/ruby.h:408:33: note: expanded from macro 'RB_ID2SYM'
  408 | #define RB_ID2SYM(x) (rb_id2sym(x))
      |                                 ^
oj.c:1999:24: note: ')' token is here
 1999 |     rails_sym = ID2SYM(rb_intern("rails"));
      |                        ^~~~~~~~~~~~~~~~~~
/Library/Developer/CommandLineTools/SDKs/MacOSX.sdk/System/Library/Frameworks/Ruby.framework/Versions/2.6/usr/include/ruby-2.6.0/ruby/ruby.h:1826:56: note: expanded from macro 'rb_intern'
 1826 |         __extension__ (RUBY_CONST_ID_CACHE((ID), (str))) : \
      |                                                        ^
/Library/Developer/CommandLineTools/SDKs/MacOSX.sdk/System/Library/Frameworks/Ruby.framework/Versions/2.6/usr/include/ruby-2.6.0/ruby/ruby.h:413:29: note: expanded from macro 'ID2SYM'
  413 | #define ID2SYM(x) RB_ID2SYM(x)
      |                             ^
/Library/Developer/CommandLineTools/SDKs/MacOSX.sdk/System/Library/Frameworks/Ruby.framework/Versions/2.6/usr/include/ruby-2.6.0/ruby/ruby.h:408:33: note: expanded from macro 'RB_ID2SYM'
  408 | #define RB_ID2SYM(x) (rb_id2sym(x))
      |                                 ^
oj.c:2001:24: warning: '(' and '{' tokens introducing statement expression appear in different macro expansion contexts [-Wcompound-token-split-by-macro]
 2001 |     raise_sym = ID2SYM(rb_intern("raise"));
      |                        ^~~~~~~~~~~~~~~~~~
/Library/Developer/CommandLineTools/SDKs/MacOSX.sdk/System/Library/Frameworks/Ruby.framework/Versions/2.6/usr/include/ruby-2.6.0/ruby/ruby.h:1826:23: note: expanded from macro 'rb_intern'
 1826 |         __extension__ (RUBY_CONST_ID_CACHE((ID), (str))) : \
      |                       ^
/Library/Developer/CommandLineTools/SDKs/MacOSX.sdk/System/Library/Frameworks/Ruby.framework/Versions/2.6/usr/include/ruby-2.6.0/ruby/ruby.h:413:29: note: expanded from macro 'ID2SYM'
  413 | #define ID2SYM(x) RB_ID2SYM(x)
      |                             ^
/Library/Developer/CommandLineTools/SDKs/MacOSX.sdk/System/Library/Frameworks/Ruby.framework/Versions/2.6/usr/include/ruby-2.6.0/ruby/ruby.h:408:33: note: expanded from macro 'RB_ID2SYM'
  408 | #define RB_ID2SYM(x) (rb_id2sym(x))
      |                                 ^
oj.c:2001:24: note: '{' token is here
 2001 |     raise_sym = ID2SYM(rb_intern("raise"));
      |                        ^~~~~~~~~~~~~~~~~~
/Library/Developer/CommandLineTools/SDKs/MacOSX.sdk/System/Library/Frameworks/Ruby.framework/Versions/2.6/usr/include/ruby-2.6.0/ruby/ruby.h:1826:24: note: expanded from macro 'rb_intern'
 1826 |         __extension__ (RUBY_CONST_ID_CACHE((ID), (str))) : \
      |                        ^~~~~~~~~~~~~~~~~~~~~~~~~~~~~~~~
/Library/Developer/CommandLineTools/SDKs/MacOSX.sdk/System/Library/Frameworks/Ruby.framework/Versions/2.6/usr/include/ruby-2.6.0/ruby/ruby.h:1811:5: note: expanded from macro 'RUBY_CONST_ID_CACHE'
 1811 |     {                                                   \
      |     ^
/Library/Developer/CommandLineTools/SDKs/MacOSX.sdk/System/Library/Frameworks/Ruby.framework/Versions/2.6/usr/include/ruby-2.6.0/ruby/ruby.h:413:29: note: expanded from macro 'ID2SYM'
  413 | #define ID2SYM(x) RB_ID2SYM(x)
      |                             ^
/Library/Developer/CommandLineTools/SDKs/MacOSX.sdk/System/Library/Frameworks/Ruby.framework/Versions/2.6/usr/include/ruby-2.6.0/ruby/ruby.h:408:33: note: expanded from macro 'RB_ID2SYM'
  408 | #define RB_ID2SYM(x) (rb_id2sym(x))
      |                                 ^
oj.c:2001:24: warning: '}' and ')' tokens terminating statement expression appear in different macro expansion contexts [-Wcompound-token-split-by-macro]
 2001 |     raise_sym = ID2SYM(rb_intern("raise"));
      |                        ^~~~~~~~~~~~~~~~~~
/Library/Developer/CommandLineTools/SDKs/MacOSX.sdk/System/Library/Frameworks/Ruby.framework/Versions/2.6/usr/include/ruby-2.6.0/ruby/ruby.h:1826:24: note: expanded from macro 'rb_intern'
 1826 |         __extension__ (RUBY_CONST_ID_CACHE((ID), (str))) : \
      |                        ^~~~~~~~~~~~~~~~~~~~~~~~~~~~~~~~
/Library/Developer/CommandLineTools/SDKs/MacOSX.sdk/System/Library/Frameworks/Ruby.framework/Versions/2.6/usr/include/ruby-2.6.0/ruby/ruby.h:1816:5: note: expanded from macro 'RUBY_CONST_ID_CACHE'
 1816 |     }
      |     ^
/Library/Developer/CommandLineTools/SDKs/MacOSX.sdk/System/Library/Frameworks/Ruby.framework/Versions/2.6/usr/include/ruby-2.6.0/ruby/ruby.h:413:29: note: expanded from macro 'ID2SYM'
  413 | #define ID2SYM(x) RB_ID2SYM(x)
      |                             ^
/Library/Developer/CommandLineTools/SDKs/MacOSX.sdk/System/Library/Frameworks/Ruby.framework/Versions/2.6/usr/include/ruby-2.6.0/ruby/ruby.h:408:33: note: expanded from macro 'RB_ID2SYM'
  408 | #define RB_ID2SYM(x) (rb_id2sym(x))
      |                                 ^
oj.c:2001:24: note: ')' token is here
 2001 |     raise_sym = ID2SYM(rb_intern("raise"));
      |                        ^~~~~~~~~~~~~~~~~~
/Library/Developer/CommandLineTools/SDKs/MacOSX.sdk/System/Library/Frameworks/Ruby.framework/Versions/2.6/usr/include/ruby-2.6.0/ruby/ruby.h:1826:56: note: expanded from macro 'rb_intern'
 1826 |         __extension__ (RUBY_CONST_ID_CACHE((ID), (str))) : \
      |                                                        ^
/Library/Developer/CommandLineTools/SDKs/MacOSX.sdk/System/Library/Frameworks/Ruby.framework/Versions/2.6/usr/include/ruby-2.6.0/ruby/ruby.h:413:29: note: expanded from macro 'ID2SYM'
  413 | #define ID2SYM(x) RB_ID2SYM(x)
      |                             ^
/Library/Developer/CommandLineTools/SDKs/MacOSX.sdk/System/Library/Frameworks/Ruby.framework/Versions/2.6/usr/include/ruby-2.6.0/ruby/ruby.h:408:33: note: expanded from macro 'RB_ID2SYM'
  408 | #define RB_ID2SYM(x) (rb_id2sym(x))
      |                                 ^
oj.c:2003:23: warning: '(' and '{' tokens introducing statement expression appear in different macro expansion contexts [-Wcompound-token-split-by-macro]
 2003 |     ruby_sym = ID2SYM(rb_intern("ruby"));
      |                       ^~~~~~~~~~~~~~~~~
/Library/Developer/CommandLineTools/SDKs/MacOSX.sdk/System/Library/Frameworks/Ruby.framework/Versions/2.6/usr/include/ruby-2.6.0/ruby/ruby.h:1826:23: note: expanded from macro 'rb_intern'
 1826 |         __extension__ (RUBY_CONST_ID_CACHE((ID), (str))) : \
      |                       ^
/Library/Developer/CommandLineTools/SDKs/MacOSX.sdk/System/Library/Frameworks/Ruby.framework/Versions/2.6/usr/include/ruby-2.6.0/ruby/ruby.h:413:29: note: expanded from macro 'ID2SYM'
  413 | #define ID2SYM(x) RB_ID2SYM(x)
      |                             ^
/Library/Developer/CommandLineTools/SDKs/MacOSX.sdk/System/Library/Frameworks/Ruby.framework/Versions/2.6/usr/include/ruby-2.6.0/ruby/ruby.h:408:33: note: expanded from macro 'RB_ID2SYM'
  408 | #define RB_ID2SYM(x) (rb_id2sym(x))
      |                                 ^
oj.c:2003:23: note: '{' token is here
 2003 |     ruby_sym = ID2SYM(rb_intern("ruby"));
      |                       ^~~~~~~~~~~~~~~~~
/Library/Developer/CommandLineTools/SDKs/MacOSX.sdk/System/Library/Frameworks/Ruby.framework/Versions/2.6/usr/include/ruby-2.6.0/ruby/ruby.h:1826:24: note: expanded from macro 'rb_intern'
 1826 |         __extension__ (RUBY_CONST_ID_CACHE((ID), (str))) : \
      |                        ^~~~~~~~~~~~~~~~~~~~~~~~~~~~~~~~
/Library/Developer/CommandLineTools/SDKs/MacOSX.sdk/System/Library/Frameworks/Ruby.framework/Versions/2.6/usr/include/ruby-2.6.0/ruby/ruby.h:1811:5: note: expanded from macro 'RUBY_CONST_ID_CACHE'
 1811 |     {                                                   \
      |     ^
/Library/Developer/CommandLineTools/SDKs/MacOSX.sdk/System/Library/Frameworks/Ruby.framework/Versions/2.6/usr/include/ruby-2.6.0/ruby/ruby.h:413:29: note: expanded from macro 'ID2SYM'
  413 | #define ID2SYM(x) RB_ID2SYM(x)
      |                             ^
/Library/Developer/CommandLineTools/SDKs/MacOSX.sdk/System/Library/Frameworks/Ruby.framework/Versions/2.6/usr/include/ruby-2.6.0/ruby/ruby.h:408:33: note: expanded from macro 'RB_ID2SYM'
  408 | #define RB_ID2SYM(x) (rb_id2sym(x))
      |                                 ^
oj.c:2003:23: warning: '}' and ')' tokens terminating statement expression appear in different macro expansion contexts [-Wcompound-token-split-by-macro]
 2003 |     ruby_sym = ID2SYM(rb_intern("ruby"));
      |                       ^~~~~~~~~~~~~~~~~
/Library/Developer/CommandLineTools/SDKs/MacOSX.sdk/System/Library/Frameworks/Ruby.framework/Versions/2.6/usr/include/ruby-2.6.0/ruby/ruby.h:1826:24: note: expanded from macro 'rb_intern'
 1826 |         __extension__ (RUBY_CONST_ID_CACHE((ID), (str))) : \
      |                        ^~~~~~~~~~~~~~~~~~~~~~~~~~~~~~~~
/Library/Developer/CommandLineTools/SDKs/MacOSX.sdk/System/Library/Frameworks/Ruby.framework/Versions/2.6/usr/include/ruby-2.6.0/ruby/ruby.h:1816:5: note: expanded from macro 'RUBY_CONST_ID_CACHE'
 1816 |     }
      |     ^
/Library/Developer/CommandLineTools/SDKs/MacOSX.sdk/System/Library/Frameworks/Ruby.framework/Versions/2.6/usr/include/ruby-2.6.0/ruby/ruby.h:413:29: note: expanded from macro 'ID2SYM'
  413 | #define ID2SYM(x) RB_ID2SYM(x)
      |                             ^
/Library/Developer/CommandLineTools/SDKs/MacOSX.sdk/System/Library/Frameworks/Ruby.framework/Versions/2.6/usr/include/ruby-2.6.0/ruby/ruby.h:408:33: note: expanded from macro 'RB_ID2SYM'
  408 | #define RB_ID2SYM(x) (rb_id2sym(x))
      |                                 ^
oj.c:2003:23: note: ')' token is here
 2003 |     ruby_sym = ID2SYM(rb_intern("ruby"));
      |                       ^~~~~~~~~~~~~~~~~
/Library/Developer/CommandLineTools/SDKs/MacOSX.sdk/System/Library/Frameworks/Ruby.framework/Versions/2.6/usr/include/ruby-2.6.0/ruby/ruby.h:1826:56: note: expanded from macro 'rb_intern'
 1826 |         __extension__ (RUBY_CONST_ID_CACHE((ID), (str))) : \
      |                                                        ^
/Library/Developer/CommandLineTools/SDKs/MacOSX.sdk/System/Library/Frameworks/Ruby.framework/Versions/2.6/usr/include/ruby-2.6.0/ruby/ruby.h:413:29: note: expanded from macro 'ID2SYM'
  413 | #define ID2SYM(x) RB_ID2SYM(x)
      |                             ^
/Library/Developer/CommandLineTools/SDKs/MacOSX.sdk/System/Library/Frameworks/Ruby.framework/Versions/2.6/usr/include/ruby-2.6.0/ruby/ruby.h:408:33: note: expanded from macro 'RB_ID2SYM'
  408 | #define RB_ID2SYM(x) (rb_id2sym(x))
      |                                 ^
oj.c:2005:27: warning: '(' and '{' tokens introducing statement expression appear in different macro expansion contexts [-Wcompound-token-split-by-macro]
 2005 |     sec_prec_sym = ID2SYM(rb_intern("second_precision"));
      |                           ^~~~~~~~~~~~~~~~~~~~~~~~~~~~~
/Library/Developer/CommandLineTools/SDKs/MacOSX.sdk/System/Library/Frameworks/Ruby.framework/Versions/2.6/usr/include/ruby-2.6.0/ruby/ruby.h:1826:23: note: expanded from macro 'rb_intern'
 1826 |         __extension__ (RUBY_CONST_ID_CACHE((ID), (str))) : \
      |                       ^
/Library/Developer/CommandLineTools/SDKs/MacOSX.sdk/System/Library/Frameworks/Ruby.framework/Versions/2.6/usr/include/ruby-2.6.0/ruby/ruby.h:413:29: note: expanded from macro 'ID2SYM'
  413 | #define ID2SYM(x) RB_ID2SYM(x)
      |                             ^
/Library/Developer/CommandLineTools/SDKs/MacOSX.sdk/System/Library/Frameworks/Ruby.framework/Versions/2.6/usr/include/ruby-2.6.0/ruby/ruby.h:408:33: note: expanded from macro 'RB_ID2SYM'
  408 | #define RB_ID2SYM(x) (rb_id2sym(x))
      |                                 ^
oj.c:2005:27: note: '{' token is here
 2005 |     sec_prec_sym = ID2SYM(rb_intern("second_precision"));
      |                           ^~~~~~~~~~~~~~~~~~~~~~~~~~~~~
/Library/Developer/CommandLineTools/SDKs/MacOSX.sdk/System/Library/Frameworks/Ruby.framework/Versions/2.6/usr/include/ruby-2.6.0/ruby/ruby.h:1826:24: note: expanded from macro 'rb_intern'
 1826 |         __extension__ (RUBY_CONST_ID_CACHE((ID), (str))) : \
      |                        ^~~~~~~~~~~~~~~~~~~~~~~~~~~~~~~~
/Library/Developer/CommandLineTools/SDKs/MacOSX.sdk/System/Library/Frameworks/Ruby.framework/Versions/2.6/usr/include/ruby-2.6.0/ruby/ruby.h:1811:5: note: expanded from macro 'RUBY_CONST_ID_CACHE'
 1811 |     {                                                   \
      |     ^
/Library/Developer/CommandLineTools/SDKs/MacOSX.sdk/System/Library/Frameworks/Ruby.framework/Versions/2.6/usr/include/ruby-2.6.0/ruby/ruby.h:413:29: note: expanded from macro 'ID2SYM'
  413 | #define ID2SYM(x) RB_ID2SYM(x)
      |                             ^
/Library/Developer/CommandLineTools/SDKs/MacOSX.sdk/System/Library/Frameworks/Ruby.framework/Versions/2.6/usr/include/ruby-2.6.0/ruby/ruby.h:408:33: note: expanded from macro 'RB_ID2SYM'
  408 | #define RB_ID2SYM(x) (rb_id2sym(x))
      |                                 ^
oj.c:2005:27: warning: '}' and ')' tokens terminating statement expression appear in different macro expansion contexts [-Wcompound-token-split-by-macro]
 2005 |     sec_prec_sym = ID2SYM(rb_intern("second_precision"));
      |                           ^~~~~~~~~~~~~~~~~~~~~~~~~~~~~
/Library/Developer/CommandLineTools/SDKs/MacOSX.sdk/System/Library/Frameworks/Ruby.framework/Versions/2.6/usr/include/ruby-2.6.0/ruby/ruby.h:1826:24: note: expanded from macro 'rb_intern'
 1826 |         __extension__ (RUBY_CONST_ID_CACHE((ID), (str))) : \
      |                        ^~~~~~~~~~~~~~~~~~~~~~~~~~~~~~~~
/Library/Developer/CommandLineTools/SDKs/MacOSX.sdk/System/Library/Frameworks/Ruby.framework/Versions/2.6/usr/include/ruby-2.6.0/ruby/ruby.h:1816:5: note: expanded from macro 'RUBY_CONST_ID_CACHE'
 1816 |     }
      |     ^
/Library/Developer/CommandLineTools/SDKs/MacOSX.sdk/System/Library/Frameworks/Ruby.framework/Versions/2.6/usr/include/ruby-2.6.0/ruby/ruby.h:413:29: note: expanded from macro 'ID2SYM'
  413 | #define ID2SYM(x) RB_ID2SYM(x)
      |                             ^
/Library/Developer/CommandLineTools/SDKs/MacOSX.sdk/System/Library/Frameworks/Ruby.framework/Versions/2.6/usr/include/ruby-2.6.0/ruby/ruby.h:408:33: note: expanded from macro 'RB_ID2SYM'
  408 | #define RB_ID2SYM(x) (rb_id2sym(x))
      |                                 ^
oj.c:2005:27: note: ')' token is here
 2005 |     sec_prec_sym = ID2SYM(rb_intern("second_precision"));
      |                           ^~~~~~~~~~~~~~~~~~~~~~~~~~~~~
/Library/Developer/CommandLineTools/SDKs/MacOSX.sdk/System/Library/Frameworks/Ruby.framework/Versions/2.6/usr/include/ruby-2.6.0/ruby/ruby.h:1826:56: note: expanded from macro 'rb_intern'
 1826 |         __extension__ (RUBY_CONST_ID_CACHE((ID), (str))) : \
      |                                                        ^
/Library/Developer/CommandLineTools/SDKs/MacOSX.sdk/System/Library/Frameworks/Ruby.framework/Versions/2.6/usr/include/ruby-2.6.0/ruby/ruby.h:413:29: note: expanded from macro 'ID2SYM'
  413 | #define ID2SYM(x) RB_ID2SYM(x)
      |                             ^
/Library/Developer/CommandLineTools/SDKs/MacOSX.sdk/System/Library/Frameworks/Ruby.framework/Versions/2.6/usr/include/ruby-2.6.0/ruby/ruby.h:408:33: note: expanded from macro 'RB_ID2SYM'
  408 | #define RB_ID2SYM(x) (rb_id2sym(x))
      |                                 ^
oj.c:2007:24: warning: '(' and '{' tokens introducing statement expression appear in different macro expansion contexts [-Wcompound-token-split-by-macro]
 2007 |     slash_sym = ID2SYM(rb_intern("slash"));
      |                        ^~~~~~~~~~~~~~~~~~
/Library/Developer/CommandLineTools/SDKs/MacOSX.sdk/System/Library/Frameworks/Ruby.framework/Versions/2.6/usr/include/ruby-2.6.0/ruby/ruby.h:1826:23: note: expanded from macro 'rb_intern'
 1826 |         __extension__ (RUBY_CONST_ID_CACHE((ID), (str))) : \
      |                       ^
/Library/Developer/CommandLineTools/SDKs/MacOSX.sdk/System/Library/Frameworks/Ruby.framework/Versions/2.6/usr/include/ruby-2.6.0/ruby/ruby.h:413:29: note: expanded from macro 'ID2SYM'
  413 | #define ID2SYM(x) RB_ID2SYM(x)
      |                             ^
/Library/Developer/CommandLineTools/SDKs/MacOSX.sdk/System/Library/Frameworks/Ruby.framework/Versions/2.6/usr/include/ruby-2.6.0/ruby/ruby.h:408:33: note: expanded from macro 'RB_ID2SYM'
  408 | #define RB_ID2SYM(x) (rb_id2sym(x))
      |                                 ^
oj.c:2007:24: note: '{' token is here
 2007 |     slash_sym = ID2SYM(rb_intern("slash"));
      |                        ^~~~~~~~~~~~~~~~~~
/Library/Developer/CommandLineTools/SDKs/MacOSX.sdk/System/Library/Frameworks/Ruby.framework/Versions/2.6/usr/include/ruby-2.6.0/ruby/ruby.h:1826:24: note: expanded from macro 'rb_intern'
 1826 |         __extension__ (RUBY_CONST_ID_CACHE((ID), (str))) : \
      |                        ^~~~~~~~~~~~~~~~~~~~~~~~~~~~~~~~
/Library/Developer/CommandLineTools/SDKs/MacOSX.sdk/System/Library/Frameworks/Ruby.framework/Versions/2.6/usr/include/ruby-2.6.0/ruby/ruby.h:1811:5: note: expanded from macro 'RUBY_CONST_ID_CACHE'
 1811 |     {                                                   \
      |     ^
/Library/Developer/CommandLineTools/SDKs/MacOSX.sdk/System/Library/Frameworks/Ruby.framework/Versions/2.6/usr/include/ruby-2.6.0/ruby/ruby.h:413:29: note: expanded from macro 'ID2SYM'
  413 | #define ID2SYM(x) RB_ID2SYM(x)
      |                             ^
/Library/Developer/CommandLineTools/SDKs/MacOSX.sdk/System/Library/Frameworks/Ruby.framework/Versions/2.6/usr/include/ruby-2.6.0/ruby/ruby.h:408:33: note: expanded from macro 'RB_ID2SYM'
  408 | #define RB_ID2SYM(x) (rb_id2sym(x))
      |                                 ^
oj.c:2007:24: warning: '}' and ')' tokens terminating statement expression appear in different macro expansion contexts [-Wcompound-token-split-by-macro]
 2007 |     slash_sym = ID2SYM(rb_intern("slash"));
      |                        ^~~~~~~~~~~~~~~~~~
/Library/Developer/CommandLineTools/SDKs/MacOSX.sdk/System/Library/Frameworks/Ruby.framework/Versions/2.6/usr/include/ruby-2.6.0/ruby/ruby.h:1826:24: note: expanded from macro 'rb_intern'
 1826 |         __extension__ (RUBY_CONST_ID_CACHE((ID), (str))) : \
      |                        ^~~~~~~~~~~~~~~~~~~~~~~~~~~~~~~~
/Library/Developer/CommandLineTools/SDKs/MacOSX.sdk/System/Library/Frameworks/Ruby.framework/Versions/2.6/usr/include/ruby-2.6.0/ruby/ruby.h:1816:5: note: expanded from macro 'RUBY_CONST_ID_CACHE'
 1816 |     }
      |     ^
/Library/Developer/CommandLineTools/SDKs/MacOSX.sdk/System/Library/Frameworks/Ruby.framework/Versions/2.6/usr/include/ruby-2.6.0/ruby/ruby.h:413:29: note: expanded from macro 'ID2SYM'
  413 | #define ID2SYM(x) RB_ID2SYM(x)
      |                             ^
/Library/Developer/CommandLineTools/SDKs/MacOSX.sdk/System/Library/Frameworks/Ruby.framework/Versions/2.6/usr/include/ruby-2.6.0/ruby/ruby.h:408:33: note: expanded from macro 'RB_ID2SYM'
  408 | #define RB_ID2SYM(x) (rb_id2sym(x))
      |                                 ^
oj.c:2007:24: note: ')' token is here
 2007 |     slash_sym = ID2SYM(rb_intern("slash"));
      |                        ^~~~~~~~~~~~~~~~~~
/Library/Developer/CommandLineTools/SDKs/MacOSX.sdk/System/Library/Frameworks/Ruby.framework/Versions/2.6/usr/include/ruby-2.6.0/ruby/ruby.h:1826:56: note: expanded from macro 'rb_intern'
 1826 |         __extension__ (RUBY_CONST_ID_CACHE((ID), (str))) : \
      |                                                        ^
/Library/Developer/CommandLineTools/SDKs/MacOSX.sdk/System/Library/Frameworks/Ruby.framework/Versions/2.6/usr/include/ruby-2.6.0/ruby/ruby.h:413:29: note: expanded from macro 'ID2SYM'
  413 | #define ID2SYM(x) RB_ID2SYM(x)
      |                             ^
/Library/Developer/CommandLineTools/SDKs/MacOSX.sdk/System/Library/Frameworks/Ruby.framework/Versions/2.6/usr/include/ruby-2.6.0/ruby/ruby.h:408:33: note: expanded from macro 'RB_ID2SYM'
  408 | #define RB_ID2SYM(x) (rb_id2sym(x))
      |                                 ^
oj.c:2009:25: warning: '(' and '{' tokens introducing statement expression appear in different macro expansion contexts [-Wcompound-token-split-by-macro]
 2009 |     strict_sym = ID2SYM(rb_intern("strict"));
      |                         ^~~~~~~~~~~~~~~~~~~
/Library/Developer/CommandLineTools/SDKs/MacOSX.sdk/System/Library/Frameworks/Ruby.framework/Versions/2.6/usr/include/ruby-2.6.0/ruby/ruby.h:1826:23: note: expanded from macro 'rb_intern'
 1826 |         __extension__ (RUBY_CONST_ID_CACHE((ID), (str))) : \
      |                       ^
/Library/Developer/CommandLineTools/SDKs/MacOSX.sdk/System/Library/Frameworks/Ruby.framework/Versions/2.6/usr/include/ruby-2.6.0/ruby/ruby.h:413:29: note: expanded from macro 'ID2SYM'
  413 | #define ID2SYM(x) RB_ID2SYM(x)
      |                             ^
/Library/Developer/CommandLineTools/SDKs/MacOSX.sdk/System/Library/Frameworks/Ruby.framework/Versions/2.6/usr/include/ruby-2.6.0/ruby/ruby.h:408:33: note: expanded from macro 'RB_ID2SYM'
  408 | #define RB_ID2SYM(x) (rb_id2sym(x))
      |                                 ^
oj.c:2009:25: note: '{' token is here
 2009 |     strict_sym = ID2SYM(rb_intern("strict"));
      |                         ^~~~~~~~~~~~~~~~~~~
/Library/Developer/CommandLineTools/SDKs/MacOSX.sdk/System/Library/Frameworks/Ruby.framework/Versions/2.6/usr/include/ruby-2.6.0/ruby/ruby.h:1826:24: note: expanded from macro 'rb_intern'
 1826 |         __extension__ (RUBY_CONST_ID_CACHE((ID), (str))) : \
      |                        ^~~~~~~~~~~~~~~~~~~~~~~~~~~~~~~~
/Library/Developer/CommandLineTools/SDKs/MacOSX.sdk/System/Library/Frameworks/Ruby.framework/Versions/2.6/usr/include/ruby-2.6.0/ruby/ruby.h:1811:5: note: expanded from macro 'RUBY_CONST_ID_CACHE'
 1811 |     {                                                   \
      |     ^
/Library/Developer/CommandLineTools/SDKs/MacOSX.sdk/System/Library/Frameworks/Ruby.framework/Versions/2.6/usr/include/ruby-2.6.0/ruby/ruby.h:413:29: note: expanded from macro 'ID2SYM'
  413 | #define ID2SYM(x) RB_ID2SYM(x)
      |                             ^
/Library/Developer/CommandLineTools/SDKs/MacOSX.sdk/System/Library/Frameworks/Ruby.framework/Versions/2.6/usr/include/ruby-2.6.0/ruby/ruby.h:408:33: note: expanded from macro 'RB_ID2SYM'
  408 | #define RB_ID2SYM(x) (rb_id2sym(x))
      |                                 ^
oj.c:2009:25: warning: '}' and ')' tokens terminating statement expression appear in different macro expansion contexts [-Wcompound-token-split-by-macro]
 2009 |     strict_sym = ID2SYM(rb_intern("strict"));
      |                         ^~~~~~~~~~~~~~~~~~~
/Library/Developer/CommandLineTools/SDKs/MacOSX.sdk/System/Library/Frameworks/Ruby.framework/Versions/2.6/usr/include/ruby-2.6.0/ruby/ruby.h:1826:24: note: expanded from macro 'rb_intern'
 1826 |         __extension__ (RUBY_CONST_ID_CACHE((ID), (str))) : \
      |                        ^~~~~~~~~~~~~~~~~~~~~~~~~~~~~~~~
/Library/Developer/CommandLineTools/SDKs/MacOSX.sdk/System/Library/Frameworks/Ruby.framework/Versions/2.6/usr/include/ruby-2.6.0/ruby/ruby.h:1816:5: note: expanded from macro 'RUBY_CONST_ID_CACHE'
 1816 |     }
      |     ^
/Library/Developer/CommandLineTools/SDKs/MacOSX.sdk/System/Library/Frameworks/Ruby.framework/Versions/2.6/usr/include/ruby-2.6.0/ruby/ruby.h:413:29: note: expanded from macro 'ID2SYM'
  413 | #define ID2SYM(x) RB_ID2SYM(x)
      |                             ^
/Library/Developer/CommandLineTools/SDKs/MacOSX.sdk/System/Library/Frameworks/Ruby.framework/Versions/2.6/usr/include/ruby-2.6.0/ruby/ruby.h:408:33: note: expanded from macro 'RB_ID2SYM'
  408 | #define RB_ID2SYM(x) (rb_id2sym(x))
      |                                 ^
oj.c:2009:25: note: ')' token is here
 2009 |     strict_sym = ID2SYM(rb_intern("strict"));
      |                         ^~~~~~~~~~~~~~~~~~~
/Library/Developer/CommandLineTools/SDKs/MacOSX.sdk/System/Library/Frameworks/Ruby.framework/Versions/2.6/usr/include/ruby-2.6.0/ruby/ruby.h:1826:56: note: expanded from macro 'rb_intern'
 1826 |         __extension__ (RUBY_CONST_ID_CACHE((ID), (str))) : \
      |                                                        ^
/Library/Developer/CommandLineTools/SDKs/MacOSX.sdk/System/Library/Frameworks/Ruby.framework/Versions/2.6/usr/include/ruby-2.6.0/ruby/ruby.h:413:29: note: expanded from macro 'ID2SYM'
  413 | #define ID2SYM(x) RB_ID2SYM(x)
      |                             ^
/Library/Developer/CommandLineTools/SDKs/MacOSX.sdk/System/Library/Frameworks/Ruby.framework/Versions/2.6/usr/include/ruby-2.6.0/ruby/ruby.h:408:33: note: expanded from macro 'RB_ID2SYM'
  408 | #define RB_ID2SYM(x) (rb_id2sym(x))
      |                                 ^
oj.c:2011:30: warning: '(' and '{' tokens introducing statement expression appear in different macro expansion contexts [-Wcompound-token-split-by-macro]
 2011 |     symbol_keys_sym = ID2SYM(rb_intern("symbol_keys"));
      |                              ^~~~~~~~~~~~~~~~~~~~~~~~
/Library/Developer/CommandLineTools/SDKs/MacOSX.sdk/System/Library/Frameworks/Ruby.framework/Versions/2.6/usr/include/ruby-2.6.0/ruby/ruby.h:1826:23: note: expanded from macro 'rb_intern'
 1826 |         __extension__ (RUBY_CONST_ID_CACHE((ID), (str))) : \
      |                       ^
/Library/Developer/CommandLineTools/SDKs/MacOSX.sdk/System/Library/Frameworks/Ruby.framework/Versions/2.6/usr/include/ruby-2.6.0/ruby/ruby.h:413:29: note: expanded from macro 'ID2SYM'
  413 | #define ID2SYM(x) RB_ID2SYM(x)
      |                             ^
/Library/Developer/CommandLineTools/SDKs/MacOSX.sdk/System/Library/Frameworks/Ruby.framework/Versions/2.6/usr/include/ruby-2.6.0/ruby/ruby.h:408:33: note: expanded from macro 'RB_ID2SYM'
  408 | #define RB_ID2SYM(x) (rb_id2sym(x))
      |                                 ^
oj.c:2011:30: note: '{' token is here
 2011 |     symbol_keys_sym = ID2SYM(rb_intern("symbol_keys"));
      |                              ^~~~~~~~~~~~~~~~~~~~~~~~
/Library/Developer/CommandLineTools/SDKs/MacOSX.sdk/System/Library/Frameworks/Ruby.framework/Versions/2.6/usr/include/ruby-2.6.0/ruby/ruby.h:1826:24: note: expanded from macro 'rb_intern'
 1826 |         __extension__ (RUBY_CONST_ID_CACHE((ID), (str))) : \
      |                        ^~~~~~~~~~~~~~~~~~~~~~~~~~~~~~~~
/Library/Developer/CommandLineTools/SDKs/MacOSX.sdk/System/Library/Frameworks/Ruby.framework/Versions/2.6/usr/include/ruby-2.6.0/ruby/ruby.h:1811:5: note: expanded from macro 'RUBY_CONST_ID_CACHE'
 1811 |     {                                                   \
      |     ^
/Library/Developer/CommandLineTools/SDKs/MacOSX.sdk/System/Library/Frameworks/Ruby.framework/Versions/2.6/usr/include/ruby-2.6.0/ruby/ruby.h:413:29: note: expanded from macro 'ID2SYM'
  413 | #define ID2SYM(x) RB_ID2SYM(x)
      |                             ^
/Library/Developer/CommandLineTools/SDKs/MacOSX.sdk/System/Library/Frameworks/Ruby.framework/Versions/2.6/usr/include/ruby-2.6.0/ruby/ruby.h:408:33: note: expanded from macro 'RB_ID2SYM'
  408 | #define RB_ID2SYM(x) (rb_id2sym(x))
      |                                 ^
oj.c:2011:30: warning: '}' and ')' tokens terminating statement expression appear in different macro expansion contexts [-Wcompound-token-split-by-macro]
 2011 |     symbol_keys_sym = ID2SYM(rb_intern("symbol_keys"));
      |                              ^~~~~~~~~~~~~~~~~~~~~~~~
/Library/Developer/CommandLineTools/SDKs/MacOSX.sdk/System/Library/Frameworks/Ruby.framework/Versions/2.6/usr/include/ruby-2.6.0/ruby/ruby.h:1826:24: note: expanded from macro 'rb_intern'
 1826 |         __extension__ (RUBY_CONST_ID_CACHE((ID), (str))) : \
      |                        ^~~~~~~~~~~~~~~~~~~~~~~~~~~~~~~~
/Library/Developer/CommandLineTools/SDKs/MacOSX.sdk/System/Library/Frameworks/Ruby.framework/Versions/2.6/usr/include/ruby-2.6.0/ruby/ruby.h:1816:5: note: expanded from macro 'RUBY_CONST_ID_CACHE'
 1816 |     }
      |     ^
/Library/Developer/CommandLineTools/SDKs/MacOSX.sdk/System/Library/Frameworks/Ruby.framework/Versions/2.6/usr/include/ruby-2.6.0/ruby/ruby.h:413:29: note: expanded from macro 'ID2SYM'
  413 | #define ID2SYM(x) RB_ID2SYM(x)
      |                             ^
/Library/Developer/CommandLineTools/SDKs/MacOSX.sdk/System/Library/Frameworks/Ruby.framework/Versions/2.6/usr/include/ruby-2.6.0/ruby/ruby.h:408:33: note: expanded from macro 'RB_ID2SYM'
  408 | #define RB_ID2SYM(x) (rb_id2sym(x))
      |                                 ^
oj.c:2011:30: note: ')' token is here
 2011 |     symbol_keys_sym = ID2SYM(rb_intern("symbol_keys"));
      |                              ^~~~~~~~~~~~~~~~~~~~~~~~
/Library/Developer/CommandLineTools/SDKs/MacOSX.sdk/System/Library/Frameworks/Ruby.framework/Versions/2.6/usr/include/ruby-2.6.0/ruby/ruby.h:1826:56: note: expanded from macro 'rb_intern'
 1826 |         __extension__ (RUBY_CONST_ID_CACHE((ID), (str))) : \
      |                                                        ^
/Library/Developer/CommandLineTools/SDKs/MacOSX.sdk/System/Library/Frameworks/Ruby.framework/Versions/2.6/usr/include/ruby-2.6.0/ruby/ruby.h:413:29: note: expanded from macro 'ID2SYM'
  413 | #define ID2SYM(x) RB_ID2SYM(x)
      |                             ^
/Library/Developer/CommandLineTools/SDKs/MacOSX.sdk/System/Library/Frameworks/Ruby.framework/Versions/2.6/usr/include/ruby-2.6.0/ruby/ruby.h:408:33: note: expanded from macro 'RB_ID2SYM'
  408 | #define RB_ID2SYM(x) (rb_id2sym(x))
      |                                 ^
oj.c:2013:37: warning: '(' and '{' tokens introducing statement expression appear in different macro expansion contexts [-Wcompound-token-split-by-macro]
 2013 |     oj_symbolize_names_sym = ID2SYM(rb_intern("symbolize_names"));
      |                                     ^~~~~~~~~~~~~~~~~~~~~~~~~~~~
/Library/Developer/CommandLineTools/SDKs/MacOSX.sdk/System/Library/Frameworks/Ruby.framework/Versions/2.6/usr/include/ruby-2.6.0/ruby/ruby.h:1826:23: note: expanded from macro 'rb_intern'
 1826 |         __extension__ (RUBY_CONST_ID_CACHE((ID), (str))) : \
      |                       ^
/Library/Developer/CommandLineTools/SDKs/MacOSX.sdk/System/Library/Frameworks/Ruby.framework/Versions/2.6/usr/include/ruby-2.6.0/ruby/ruby.h:413:29: note: expanded from macro 'ID2SYM'
  413 | #define ID2SYM(x) RB_ID2SYM(x)
      |                             ^
/Library/Developer/CommandLineTools/SDKs/MacOSX.sdk/System/Library/Frameworks/Ruby.framework/Versions/2.6/usr/include/ruby-2.6.0/ruby/ruby.h:408:33: note: expanded from macro 'RB_ID2SYM'
  408 | #define RB_ID2SYM(x) (rb_id2sym(x))
      |                                 ^
oj.c:2013:37: note: '{' token is here
 2013 |     oj_symbolize_names_sym = ID2SYM(rb_intern("symbolize_names"));
      |                                     ^~~~~~~~~~~~~~~~~~~~~~~~~~~~
/Library/Developer/CommandLineTools/SDKs/MacOSX.sdk/System/Library/Frameworks/Ruby.framework/Versions/2.6/usr/include/ruby-2.6.0/ruby/ruby.h:1826:24: note: expanded from macro 'rb_intern'
 1826 |         __extension__ (RUBY_CONST_ID_CACHE((ID), (str))) : \
      |                        ^~~~~~~~~~~~~~~~~~~~~~~~~~~~~~~~
/Library/Developer/CommandLineTools/SDKs/MacOSX.sdk/System/Library/Frameworks/Ruby.framework/Versions/2.6/usr/include/ruby-2.6.0/ruby/ruby.h:1811:5: note: expanded from macro 'RUBY_CONST_ID_CACHE'
 1811 |     {                                                   \
      |     ^
/Library/Developer/CommandLineTools/SDKs/MacOSX.sdk/System/Library/Frameworks/Ruby.framework/Versions/2.6/usr/include/ruby-2.6.0/ruby/ruby.h:413:29: note: expanded from macro 'ID2SYM'
  413 | #define ID2SYM(x) RB_ID2SYM(x)
      |                             ^
/Library/Developer/CommandLineTools/SDKs/MacOSX.sdk/System/Library/Frameworks/Ruby.framework/Versions/2.6/usr/include/ruby-2.6.0/ruby/ruby.h:408:33: note: expanded from macro 'RB_ID2SYM'
  408 | #define RB_ID2SYM(x) (rb_id2sym(x))
      |                                 ^
oj.c:2013:37: warning: '}' and ')' tokens terminating statement expression appear in different macro expansion contexts [-Wcompound-token-split-by-macro]
 2013 |     oj_symbolize_names_sym = ID2SYM(rb_intern("symbolize_names"));
      |                                     ^~~~~~~~~~~~~~~~~~~~~~~~~~~~
/Library/Developer/CommandLineTools/SDKs/MacOSX.sdk/System/Library/Frameworks/Ruby.framework/Versions/2.6/usr/include/ruby-2.6.0/ruby/ruby.h:1826:24: note: expanded from macro 'rb_intern'
 1826 |         __extension__ (RUBY_CONST_ID_CACHE((ID), (str))) : \
      |                        ^~~~~~~~~~~~~~~~~~~~~~~~~~~~~~~~
/Library/Developer/CommandLineTools/SDKs/MacOSX.sdk/System/Library/Frameworks/Ruby.framework/Versions/2.6/usr/include/ruby-2.6.0/ruby/ruby.h:1816:5: note: expanded from macro 'RUBY_CONST_ID_CACHE'
 1816 |     }
      |     ^
/Library/Developer/CommandLineTools/SDKs/MacOSX.sdk/System/Library/Frameworks/Ruby.framework/Versions/2.6/usr/include/ruby-2.6.0/ruby/ruby.h:413:29: note: expanded from macro 'ID2SYM'
  413 | #define ID2SYM(x) RB_ID2SYM(x)
      |                             ^
/Library/Developer/CommandLineTools/SDKs/MacOSX.sdk/System/Library/Frameworks/Ruby.framework/Versions/2.6/usr/include/ruby-2.6.0/ruby/ruby.h:408:33: note: expanded from macro 'RB_ID2SYM'
  408 | #define RB_ID2SYM(x) (rb_id2sym(x))
      |                                 ^
oj.c:2013:37: note: ')' token is here
 2013 |     oj_symbolize_names_sym = ID2SYM(rb_intern("symbolize_names"));
      |                                     ^~~~~~~~~~~~~~~~~~~~~~~~~~~~
/Library/Developer/CommandLineTools/SDKs/MacOSX.sdk/System/Library/Frameworks/Ruby.framework/Versions/2.6/usr/include/ruby-2.6.0/ruby/ruby.h:1826:56: note: expanded from macro 'rb_intern'
 1826 |         __extension__ (RUBY_CONST_ID_CACHE((ID), (str))) : \
      |                                                        ^
/Library/Developer/CommandLineTools/SDKs/MacOSX.sdk/System/Library/Frameworks/Ruby.framework/Versions/2.6/usr/include/ruby-2.6.0/ruby/ruby.h:413:29: note: expanded from macro 'ID2SYM'
  413 | #define ID2SYM(x) RB_ID2SYM(x)
      |                             ^
/Library/Developer/CommandLineTools/SDKs/MacOSX.sdk/System/Library/Frameworks/Ruby.framework/Versions/2.6/usr/include/ruby-2.6.0/ruby/ruby.h:408:33: note: expanded from macro 'RB_ID2SYM'
  408 | #define RB_ID2SYM(x) (rb_id2sym(x))
      |                                 ^
oj.c:2015:30: warning: '(' and '{' tokens introducing statement expression appear in different macro expansion contexts [-Wcompound-token-split-by-macro]
 2015 |     time_format_sym = ID2SYM(rb_intern("time_format"));
      |                              ^~~~~~~~~~~~~~~~~~~~~~~~
/Library/Developer/CommandLineTools/SDKs/MacOSX.sdk/System/Library/Frameworks/Ruby.framework/Versions/2.6/usr/include/ruby-2.6.0/ruby/ruby.h:1826:23: note: expanded from macro 'rb_intern'
 1826 |         __extension__ (RUBY_CONST_ID_CACHE((ID), (str))) : \
      |                       ^
/Library/Developer/CommandLineTools/SDKs/MacOSX.sdk/System/Library/Frameworks/Ruby.framework/Versions/2.6/usr/include/ruby-2.6.0/ruby/ruby.h:413:29: note: expanded from macro 'ID2SYM'
  413 | #define ID2SYM(x) RB_ID2SYM(x)
      |                             ^
/Library/Developer/CommandLineTools/SDKs/MacOSX.sdk/System/Library/Frameworks/Ruby.framework/Versions/2.6/usr/include/ruby-2.6.0/ruby/ruby.h:408:33: note: expanded from macro 'RB_ID2SYM'
  408 | #define RB_ID2SYM(x) (rb_id2sym(x))
      |                                 ^
oj.c:2015:30: note: '{' token is here
 2015 |     time_format_sym = ID2SYM(rb_intern("time_format"));
      |                              ^~~~~~~~~~~~~~~~~~~~~~~~
/Library/Developer/CommandLineTools/SDKs/MacOSX.sdk/System/Library/Frameworks/Ruby.framework/Versions/2.6/usr/include/ruby-2.6.0/ruby/ruby.h:1826:24: note: expanded from macro 'rb_intern'
 1826 |         __extension__ (RUBY_CONST_ID_CACHE((ID), (str))) : \
      |                        ^~~~~~~~~~~~~~~~~~~~~~~~~~~~~~~~
/Library/Developer/CommandLineTools/SDKs/MacOSX.sdk/System/Library/Frameworks/Ruby.framework/Versions/2.6/usr/include/ruby-2.6.0/ruby/ruby.h:1811:5: note: expanded from macro 'RUBY_CONST_ID_CACHE'
 1811 |     {                                                   \
      |     ^
/Library/Developer/CommandLineTools/SDKs/MacOSX.sdk/System/Library/Frameworks/Ruby.framework/Versions/2.6/usr/include/ruby-2.6.0/ruby/ruby.h:413:29: note: expanded from macro 'ID2SYM'
  413 | #define ID2SYM(x) RB_ID2SYM(x)
      |                             ^
/Library/Developer/CommandLineTools/SDKs/MacOSX.sdk/System/Library/Frameworks/Ruby.framework/Versions/2.6/usr/include/ruby-2.6.0/ruby/ruby.h:408:33: note: expanded from macro 'RB_ID2SYM'
  408 | #define RB_ID2SYM(x) (rb_id2sym(x))
      |                                 ^
oj.c:2015:30: warning: '}' and ')' tokens terminating statement expression appear in different macro expansion contexts [-Wcompound-token-split-by-macro]
 2015 |     time_format_sym = ID2SYM(rb_intern("time_format"));
      |                              ^~~~~~~~~~~~~~~~~~~~~~~~
/Library/Developer/CommandLineTools/SDKs/MacOSX.sdk/System/Library/Frameworks/Ruby.framework/Versions/2.6/usr/include/ruby-2.6.0/ruby/ruby.h:1826:24: note: expanded from macro 'rb_intern'
 1826 |         __extension__ (RUBY_CONST_ID_CACHE((ID), (str))) : \
      |                        ^~~~~~~~~~~~~~~~~~~~~~~~~~~~~~~~
/Library/Developer/CommandLineTools/SDKs/MacOSX.sdk/System/Library/Frameworks/Ruby.framework/Versions/2.6/usr/include/ruby-2.6.0/ruby/ruby.h:1816:5: note: expanded from macro 'RUBY_CONST_ID_CACHE'
 1816 |     }
      |     ^
/Library/Developer/CommandLineTools/SDKs/MacOSX.sdk/System/Library/Frameworks/Ruby.framework/Versions/2.6/usr/include/ruby-2.6.0/ruby/ruby.h:413:29: note: expanded from macro 'ID2SYM'
  413 | #define ID2SYM(x) RB_ID2SYM(x)
      |                             ^
/Library/Developer/CommandLineTools/SDKs/MacOSX.sdk/System/Library/Frameworks/Ruby.framework/Versions/2.6/usr/include/ruby-2.6.0/ruby/ruby.h:408:33: note: expanded from macro 'RB_ID2SYM'
  408 | #define RB_ID2SYM(x) (rb_id2sym(x))
      |                                 ^
oj.c:2015:30: note: ')' token is here
 2015 |     time_format_sym = ID2SYM(rb_intern("time_format"));
      |                              ^~~~~~~~~~~~~~~~~~~~~~~~
/Library/Developer/CommandLineTools/SDKs/MacOSX.sdk/System/Library/Frameworks/Ruby.framework/Versions/2.6/usr/include/ruby-2.6.0/ruby/ruby.h:1826:56: note: expanded from macro 'rb_intern'
 1826 |         __extension__ (RUBY_CONST_ID_CACHE((ID), (str))) : \
      |                                                        ^
/Library/Developer/CommandLineTools/SDKs/MacOSX.sdk/System/Library/Frameworks/Ruby.framework/Versions/2.6/usr/include/ruby-2.6.0/ruby/ruby.h:413:29: note: expanded from macro 'ID2SYM'
  413 | #define ID2SYM(x) RB_ID2SYM(x)
      |                             ^
/Library/Developer/CommandLineTools/SDKs/MacOSX.sdk/System/Library/Frameworks/Ruby.framework/Versions/2.6/usr/include/ruby-2.6.0/ruby/ruby.h:408:33: note: expanded from macro 'RB_ID2SYM'
  408 | #define RB_ID2SYM(x) (rb_id2sym(x))
      |                                 ^
oj.c:2017:30: warning: '(' and '{' tokens introducing statement expression appear in different macro expansion contexts [-Wcompound-token-split-by-macro]
 2017 |     unicode_xss_sym = ID2SYM(rb_intern("unicode_xss"));
      |                              ^~~~~~~~~~~~~~~~~~~~~~~~
/Library/Developer/CommandLineTools/SDKs/MacOSX.sdk/System/Library/Frameworks/Ruby.framework/Versions/2.6/usr/include/ruby-2.6.0/ruby/ruby.h:1826:23: note: expanded from macro 'rb_intern'
 1826 |         __extension__ (RUBY_CONST_ID_CACHE((ID), (str))) : \
      |                       ^
/Library/Developer/CommandLineTools/SDKs/MacOSX.sdk/System/Library/Frameworks/Ruby.framework/Versions/2.6/usr/include/ruby-2.6.0/ruby/ruby.h:413:29: note: expanded from macro 'ID2SYM'
  413 | #define ID2SYM(x) RB_ID2SYM(x)
      |                             ^
/Library/Developer/CommandLineTools/SDKs/MacOSX.sdk/System/Library/Frameworks/Ruby.framework/Versions/2.6/usr/include/ruby-2.6.0/ruby/ruby.h:408:33: note: expanded from macro 'RB_ID2SYM'
  408 | #define RB_ID2SYM(x) (rb_id2sym(x))
      |                                 ^
oj.c:2017:30: note: '{' token is here
 2017 |     unicode_xss_sym = ID2SYM(rb_intern("unicode_xss"));
      |                              ^~~~~~~~~~~~~~~~~~~~~~~~
/Library/Developer/CommandLineTools/SDKs/MacOSX.sdk/System/Library/Frameworks/Ruby.framework/Versions/2.6/usr/include/ruby-2.6.0/ruby/ruby.h:1826:24: note: expanded from macro 'rb_intern'
 1826 |         __extension__ (RUBY_CONST_ID_CACHE((ID), (str))) : \
      |                        ^~~~~~~~~~~~~~~~~~~~~~~~~~~~~~~~
/Library/Developer/CommandLineTools/SDKs/MacOSX.sdk/System/Library/Frameworks/Ruby.framework/Versions/2.6/usr/include/ruby-2.6.0/ruby/ruby.h:1811:5: note: expanded from macro 'RUBY_CONST_ID_CACHE'
 1811 |     {                                                   \
      |     ^
/Library/Developer/CommandLineTools/SDKs/MacOSX.sdk/System/Library/Frameworks/Ruby.framework/Versions/2.6/usr/include/ruby-2.6.0/ruby/ruby.h:413:29: note: expanded from macro 'ID2SYM'
  413 | #define ID2SYM(x) RB_ID2SYM(x)
      |                             ^
/Library/Developer/CommandLineTools/SDKs/MacOSX.sdk/System/Library/Frameworks/Ruby.framework/Versions/2.6/usr/include/ruby-2.6.0/ruby/ruby.h:408:33: note: expanded from macro 'RB_ID2SYM'
  408 | #define RB_ID2SYM(x) (rb_id2sym(x))
      |                                 ^
oj.c:2017:30: warning: '}' and ')' tokens terminating statement expression appear in different macro expansion contexts [-Wcompound-token-split-by-macro]
 2017 |     unicode_xss_sym = ID2SYM(rb_intern("unicode_xss"));
      |                              ^~~~~~~~~~~~~~~~~~~~~~~~
/Library/Developer/CommandLineTools/SDKs/MacOSX.sdk/System/Library/Frameworks/Ruby.framework/Versions/2.6/usr/include/ruby-2.6.0/ruby/ruby.h:1826:24: note: expanded from macro 'rb_intern'
 1826 |         __extension__ (RUBY_CONST_ID_CACHE((ID), (str))) : \
      |                        ^~~~~~~~~~~~~~~~~~~~~~~~~~~~~~~~
/Library/Developer/CommandLineTools/SDKs/MacOSX.sdk/System/Library/Frameworks/Ruby.framework/Versions/2.6/usr/include/ruby-2.6.0/ruby/ruby.h:1816:5: note: expanded from macro 'RUBY_CONST_ID_CACHE'
 1816 |     }
      |     ^
/Library/Developer/CommandLineTools/SDKs/MacOSX.sdk/System/Library/Frameworks/Ruby.framework/Versions/2.6/usr/include/ruby-2.6.0/ruby/ruby.h:413:29: note: expanded from macro 'ID2SYM'
  413 | #define ID2SYM(x) RB_ID2SYM(x)
      |                             ^
/Library/Developer/CommandLineTools/SDKs/MacOSX.sdk/System/Library/Frameworks/Ruby.framework/Versions/2.6/usr/include/ruby-2.6.0/ruby/ruby.h:408:33: note: expanded from macro 'RB_ID2SYM'
  408 | #define RB_ID2SYM(x) (rb_id2sym(x))
      |                                 ^
oj.c:2017:30: note: ')' token is here
 2017 |     unicode_xss_sym = ID2SYM(rb_intern("unicode_xss"));
      |                              ^~~~~~~~~~~~~~~~~~~~~~~~
/Library/Developer/CommandLineTools/SDKs/MacOSX.sdk/System/Library/Frameworks/Ruby.framework/Versions/2.6/usr/include/ruby-2.6.0/ruby/ruby.h:1826:56: note: expanded from macro 'rb_intern'
 1826 |         __extension__ (RUBY_CONST_ID_CACHE((ID), (str))) : \
      |                                                        ^
/Library/Developer/CommandLineTools/SDKs/MacOSX.sdk/System/Library/Frameworks/Ruby.framework/Versions/2.6/usr/include/ruby-2.6.0/ruby/ruby.h:413:29: note: expanded from macro 'ID2SYM'
  413 | #define ID2SYM(x) RB_ID2SYM(x)
      |                             ^
/Library/Developer/CommandLineTools/SDKs/MacOSX.sdk/System/Library/Frameworks/Ruby.framework/Versions/2.6/usr/include/ruby-2.6.0/ruby/ruby.h:408:33: note: expanded from macro 'RB_ID2SYM'
  408 | #define RB_ID2SYM(x) (rb_id2sym(x))
      |                                 ^
oj.c:2019:23: warning: '(' and '{' tokens introducing statement expression appear in different macro expansion contexts [-Wcompound-token-split-by-macro]
 2019 |     unix_sym = ID2SYM(rb_intern("unix"));
      |                       ^~~~~~~~~~~~~~~~~
/Library/Developer/CommandLineTools/SDKs/MacOSX.sdk/System/Library/Frameworks/Ruby.framework/Versions/2.6/usr/include/ruby-2.6.0/ruby/ruby.h:1826:23: note: expanded from macro 'rb_intern'
 1826 |         __extension__ (RUBY_CONST_ID_CACHE((ID), (str))) : \
      |                       ^
/Library/Developer/CommandLineTools/SDKs/MacOSX.sdk/System/Library/Frameworks/Ruby.framework/Versions/2.6/usr/include/ruby-2.6.0/ruby/ruby.h:413:29: note: expanded from macro 'ID2SYM'
  413 | #define ID2SYM(x) RB_ID2SYM(x)
      |                             ^
/Library/Developer/CommandLineTools/SDKs/MacOSX.sdk/System/Library/Frameworks/Ruby.framework/Versions/2.6/usr/include/ruby-2.6.0/ruby/ruby.h:408:33: note: expanded from macro 'RB_ID2SYM'
  408 | #define RB_ID2SYM(x) (rb_id2sym(x))
      |                                 ^
oj.c:2019:23: note: '{' token is here
 2019 |     unix_sym = ID2SYM(rb_intern("unix"));
      |                       ^~~~~~~~~~~~~~~~~
/Library/Developer/CommandLineTools/SDKs/MacOSX.sdk/System/Library/Frameworks/Ruby.framework/Versions/2.6/usr/include/ruby-2.6.0/ruby/ruby.h:1826:24: note: expanded from macro 'rb_intern'
 1826 |         __extension__ (RUBY_CONST_ID_CACHE((ID), (str))) : \
      |                        ^~~~~~~~~~~~~~~~~~~~~~~~~~~~~~~~
/Library/Developer/CommandLineTools/SDKs/MacOSX.sdk/System/Library/Frameworks/Ruby.framework/Versions/2.6/usr/include/ruby-2.6.0/ruby/ruby.h:1811:5: note: expanded from macro 'RUBY_CONST_ID_CACHE'
 1811 |     {                                                   \
      |     ^
/Library/Developer/CommandLineTools/SDKs/MacOSX.sdk/System/Library/Frameworks/Ruby.framework/Versions/2.6/usr/include/ruby-2.6.0/ruby/ruby.h:413:29: note: expanded from macro 'ID2SYM'
  413 | #define ID2SYM(x) RB_ID2SYM(x)
      |                             ^
/Library/Developer/CommandLineTools/SDKs/MacOSX.sdk/System/Library/Frameworks/Ruby.framework/Versions/2.6/usr/include/ruby-2.6.0/ruby/ruby.h:408:33: note: expanded from macro 'RB_ID2SYM'
  408 | #define RB_ID2SYM(x) (rb_id2sym(x))
      |                                 ^
oj.c:2019:23: warning: '}' and ')' tokens terminating statement expression appear in different macro expansion contexts [-Wcompound-token-split-by-macro]
 2019 |     unix_sym = ID2SYM(rb_intern("unix"));
      |                       ^~~~~~~~~~~~~~~~~
/Library/Developer/CommandLineTools/SDKs/MacOSX.sdk/System/Library/Frameworks/Ruby.framework/Versions/2.6/usr/include/ruby-2.6.0/ruby/ruby.h:1826:24: note: expanded from macro 'rb_intern'
 1826 |         __extension__ (RUBY_CONST_ID_CACHE((ID), (str))) : \
      |                        ^~~~~~~~~~~~~~~~~~~~~~~~~~~~~~~~
/Library/Developer/CommandLineTools/SDKs/MacOSX.sdk/System/Library/Frameworks/Ruby.framework/Versions/2.6/usr/include/ruby-2.6.0/ruby/ruby.h:1816:5: note: expanded from macro 'RUBY_CONST_ID_CACHE'
 1816 |     }
      |     ^
/Library/Developer/CommandLineTools/SDKs/MacOSX.sdk/System/Library/Frameworks/Ruby.framework/Versions/2.6/usr/include/ruby-2.6.0/ruby/ruby.h:413:29: note: expanded from macro 'ID2SYM'
  413 | #define ID2SYM(x) RB_ID2SYM(x)
      |                             ^
/Library/Developer/CommandLineTools/SDKs/MacOSX.sdk/System/Library/Frameworks/Ruby.framework/Versions/2.6/usr/include/ruby-2.6.0/ruby/ruby.h:408:33: note: expanded from macro 'RB_ID2SYM'
  408 | #define RB_ID2SYM(x) (rb_id2sym(x))
      |                                 ^
oj.c:2019:23: note: ')' token is here
 2019 |     unix_sym = ID2SYM(rb_intern("unix"));
      |                       ^~~~~~~~~~~~~~~~~
/Library/Developer/CommandLineTools/SDKs/MacOSX.sdk/System/Library/Frameworks/Ruby.framework/Versions/2.6/usr/include/ruby-2.6.0/ruby/ruby.h:1826:56: note: expanded from macro 'rb_intern'
 1826 |         __extension__ (RUBY_CONST_ID_CACHE((ID), (str))) : \
      |                                                        ^
/Library/Developer/CommandLineTools/SDKs/MacOSX.sdk/System/Library/Frameworks/Ruby.framework/Versions/2.6/usr/include/ruby-2.6.0/ruby/ruby.h:413:29: note: expanded from macro 'ID2SYM'
  413 | #define ID2SYM(x) RB_ID2SYM(x)
      |                             ^
/Library/Developer/CommandLineTools/SDKs/MacOSX.sdk/System/Library/Frameworks/Ruby.framework/Versions/2.6/usr/include/ruby-2.6.0/ruby/ruby.h:408:33: note: expanded from macro 'RB_ID2SYM'
  408 | #define RB_ID2SYM(x) (rb_id2sym(x))
      |                                 ^
oj.c:2021:28: warning: '(' and '{' tokens introducing statement expression appear in different macro expansion contexts [-Wcompound-token-split-by-macro]
 2021 |     unix_zone_sym = ID2SYM(rb_intern("unix_zone"));
      |                            ^~~~~~~~~~~~~~~~~~~~~~
/Library/Developer/CommandLineTools/SDKs/MacOSX.sdk/System/Library/Frameworks/Ruby.framework/Versions/2.6/usr/include/ruby-2.6.0/ruby/ruby.h:1826:23: note: expanded from macro 'rb_intern'
 1826 |         __extension__ (RUBY_CONST_ID_CACHE((ID), (str))) : \
      |                       ^
/Library/Developer/CommandLineTools/SDKs/MacOSX.sdk/System/Library/Frameworks/Ruby.framework/Versions/2.6/usr/include/ruby-2.6.0/ruby/ruby.h:413:29: note: expanded from macro 'ID2SYM'
  413 | #define ID2SYM(x) RB_ID2SYM(x)
      |                             ^
/Library/Developer/CommandLineTools/SDKs/MacOSX.sdk/System/Library/Frameworks/Ruby.framework/Versions/2.6/usr/include/ruby-2.6.0/ruby/ruby.h:408:33: note: expanded from macro 'RB_ID2SYM'
  408 | #define RB_ID2SYM(x) (rb_id2sym(x))
      |                                 ^
oj.c:2021:28: note: '{' token is here
 2021 |     unix_zone_sym = ID2SYM(rb_intern("unix_zone"));
      |                            ^~~~~~~~~~~~~~~~~~~~~~
/Library/Developer/CommandLineTools/SDKs/MacOSX.sdk/System/Library/Frameworks/Ruby.framework/Versions/2.6/usr/include/ruby-2.6.0/ruby/ruby.h:1826:24: note: expanded from macro 'rb_intern'
 1826 |         __extension__ (RUBY_CONST_ID_CACHE((ID), (str))) : \
      |                        ^~~~~~~~~~~~~~~~~~~~~~~~~~~~~~~~
/Library/Developer/CommandLineTools/SDKs/MacOSX.sdk/System/Library/Frameworks/Ruby.framework/Versions/2.6/usr/include/ruby-2.6.0/ruby/ruby.h:1811:5: note: expanded from macro 'RUBY_CONST_ID_CACHE'
 1811 |     {                                                   \
      |     ^
/Library/Developer/CommandLineTools/SDKs/MacOSX.sdk/System/Library/Frameworks/Ruby.framework/Versions/2.6/usr/include/ruby-2.6.0/ruby/ruby.h:413:29: note: expanded from macro 'ID2SYM'
  413 | #define ID2SYM(x) RB_ID2SYM(x)
      |                             ^
/Library/Developer/CommandLineTools/SDKs/MacOSX.sdk/System/Library/Frameworks/Ruby.framework/Versions/2.6/usr/include/ruby-2.6.0/ruby/ruby.h:408:33: note: expanded from macro 'RB_ID2SYM'
  408 | #define RB_ID2SYM(x) (rb_id2sym(x))
      |                                 ^
oj.c:2021:28: warning: '}' and ')' tokens terminating statement expression appear in different macro expansion contexts [-Wcompound-token-split-by-macro]
 2021 |     unix_zone_sym = ID2SYM(rb_intern("unix_zone"));
      |                            ^~~~~~~~~~~~~~~~~~~~~~
/Library/Developer/CommandLineTools/SDKs/MacOSX.sdk/System/Library/Frameworks/Ruby.framework/Versions/2.6/usr/include/ruby-2.6.0/ruby/ruby.h:1826:24: note: expanded from macro 'rb_intern'
 1826 |         __extension__ (RUBY_CONST_ID_CACHE((ID), (str))) : \
      |                        ^~~~~~~~~~~~~~~~~~~~~~~~~~~~~~~~
/Library/Developer/CommandLineTools/SDKs/MacOSX.sdk/System/Library/Frameworks/Ruby.framework/Versions/2.6/usr/include/ruby-2.6.0/ruby/ruby.h:1816:5: note: expanded from macro 'RUBY_CONST_ID_CACHE'
 1816 |     }
      |     ^
/Library/Developer/CommandLineTools/SDKs/MacOSX.sdk/System/Library/Frameworks/Ruby.framework/Versions/2.6/usr/include/ruby-2.6.0/ruby/ruby.h:413:29: note: expanded from macro 'ID2SYM'
  413 | #define ID2SYM(x) RB_ID2SYM(x)
      |                             ^
/Library/Developer/CommandLineTools/SDKs/MacOSX.sdk/System/Library/Frameworks/Ruby.framework/Versions/2.6/usr/include/ruby-2.6.0/ruby/ruby.h:408:33: note: expanded from macro 'RB_ID2SYM'
  408 | #define RB_ID2SYM(x) (rb_id2sym(x))
      |                                 ^
oj.c:2021:28: note: ')' token is here
 2021 |     unix_zone_sym = ID2SYM(rb_intern("unix_zone"));
      |                            ^~~~~~~~~~~~~~~~~~~~~~
/Library/Developer/CommandLineTools/SDKs/MacOSX.sdk/System/Library/Frameworks/Ruby.framework/Versions/2.6/usr/include/ruby-2.6.0/ruby/ruby.h:1826:56: note: expanded from macro 'rb_intern'
 1826 |         __extension__ (RUBY_CONST_ID_CACHE((ID), (str))) : \
      |                                                        ^
/Library/Developer/CommandLineTools/SDKs/MacOSX.sdk/System/Library/Frameworks/Ruby.framework/Versions/2.6/usr/include/ruby-2.6.0/ruby/ruby.h:413:29: note: expanded from macro 'ID2SYM'
  413 | #define ID2SYM(x) RB_ID2SYM(x)
      |                             ^
/Library/Developer/CommandLineTools/SDKs/MacOSX.sdk/System/Library/Frameworks/Ruby.framework/Versions/2.6/usr/include/ruby-2.6.0/ruby/ruby.h:408:33: note: expanded from macro 'RB_ID2SYM'
  408 | #define RB_ID2SYM(x) (rb_id2sym(x))
      |                                 ^
oj.c:2023:30: warning: '(' and '{' tokens introducing statement expression appear in different macro expansion contexts [-Wcompound-token-split-by-macro]
 2023 |     use_as_json_sym = ID2SYM(rb_intern("use_as_json"));
      |                              ^~~~~~~~~~~~~~~~~~~~~~~~
/Library/Developer/CommandLineTools/SDKs/MacOSX.sdk/System/Library/Frameworks/Ruby.framework/Versions/2.6/usr/include/ruby-2.6.0/ruby/ruby.h:1826:23: note: expanded from macro 'rb_intern'
 1826 |         __extension__ (RUBY_CONST_ID_CACHE((ID), (str))) : \
      |                       ^
/Library/Developer/CommandLineTools/SDKs/MacOSX.sdk/System/Library/Frameworks/Ruby.framework/Versions/2.6/usr/include/ruby-2.6.0/ruby/ruby.h:413:29: note: expanded from macro 'ID2SYM'
  413 | #define ID2SYM(x) RB_ID2SYM(x)
      |                             ^
/Library/Developer/CommandLineTools/SDKs/MacOSX.sdk/System/Library/Frameworks/Ruby.framework/Versions/2.6/usr/include/ruby-2.6.0/ruby/ruby.h:408:33: note: expanded from macro 'RB_ID2SYM'
  408 | #define RB_ID2SYM(x) (rb_id2sym(x))
      |                                 ^
oj.c:2023:30: note: '{' token is here
 2023 |     use_as_json_sym = ID2SYM(rb_intern("use_as_json"));
      |                              ^~~~~~~~~~~~~~~~~~~~~~~~
/Library/Developer/CommandLineTools/SDKs/MacOSX.sdk/System/Library/Frameworks/Ruby.framework/Versions/2.6/usr/include/ruby-2.6.0/ruby/ruby.h:1826:24: note: expanded from macro 'rb_intern'
 1826 |         __extension__ (RUBY_CONST_ID_CACHE((ID), (str))) : \
      |                        ^~~~~~~~~~~~~~~~~~~~~~~~~~~~~~~~
/Library/Developer/CommandLineTools/SDKs/MacOSX.sdk/System/Library/Frameworks/Ruby.framework/Versions/2.6/usr/include/ruby-2.6.0/ruby/ruby.h:1811:5: note: expanded from macro 'RUBY_CONST_ID_CACHE'
 1811 |     {                                                   \
      |     ^
/Library/Developer/CommandLineTools/SDKs/MacOSX.sdk/System/Library/Frameworks/Ruby.framework/Versions/2.6/usr/include/ruby-2.6.0/ruby/ruby.h:413:29: note: expanded from macro 'ID2SYM'
  413 | #define ID2SYM(x) RB_ID2SYM(x)
      |                             ^
/Library/Developer/CommandLineTools/SDKs/MacOSX.sdk/System/Library/Frameworks/Ruby.framework/Versions/2.6/usr/include/ruby-2.6.0/ruby/ruby.h:408:33: note: expanded from macro 'RB_ID2SYM'
  408 | #define RB_ID2SYM(x) (rb_id2sym(x))
      |                                 ^
oj.c:2023:30: warning: '}' and ')' tokens terminating statement expression appear in different macro expansion contexts [-Wcompound-token-split-by-macro]
 2023 |     use_as_json_sym = ID2SYM(rb_intern("use_as_json"));
      |                              ^~~~~~~~~~~~~~~~~~~~~~~~
/Library/Developer/CommandLineTools/SDKs/MacOSX.sdk/System/Library/Frameworks/Ruby.framework/Versions/2.6/usr/include/ruby-2.6.0/ruby/ruby.h:1826:24: note: expanded from macro 'rb_intern'
 1826 |         __extension__ (RUBY_CONST_ID_CACHE((ID), (str))) : \
      |                        ^~~~~~~~~~~~~~~~~~~~~~~~~~~~~~~~
/Library/Developer/CommandLineTools/SDKs/MacOSX.sdk/System/Library/Frameworks/Ruby.framework/Versions/2.6/usr/include/ruby-2.6.0/ruby/ruby.h:1816:5: note: expanded from macro 'RUBY_CONST_ID_CACHE'
 1816 |     }
      |     ^
/Library/Developer/CommandLineTools/SDKs/MacOSX.sdk/System/Library/Frameworks/Ruby.framework/Versions/2.6/usr/include/ruby-2.6.0/ruby/ruby.h:413:29: note: expanded from macro 'ID2SYM'
  413 | #define ID2SYM(x) RB_ID2SYM(x)
      |                             ^
/Library/Developer/CommandLineTools/SDKs/MacOSX.sdk/System/Library/Frameworks/Ruby.framework/Versions/2.6/usr/include/ruby-2.6.0/ruby/ruby.h:408:33: note: expanded from macro 'RB_ID2SYM'
  408 | #define RB_ID2SYM(x) (rb_id2sym(x))
      |                                 ^
oj.c:2023:30: note: ')' token is here
 2023 |     use_as_json_sym = ID2SYM(rb_intern("use_as_json"));
      |                              ^~~~~~~~~~~~~~~~~~~~~~~~
/Library/Developer/CommandLineTools/SDKs/MacOSX.sdk/System/Library/Frameworks/Ruby.framework/Versions/2.6/usr/include/ruby-2.6.0/ruby/ruby.h:1826:56: note: expanded from macro 'rb_intern'
 1826 |         __extension__ (RUBY_CONST_ID_CACHE((ID), (str))) : \
      |                                                        ^
/Library/Developer/CommandLineTools/SDKs/MacOSX.sdk/System/Library/Frameworks/Ruby.framework/Versions/2.6/usr/include/ruby-2.6.0/ruby/ruby.h:413:29: note: expanded from macro 'ID2SYM'
  413 | #define ID2SYM(x) RB_ID2SYM(x)
      |                             ^
/Library/Developer/CommandLineTools/SDKs/MacOSX.sdk/System/Library/Frameworks/Ruby.framework/Versions/2.6/usr/include/ruby-2.6.0/ruby/ruby.h:408:33: note: expanded from macro 'RB_ID2SYM'
  408 | #define RB_ID2SYM(x) (rb_id2sym(x))
      |                                 ^
oj.c:2025:31: warning: '(' and '{' tokens introducing statement expression appear in different macro expansion contexts [-Wcompound-token-split-by-macro]
 2025 |     use_raw_json_sym = ID2SYM(rb_intern("use_raw_json"));
      |                               ^~~~~~~~~~~~~~~~~~~~~~~~~
/Library/Developer/CommandLineTools/SDKs/MacOSX.sdk/System/Library/Frameworks/Ruby.framework/Versions/2.6/usr/include/ruby-2.6.0/ruby/ruby.h:1826:23: note: expanded from macro 'rb_intern'
 1826 |         __extension__ (RUBY_CONST_ID_CACHE((ID), (str))) : \
      |                       ^
/Library/Developer/CommandLineTools/SDKs/MacOSX.sdk/System/Library/Frameworks/Ruby.framework/Versions/2.6/usr/include/ruby-2.6.0/ruby/ruby.h:413:29: note: expanded from macro 'ID2SYM'
  413 | #define ID2SYM(x) RB_ID2SYM(x)
      |                             ^
/Library/Developer/CommandLineTools/SDKs/MacOSX.sdk/System/Library/Frameworks/Ruby.framework/Versions/2.6/usr/include/ruby-2.6.0/ruby/ruby.h:408:33: note: expanded from macro 'RB_ID2SYM'
  408 | #define RB_ID2SYM(x) (rb_id2sym(x))
      |                                 ^
oj.c:2025:31: note: '{' token is here
 2025 |     use_raw_json_sym = ID2SYM(rb_intern("use_raw_json"));
      |                               ^~~~~~~~~~~~~~~~~~~~~~~~~
/Library/Developer/CommandLineTools/SDKs/MacOSX.sdk/System/Library/Frameworks/Ruby.framework/Versions/2.6/usr/include/ruby-2.6.0/ruby/ruby.h:1826:24: note: expanded from macro 'rb_intern'
 1826 |         __extension__ (RUBY_CONST_ID_CACHE((ID), (str))) : \
      |                        ^~~~~~~~~~~~~~~~~~~~~~~~~~~~~~~~
/Library/Developer/CommandLineTools/SDKs/MacOSX.sdk/System/Library/Frameworks/Ruby.framework/Versions/2.6/usr/include/ruby-2.6.0/ruby/ruby.h:1811:5: note: expanded from macro 'RUBY_CONST_ID_CACHE'
 1811 |     {                                                   \
      |     ^
/Library/Developer/CommandLineTools/SDKs/MacOSX.sdk/System/Library/Frameworks/Ruby.framework/Versions/2.6/usr/include/ruby-2.6.0/ruby/ruby.h:413:29: note: expanded from macro 'ID2SYM'
  413 | #define ID2SYM(x) RB_ID2SYM(x)
      |                             ^
/Library/Developer/CommandLineTools/SDKs/MacOSX.sdk/System/Library/Frameworks/Ruby.framework/Versions/2.6/usr/include/ruby-2.6.0/ruby/ruby.h:408:33: note: expanded from macro 'RB_ID2SYM'
  408 | #define RB_ID2SYM(x) (rb_id2sym(x))
      |                                 ^
oj.c:2025:31: warning: '}' and ')' tokens terminating statement expression appear in different macro expansion contexts [-Wcompound-token-split-by-macro]
 2025 |     use_raw_json_sym = ID2SYM(rb_intern("use_raw_json"));
      |                               ^~~~~~~~~~~~~~~~~~~~~~~~~
/Library/Developer/CommandLineTools/SDKs/MacOSX.sdk/System/Library/Frameworks/Ruby.framework/Versions/2.6/usr/include/ruby-2.6.0/ruby/ruby.h:1826:24: note: expanded from macro 'rb_intern'
 1826 |         __extension__ (RUBY_CONST_ID_CACHE((ID), (str))) : \
      |                        ^~~~~~~~~~~~~~~~~~~~~~~~~~~~~~~~
/Library/Developer/CommandLineTools/SDKs/MacOSX.sdk/System/Library/Frameworks/Ruby.framework/Versions/2.6/usr/include/ruby-2.6.0/ruby/ruby.h:1816:5: note: expanded from macro 'RUBY_CONST_ID_CACHE'
 1816 |     }
      |     ^
/Library/Developer/CommandLineTools/SDKs/MacOSX.sdk/System/Library/Frameworks/Ruby.framework/Versions/2.6/usr/include/ruby-2.6.0/ruby/ruby.h:413:29: note: expanded from macro 'ID2SYM'
  413 | #define ID2SYM(x) RB_ID2SYM(x)
      |                             ^
/Library/Developer/CommandLineTools/SDKs/MacOSX.sdk/System/Library/Frameworks/Ruby.framework/Versions/2.6/usr/include/ruby-2.6.0/ruby/ruby.h:408:33: note: expanded from macro 'RB_ID2SYM'
  408 | #define RB_ID2SYM(x) (rb_id2sym(x))
      |                                 ^
oj.c:2025:31: note: ')' token is here
 2025 |     use_raw_json_sym = ID2SYM(rb_intern("use_raw_json"));
      |                               ^~~~~~~~~~~~~~~~~~~~~~~~~
/Library/Developer/CommandLineTools/SDKs/MacOSX.sdk/System/Library/Frameworks/Ruby.framework/Versions/2.6/usr/include/ruby-2.6.0/ruby/ruby.h:1826:56: note: expanded from macro 'rb_intern'
 1826 |         __extension__ (RUBY_CONST_ID_CACHE((ID), (str))) : \
      |                                                        ^
/Library/Developer/CommandLineTools/SDKs/MacOSX.sdk/System/Library/Frameworks/Ruby.framework/Versions/2.6/usr/include/ruby-2.6.0/ruby/ruby.h:413:29: note: expanded from macro 'ID2SYM'
  413 | #define ID2SYM(x) RB_ID2SYM(x)
      |                             ^
/Library/Developer/CommandLineTools/SDKs/MacOSX.sdk/System/Library/Frameworks/Ruby.framework/Versions/2.6/usr/include/ruby-2.6.0/ruby/ruby.h:408:33: note: expanded from macro 'RB_ID2SYM'
  408 | #define RB_ID2SYM(x) (rb_id2sym(x))
      |                                 ^
oj.c:2027:30: warning: '(' and '{' tokens introducing statement expression appear in different macro expansion contexts [-Wcompound-token-split-by-macro]
 2027 |     use_to_hash_sym = ID2SYM(rb_intern("use_to_hash"));
      |                              ^~~~~~~~~~~~~~~~~~~~~~~~
/Library/Developer/CommandLineTools/SDKs/MacOSX.sdk/System/Library/Frameworks/Ruby.framework/Versions/2.6/usr/include/ruby-2.6.0/ruby/ruby.h:1826:23: note: expanded from macro 'rb_intern'
 1826 |         __extension__ (RUBY_CONST_ID_CACHE((ID), (str))) : \
      |                       ^
/Library/Developer/CommandLineTools/SDKs/MacOSX.sdk/System/Library/Frameworks/Ruby.framework/Versions/2.6/usr/include/ruby-2.6.0/ruby/ruby.h:413:29: note: expanded from macro 'ID2SYM'
  413 | #define ID2SYM(x) RB_ID2SYM(x)
      |                             ^
/Library/Developer/CommandLineTools/SDKs/MacOSX.sdk/System/Library/Frameworks/Ruby.framework/Versions/2.6/usr/include/ruby-2.6.0/ruby/ruby.h:408:33: note: expanded from macro 'RB_ID2SYM'
  408 | #define RB_ID2SYM(x) (rb_id2sym(x))
      |                                 ^
oj.c:2027:30: note: '{' token is here
 2027 |     use_to_hash_sym = ID2SYM(rb_intern("use_to_hash"));
      |                              ^~~~~~~~~~~~~~~~~~~~~~~~
/Library/Developer/CommandLineTools/SDKs/MacOSX.sdk/System/Library/Frameworks/Ruby.framework/Versions/2.6/usr/include/ruby-2.6.0/ruby/ruby.h:1826:24: note: expanded from macro 'rb_intern'
 1826 |         __extension__ (RUBY_CONST_ID_CACHE((ID), (str))) : \
      |                        ^~~~~~~~~~~~~~~~~~~~~~~~~~~~~~~~
/Library/Developer/CommandLineTools/SDKs/MacOSX.sdk/System/Library/Frameworks/Ruby.framework/Versions/2.6/usr/include/ruby-2.6.0/ruby/ruby.h:1811:5: note: expanded from macro 'RUBY_CONST_ID_CACHE'
 1811 |     {                                                   \
      |     ^
/Library/Developer/CommandLineTools/SDKs/MacOSX.sdk/System/Library/Frameworks/Ruby.framework/Versions/2.6/usr/include/ruby-2.6.0/ruby/ruby.h:413:29: note: expanded from macro 'ID2SYM'
  413 | #define ID2SYM(x) RB_ID2SYM(x)
      |                             ^
/Library/Developer/CommandLineTools/SDKs/MacOSX.sdk/System/Library/Frameworks/Ruby.framework/Versions/2.6/usr/include/ruby-2.6.0/ruby/ruby.h:408:33: note: expanded from macro 'RB_ID2SYM'
  408 | #define RB_ID2SYM(x) (rb_id2sym(x))
      |                                 ^
oj.c:2027:30: warning: '}' and ')' tokens terminating statement expression appear in different macro expansion contexts [-Wcompound-token-split-by-macro]
 2027 |     use_to_hash_sym = ID2SYM(rb_intern("use_to_hash"));
      |                              ^~~~~~~~~~~~~~~~~~~~~~~~
/Library/Developer/CommandLineTools/SDKs/MacOSX.sdk/System/Library/Frameworks/Ruby.framework/Versions/2.6/usr/include/ruby-2.6.0/ruby/ruby.h:1826:24: note: expanded from macro 'rb_intern'
 1826 |         __extension__ (RUBY_CONST_ID_CACHE((ID), (str))) : \
      |                        ^~~~~~~~~~~~~~~~~~~~~~~~~~~~~~~~
/Library/Developer/CommandLineTools/SDKs/MacOSX.sdk/System/Library/Frameworks/Ruby.framework/Versions/2.6/usr/include/ruby-2.6.0/ruby/ruby.h:1816:5: note: expanded from macro 'RUBY_CONST_ID_CACHE'
 1816 |     }
      |     ^
/Library/Developer/CommandLineTools/SDKs/MacOSX.sdk/System/Library/Frameworks/Ruby.framework/Versions/2.6/usr/include/ruby-2.6.0/ruby/ruby.h:413:29: note: expanded from macro 'ID2SYM'
  413 | #define ID2SYM(x) RB_ID2SYM(x)
      |                             ^
/Library/Developer/CommandLineTools/SDKs/MacOSX.sdk/System/Library/Frameworks/Ruby.framework/Versions/2.6/usr/include/ruby-2.6.0/ruby/ruby.h:408:33: note: expanded from macro 'RB_ID2SYM'
  408 | #define RB_ID2SYM(x) (rb_id2sym(x))
      |                                 ^
oj.c:2027:30: note: ')' token is here
 2027 |     use_to_hash_sym = ID2SYM(rb_intern("use_to_hash"));
      |                              ^~~~~~~~~~~~~~~~~~~~~~~~
/Library/Developer/CommandLineTools/SDKs/MacOSX.sdk/System/Library/Frameworks/Ruby.framework/Versions/2.6/usr/include/ruby-2.6.0/ruby/ruby.h:1826:56: note: expanded from macro 'rb_intern'
 1826 |         __extension__ (RUBY_CONST_ID_CACHE((ID), (str))) : \
      |                                                        ^
/Library/Developer/CommandLineTools/SDKs/MacOSX.sdk/System/Library/Frameworks/Ruby.framework/Versions/2.6/usr/include/ruby-2.6.0/ruby/ruby.h:413:29: note: expanded from macro 'ID2SYM'
  413 | #define ID2SYM(x) RB_ID2SYM(x)
      |                             ^
/Library/Developer/CommandLineTools/SDKs/MacOSX.sdk/System/Library/Frameworks/Ruby.framework/Versions/2.6/usr/include/ruby-2.6.0/ruby/ruby.h:408:33: note: expanded from macro 'RB_ID2SYM'
  408 | #define RB_ID2SYM(x) (rb_id2sym(x))
      |                                 ^
oj.c:2029:30: warning: '(' and '{' tokens introducing statement expression appear in different macro expansion contexts [-Wcompound-token-split-by-macro]
 2029 |     use_to_json_sym = ID2SYM(rb_intern("use_to_json"));
      |                              ^~~~~~~~~~~~~~~~~~~~~~~~
/Library/Developer/CommandLineTools/SDKs/MacOSX.sdk/System/Library/Frameworks/Ruby.framework/Versions/2.6/usr/include/ruby-2.6.0/ruby/ruby.h:1826:23: note: expanded from macro 'rb_intern'
 1826 |         __extension__ (RUBY_CONST_ID_CACHE((ID), (str))) : \
      |                       ^
/Library/Developer/CommandLineTools/SDKs/MacOSX.sdk/System/Library/Frameworks/Ruby.framework/Versions/2.6/usr/include/ruby-2.6.0/ruby/ruby.h:413:29: note: expanded from macro 'ID2SYM'
  413 | #define ID2SYM(x) RB_ID2SYM(x)
      |                             ^
/Library/Developer/CommandLineTools/SDKs/MacOSX.sdk/System/Library/Frameworks/Ruby.framework/Versions/2.6/usr/include/ruby-2.6.0/ruby/ruby.h:408:33: note: expanded from macro 'RB_ID2SYM'
  408 | #define RB_ID2SYM(x) (rb_id2sym(x))
      |                                 ^
oj.c:2029:30: note: '{' token is here
 2029 |     use_to_json_sym = ID2SYM(rb_intern("use_to_json"));
      |                              ^~~~~~~~~~~~~~~~~~~~~~~~
/Library/Developer/CommandLineTools/SDKs/MacOSX.sdk/System/Library/Frameworks/Ruby.framework/Versions/2.6/usr/include/ruby-2.6.0/ruby/ruby.h:1826:24: note: expanded from macro 'rb_intern'
 1826 |         __extension__ (RUBY_CONST_ID_CACHE((ID), (str))) : \
      |                        ^~~~~~~~~~~~~~~~~~~~~~~~~~~~~~~~
/Library/Developer/CommandLineTools/SDKs/MacOSX.sdk/System/Library/Frameworks/Ruby.framework/Versions/2.6/usr/include/ruby-2.6.0/ruby/ruby.h:1811:5: note: expanded from macro 'RUBY_CONST_ID_CACHE'
 1811 |     {                                                   \
      |     ^
/Library/Developer/CommandLineTools/SDKs/MacOSX.sdk/System/Library/Frameworks/Ruby.framework/Versions/2.6/usr/include/ruby-2.6.0/ruby/ruby.h:413:29: note: expanded from macro 'ID2SYM'
  413 | #define ID2SYM(x) RB_ID2SYM(x)
      |                             ^
/Library/Developer/CommandLineTools/SDKs/MacOSX.sdk/System/Library/Frameworks/Ruby.framework/Versions/2.6/usr/include/ruby-2.6.0/ruby/ruby.h:408:33: note: expanded from macro 'RB_ID2SYM'
  408 | #define RB_ID2SYM(x) (rb_id2sym(x))
      |                                 ^
oj.c:2029:30: warning: '}' and ')' tokens terminating statement expression appear in different macro expansion contexts [-Wcompound-token-split-by-macro]
 2029 |     use_to_json_sym = ID2SYM(rb_intern("use_to_json"));
      |                              ^~~~~~~~~~~~~~~~~~~~~~~~
/Library/Developer/CommandLineTools/SDKs/MacOSX.sdk/System/Library/Frameworks/Ruby.framework/Versions/2.6/usr/include/ruby-2.6.0/ruby/ruby.h:1826:24: note: expanded from macro 'rb_intern'
 1826 |         __extension__ (RUBY_CONST_ID_CACHE((ID), (str))) : \
      |                        ^~~~~~~~~~~~~~~~~~~~~~~~~~~~~~~~
/Library/Developer/CommandLineTools/SDKs/MacOSX.sdk/System/Library/Frameworks/Ruby.framework/Versions/2.6/usr/include/ruby-2.6.0/ruby/ruby.h:1816:5: note: expanded from macro 'RUBY_CONST_ID_CACHE'
 1816 |     }
      |     ^
/Library/Developer/CommandLineTools/SDKs/MacOSX.sdk/System/Library/Frameworks/Ruby.framework/Versions/2.6/usr/include/ruby-2.6.0/ruby/ruby.h:413:29: note: expanded from macro 'ID2SYM'
  413 | #define ID2SYM(x) RB_ID2SYM(x)
      |                             ^
/Library/Developer/CommandLineTools/SDKs/MacOSX.sdk/System/Library/Frameworks/Ruby.framework/Versions/2.6/usr/include/ruby-2.6.0/ruby/ruby.h:408:33: note: expanded from macro 'RB_ID2SYM'
  408 | #define RB_ID2SYM(x) (rb_id2sym(x))
      |                                 ^
oj.c:2029:30: note: ')' token is here
 2029 |     use_to_json_sym = ID2SYM(rb_intern("use_to_json"));
      |                              ^~~~~~~~~~~~~~~~~~~~~~~~
/Library/Developer/CommandLineTools/SDKs/MacOSX.sdk/System/Library/Frameworks/Ruby.framework/Versions/2.6/usr/include/ruby-2.6.0/ruby/ruby.h:1826:56: note: expanded from macro 'rb_intern'
 1826 |         __extension__ (RUBY_CONST_ID_CACHE((ID), (str))) : \
      |                                                        ^
/Library/Developer/CommandLineTools/SDKs/MacOSX.sdk/System/Library/Frameworks/Ruby.framework/Versions/2.6/usr/include/ruby-2.6.0/ruby/ruby.h:413:29: note: expanded from macro 'ID2SYM'
  413 | #define ID2SYM(x) RB_ID2SYM(x)
      |                             ^
/Library/Developer/CommandLineTools/SDKs/MacOSX.sdk/System/Library/Frameworks/Ruby.framework/Versions/2.6/usr/include/ruby-2.6.0/ruby/ruby.h:408:33: note: expanded from macro 'RB_ID2SYM'
  408 | #define RB_ID2SYM(x) (rb_id2sym(x))
      |                                 ^
oj.c:2031:22: warning: '(' and '{' tokens introducing statement expression appear in different macro expansion contexts [-Wcompound-token-split-by-macro]
 2031 |     wab_sym = ID2SYM(rb_intern("wab"));
      |                      ^~~~~~~~~~~~~~~~
/Library/Developer/CommandLineTools/SDKs/MacOSX.sdk/System/Library/Frameworks/Ruby.framework/Versions/2.6/usr/include/ruby-2.6.0/ruby/ruby.h:1826:23: note: expanded from macro 'rb_intern'
 1826 |         __extension__ (RUBY_CONST_ID_CACHE((ID), (str))) : \
      |                       ^
/Library/Developer/CommandLineTools/SDKs/MacOSX.sdk/System/Library/Frameworks/Ruby.framework/Versions/2.6/usr/include/ruby-2.6.0/ruby/ruby.h:413:29: note: expanded from macro 'ID2SYM'
  413 | #define ID2SYM(x) RB_ID2SYM(x)
      |                             ^
/Library/Developer/CommandLineTools/SDKs/MacOSX.sdk/System/Library/Frameworks/Ruby.framework/Versions/2.6/usr/include/ruby-2.6.0/ruby/ruby.h:408:33: note: expanded from macro 'RB_ID2SYM'
  408 | #define RB_ID2SYM(x) (rb_id2sym(x))
      |                                 ^
oj.c:2031:22: note: '{' token is here
 2031 |     wab_sym = ID2SYM(rb_intern("wab"));
      |                      ^~~~~~~~~~~~~~~~
/Library/Developer/CommandLineTools/SDKs/MacOSX.sdk/System/Library/Frameworks/Ruby.framework/Versions/2.6/usr/include/ruby-2.6.0/ruby/ruby.h:1826:24: note: expanded from macro 'rb_intern'
 1826 |         __extension__ (RUBY_CONST_ID_CACHE((ID), (str))) : \
      |                        ^~~~~~~~~~~~~~~~~~~~~~~~~~~~~~~~
/Library/Developer/CommandLineTools/SDKs/MacOSX.sdk/System/Library/Frameworks/Ruby.framework/Versions/2.6/usr/include/ruby-2.6.0/ruby/ruby.h:1811:5: note: expanded from macro 'RUBY_CONST_ID_CACHE'
 1811 |     {                                                   \
      |     ^
/Library/Developer/CommandLineTools/SDKs/MacOSX.sdk/System/Library/Frameworks/Ruby.framework/Versions/2.6/usr/include/ruby-2.6.0/ruby/ruby.h:413:29: note: expanded from macro 'ID2SYM'
  413 | #define ID2SYM(x) RB_ID2SYM(x)
      |                             ^
/Library/Developer/CommandLineTools/SDKs/MacOSX.sdk/System/Library/Frameworks/Ruby.framework/Versions/2.6/usr/include/ruby-2.6.0/ruby/ruby.h:408:33: note: expanded from macro 'RB_ID2SYM'
  408 | #define RB_ID2SYM(x) (rb_id2sym(x))
      |                                 ^
oj.c:2031:22: warning: '}' and ')' tokens terminating statement expression appear in different macro expansion contexts [-Wcompound-token-split-by-macro]
 2031 |     wab_sym = ID2SYM(rb_intern("wab"));
      |                      ^~~~~~~~~~~~~~~~
/Library/Developer/CommandLineTools/SDKs/MacOSX.sdk/System/Library/Frameworks/Ruby.framework/Versions/2.6/usr/include/ruby-2.6.0/ruby/ruby.h:1826:24: note: expanded from macro 'rb_intern'
 1826 |         __extension__ (RUBY_CONST_ID_CACHE((ID), (str))) : \
      |                        ^~~~~~~~~~~~~~~~~~~~~~~~~~~~~~~~
/Library/Developer/CommandLineTools/SDKs/MacOSX.sdk/System/Library/Frameworks/Ruby.framework/Versions/2.6/usr/include/ruby-2.6.0/ruby/ruby.h:1816:5: note: expanded from macro 'RUBY_CONST_ID_CACHE'
 1816 |     }
      |     ^
/Library/Developer/CommandLineTools/SDKs/MacOSX.sdk/System/Library/Frameworks/Ruby.framework/Versions/2.6/usr/include/ruby-2.6.0/ruby/ruby.h:413:29: note: expanded from macro 'ID2SYM'
  413 | #define ID2SYM(x) RB_ID2SYM(x)
      |                             ^
/Library/Developer/CommandLineTools/SDKs/MacOSX.sdk/System/Library/Frameworks/Ruby.framework/Versions/2.6/usr/include/ruby-2.6.0/ruby/ruby.h:408:33: note: expanded from macro 'RB_ID2SYM'
  408 | #define RB_ID2SYM(x) (rb_id2sym(x))
      |                                 ^
oj.c:2031:22: note: ')' token is here
 2031 |     wab_sym = ID2SYM(rb_intern("wab"));
      |                      ^~~~~~~~~~~~~~~~
/Library/Developer/CommandLineTools/SDKs/MacOSX.sdk/System/Library/Frameworks/Ruby.framework/Versions/2.6/usr/include/ruby-2.6.0/ruby/ruby.h:1826:56: note: expanded from macro 'rb_intern'
 1826 |         __extension__ (RUBY_CONST_ID_CACHE((ID), (str))) : \
      |                                                        ^
/Library/Developer/CommandLineTools/SDKs/MacOSX.sdk/System/Library/Frameworks/Ruby.framework/Versions/2.6/usr/include/ruby-2.6.0/ruby/ruby.h:413:29: note: expanded from macro 'ID2SYM'
  413 | #define ID2SYM(x) RB_ID2SYM(x)
      |                             ^
/Library/Developer/CommandLineTools/SDKs/MacOSX.sdk/System/Library/Frameworks/Ruby.framework/Versions/2.6/usr/include/ruby-2.6.0/ruby/ruby.h:408:33: note: expanded from macro 'RB_ID2SYM'
  408 | #define RB_ID2SYM(x) (rb_id2sym(x))
      |                                 ^
oj.c:2033:23: warning: '(' and '{' tokens introducing statement expression appear in different macro expansion contexts [-Wcompound-token-split-by-macro]
 2033 |     word_sym = ID2SYM(rb_intern("word"));
      |                       ^~~~~~~~~~~~~~~~~
/Library/Developer/CommandLineTools/SDKs/MacOSX.sdk/System/Library/Frameworks/Ruby.framework/Versions/2.6/usr/include/ruby-2.6.0/ruby/ruby.h:1826:23: note: expanded from macro 'rb_intern'
 1826 |         __extension__ (RUBY_CONST_ID_CACHE((ID), (str))) : \
      |                       ^
/Library/Developer/CommandLineTools/SDKs/MacOSX.sdk/System/Library/Frameworks/Ruby.framework/Versions/2.6/usr/include/ruby-2.6.0/ruby/ruby.h:413:29: note: expanded from macro 'ID2SYM'
  413 | #define ID2SYM(x) RB_ID2SYM(x)
      |                             ^
/Library/Developer/CommandLineTools/SDKs/MacOSX.sdk/System/Library/Frameworks/Ruby.framework/Versions/2.6/usr/include/ruby-2.6.0/ruby/ruby.h:408:33: note: expanded from macro 'RB_ID2SYM'
  408 | #define RB_ID2SYM(x) (rb_id2sym(x))
      |                                 ^
oj.c:2033:23: note: '{' token is here
 2033 |     word_sym = ID2SYM(rb_intern("word"));
      |                       ^~~~~~~~~~~~~~~~~
/Library/Developer/CommandLineTools/SDKs/MacOSX.sdk/System/Library/Frameworks/Ruby.framework/Versions/2.6/usr/include/ruby-2.6.0/ruby/ruby.h:1826:24: note: expanded from macro 'rb_intern'
 1826 |         __extension__ (RUBY_CONST_ID_CACHE((ID), (str))) : \
      |                        ^~~~~~~~~~~~~~~~~~~~~~~~~~~~~~~~
/Library/Developer/CommandLineTools/SDKs/MacOSX.sdk/System/Library/Frameworks/Ruby.framework/Versions/2.6/usr/include/ruby-2.6.0/ruby/ruby.h:1811:5: note: expanded from macro 'RUBY_CONST_ID_CACHE'
 1811 |     {                                                   \
      |     ^
/Library/Developer/CommandLineTools/SDKs/MacOSX.sdk/System/Library/Frameworks/Ruby.framework/Versions/2.6/usr/include/ruby-2.6.0/ruby/ruby.h:413:29: note: expanded from macro 'ID2SYM'
  413 | #define ID2SYM(x) RB_ID2SYM(x)
      |                             ^
/Library/Developer/CommandLineTools/SDKs/MacOSX.sdk/System/Library/Frameworks/Ruby.framework/Versions/2.6/usr/include/ruby-2.6.0/ruby/ruby.h:408:33: note: expanded from macro 'RB_ID2SYM'
  408 | #define RB_ID2SYM(x) (rb_id2sym(x))
      |                                 ^
oj.c:2033:23: warning: '}' and ')' tokens terminating statement expression appear in different macro expansion contexts [-Wcompound-token-split-by-macro]
 2033 |     word_sym = ID2SYM(rb_intern("word"));
      |                       ^~~~~~~~~~~~~~~~~
/Library/Developer/CommandLineTools/SDKs/MacOSX.sdk/System/Library/Frameworks/Ruby.framework/Versions/2.6/usr/include/ruby-2.6.0/ruby/ruby.h:1826:24: note: expanded from macro 'rb_intern'
 1826 |         __extension__ (RUBY_CONST_ID_CACHE((ID), (str))) : \
      |                        ^~~~~~~~~~~~~~~~~~~~~~~~~~~~~~~~
/Library/Developer/CommandLineTools/SDKs/MacOSX.sdk/System/Library/Frameworks/Ruby.framework/Versions/2.6/usr/include/ruby-2.6.0/ruby/ruby.h:1816:5: note: expanded from macro 'RUBY_CONST_ID_CACHE'
 1816 |     }
      |     ^
/Library/Developer/CommandLineTools/SDKs/MacOSX.sdk/System/Library/Frameworks/Ruby.framework/Versions/2.6/usr/include/ruby-2.6.0/ruby/ruby.h:413:29: note: expanded from macro 'ID2SYM'
  413 | #define ID2SYM(x) RB_ID2SYM(x)
      |                             ^
/Library/Developer/CommandLineTools/SDKs/MacOSX.sdk/System/Library/Frameworks/Ruby.framework/Versions/2.6/usr/include/ruby-2.6.0/ruby/ruby.h:408:33: note: expanded from macro 'RB_ID2SYM'
  408 | #define RB_ID2SYM(x) (rb_id2sym(x))
      |                                 ^
oj.c:2033:23: note: ')' token is here
 2033 |     word_sym = ID2SYM(rb_intern("word"));
      |                       ^~~~~~~~~~~~~~~~~
/Library/Developer/CommandLineTools/SDKs/MacOSX.sdk/System/Library/Frameworks/Ruby.framework/Versions/2.6/usr/include/ruby-2.6.0/ruby/ruby.h:1826:56: note: expanded from macro 'rb_intern'
 1826 |         __extension__ (RUBY_CONST_ID_CACHE((ID), (str))) : \
      |                                                        ^
/Library/Developer/CommandLineTools/SDKs/MacOSX.sdk/System/Library/Frameworks/Ruby.framework/Versions/2.6/usr/include/ruby-2.6.0/ruby/ruby.h:413:29: note: expanded from macro 'ID2SYM'
  413 | #define ID2SYM(x) RB_ID2SYM(x)
      |                             ^
/Library/Developer/CommandLineTools/SDKs/MacOSX.sdk/System/Library/Frameworks/Ruby.framework/Versions/2.6/usr/include/ruby-2.6.0/ruby/ruby.h:408:33: note: expanded from macro 'RB_ID2SYM'
  408 | #define RB_ID2SYM(x) (rb_id2sym(x))
      |                                 ^
oj.c:2035:28: warning: '(' and '{' tokens introducing statement expression appear in different macro expansion contexts [-Wcompound-token-split-by-macro]
 2035 |     xmlschema_sym = ID2SYM(rb_intern("xmlschema"));
      |                            ^~~~~~~~~~~~~~~~~~~~~~
/Library/Developer/CommandLineTools/SDKs/MacOSX.sdk/System/Library/Frameworks/Ruby.framework/Versions/2.6/usr/include/ruby-2.6.0/ruby/ruby.h:1826:23: note: expanded from macro 'rb_intern'
 1826 |         __extension__ (RUBY_CONST_ID_CACHE((ID), (str))) : \
      |                       ^
/Library/Developer/CommandLineTools/SDKs/MacOSX.sdk/System/Library/Frameworks/Ruby.framework/Versions/2.6/usr/include/ruby-2.6.0/ruby/ruby.h:413:29: note: expanded from macro 'ID2SYM'
  413 | #define ID2SYM(x) RB_ID2SYM(x)
      |                             ^
/Library/Developer/CommandLineTools/SDKs/MacOSX.sdk/System/Library/Frameworks/Ruby.framework/Versions/2.6/usr/include/ruby-2.6.0/ruby/ruby.h:408:33: note: expanded from macro 'RB_ID2SYM'
  408 | #define RB_ID2SYM(x) (rb_id2sym(x))
      |                                 ^
oj.c:2035:28: note: '{' token is here
 2035 |     xmlschema_sym = ID2SYM(rb_intern("xmlschema"));
      |                            ^~~~~~~~~~~~~~~~~~~~~~
/Library/Developer/CommandLineTools/SDKs/MacOSX.sdk/System/Library/Frameworks/Ruby.framework/Versions/2.6/usr/include/ruby-2.6.0/ruby/ruby.h:1826:24: note: expanded from macro 'rb_intern'
 1826 |         __extension__ (RUBY_CONST_ID_CACHE((ID), (str))) : \
      |                        ^~~~~~~~~~~~~~~~~~~~~~~~~~~~~~~~
/Library/Developer/CommandLineTools/SDKs/MacOSX.sdk/System/Library/Frameworks/Ruby.framework/Versions/2.6/usr/include/ruby-2.6.0/ruby/ruby.h:1811:5: note: expanded from macro 'RUBY_CONST_ID_CACHE'
 1811 |     {                                                   \
      |     ^
/Library/Developer/CommandLineTools/SDKs/MacOSX.sdk/System/Library/Frameworks/Ruby.framework/Versions/2.6/usr/include/ruby-2.6.0/ruby/ruby.h:413:29: note: expanded from macro 'ID2SYM'
  413 | #define ID2SYM(x) RB_ID2SYM(x)
      |                             ^
/Library/Developer/CommandLineTools/SDKs/MacOSX.sdk/System/Library/Frameworks/Ruby.framework/Versions/2.6/usr/include/ruby-2.6.0/ruby/ruby.h:408:33: note: expanded from macro 'RB_ID2SYM'
  408 | #define RB_ID2SYM(x) (rb_id2sym(x))
      |                                 ^
oj.c:2035:28: warning: '}' and ')' tokens terminating statement expression appear in different macro expansion contexts [-Wcompound-token-split-by-macro]
 2035 |     xmlschema_sym = ID2SYM(rb_intern("xmlschema"));
      |                            ^~~~~~~~~~~~~~~~~~~~~~
/Library/Developer/CommandLineTools/SDKs/MacOSX.sdk/System/Library/Frameworks/Ruby.framework/Versions/2.6/usr/include/ruby-2.6.0/ruby/ruby.h:1826:24: note: expanded from macro 'rb_intern'
 1826 |         __extension__ (RUBY_CONST_ID_CACHE((ID), (str))) : \
      |                        ^~~~~~~~~~~~~~~~~~~~~~~~~~~~~~~~
/Library/Developer/CommandLineTools/SDKs/MacOSX.sdk/System/Library/Frameworks/Ruby.framework/Versions/2.6/usr/include/ruby-2.6.0/ruby/ruby.h:1816:5: note: expanded from macro 'RUBY_CONST_ID_CACHE'
 1816 |     }
      |     ^
/Library/Developer/CommandLineTools/SDKs/MacOSX.sdk/System/Library/Frameworks/Ruby.framework/Versions/2.6/usr/include/ruby-2.6.0/ruby/ruby.h:413:29: note: expanded from macro 'ID2SYM'
  413 | #define ID2SYM(x) RB_ID2SYM(x)
      |                             ^
/Library/Developer/CommandLineTools/SDKs/MacOSX.sdk/System/Library/Frameworks/Ruby.framework/Versions/2.6/usr/include/ruby-2.6.0/ruby/ruby.h:408:33: note: expanded from macro 'RB_ID2SYM'
  408 | #define RB_ID2SYM(x) (rb_id2sym(x))
      |                                 ^
oj.c:2035:28: note: ')' token is here
 2035 |     xmlschema_sym = ID2SYM(rb_intern("xmlschema"));
      |                            ^~~~~~~~~~~~~~~~~~~~~~
/Library/Developer/CommandLineTools/SDKs/MacOSX.sdk/System/Library/Frameworks/Ruby.framework/Versions/2.6/usr/include/ruby-2.6.0/ruby/ruby.h:1826:56: note: expanded from macro 'rb_intern'
 1826 |         __extension__ (RUBY_CONST_ID_CACHE((ID), (str))) : \
      |                                                        ^
/Library/Developer/CommandLineTools/SDKs/MacOSX.sdk/System/Library/Frameworks/Ruby.framework/Versions/2.6/usr/include/ruby-2.6.0/ruby/ruby.h:413:29: note: expanded from macro 'ID2SYM'
  413 | #define ID2SYM(x) RB_ID2SYM(x)
      |                             ^
/Library/Developer/CommandLineTools/SDKs/MacOSX.sdk/System/Library/Frameworks/Ruby.framework/Versions/2.6/usr/include/ruby-2.6.0/ruby/ruby.h:408:33: note: expanded from macro 'RB_ID2SYM'
  408 | #define RB_ID2SYM(x) (rb_id2sym(x))
      |                                 ^
oj.c:2037:27: warning: '(' and '{' tokens introducing statement expression appear in different macro expansion contexts [-Wcompound-token-split-by-macro]
 2037 |     xss_safe_sym = ID2SYM(rb_intern("xss_safe"));
      |                           ^~~~~~~~~~~~~~~~~~~~~
/Library/Developer/CommandLineTools/SDKs/MacOSX.sdk/System/Library/Frameworks/Ruby.framework/Versions/2.6/usr/include/ruby-2.6.0/ruby/ruby.h:1826:23: note: expanded from macro 'rb_intern'
 1826 |         __extension__ (RUBY_CONST_ID_CACHE((ID), (str))) : \
      |                       ^
/Library/Developer/CommandLineTools/SDKs/MacOSX.sdk/System/Library/Frameworks/Ruby.framework/Versions/2.6/usr/include/ruby-2.6.0/ruby/ruby.h:413:29: note: expanded from macro 'ID2SYM'
  413 | #define ID2SYM(x) RB_ID2SYM(x)
      |                             ^
/Library/Developer/CommandLineTools/SDKs/MacOSX.sdk/System/Library/Frameworks/Ruby.framework/Versions/2.6/usr/include/ruby-2.6.0/ruby/ruby.h:408:33: note: expanded from macro 'RB_ID2SYM'
  408 | #define RB_ID2SYM(x) (rb_id2sym(x))
      |                                 ^
oj.c:2037:27: note: '{' token is here
 2037 |     xss_safe_sym = ID2SYM(rb_intern("xss_safe"));
      |                           ^~~~~~~~~~~~~~~~~~~~~
/Library/Developer/CommandLineTools/SDKs/MacOSX.sdk/System/Library/Frameworks/Ruby.framework/Versions/2.6/usr/include/ruby-2.6.0/ruby/ruby.h:1826:24: note: expanded from macro 'rb_intern'
 1826 |         __extension__ (RUBY_CONST_ID_CACHE((ID), (str))) : \
      |                        ^~~~~~~~~~~~~~~~~~~~~~~~~~~~~~~~
/Library/Developer/CommandLineTools/SDKs/MacOSX.sdk/System/Library/Frameworks/Ruby.framework/Versions/2.6/usr/include/ruby-2.6.0/ruby/ruby.h:1811:5: note: expanded from macro 'RUBY_CONST_ID_CACHE'
 1811 |     {                                                   \
      |     ^
/Library/Developer/CommandLineTools/SDKs/MacOSX.sdk/System/Library/Frameworks/Ruby.framework/Versions/2.6/usr/include/ruby-2.6.0/ruby/ruby.h:413:29: note: expanded from macro 'ID2SYM'
  413 | #define ID2SYM(x) RB_ID2SYM(x)
      |                             ^
/Library/Developer/CommandLineTools/SDKs/MacOSX.sdk/System/Library/Frameworks/Ruby.framework/Versions/2.6/usr/include/ruby-2.6.0/ruby/ruby.h:408:33: note: expanded from macro 'RB_ID2SYM'
  408 | #define RB_ID2SYM(x) (rb_id2sym(x))
      |                                 ^
oj.c:2037:27: warning: '}' and ')' tokens terminating statement expression appear in different macro expansion contexts [-Wcompound-token-split-by-macro]
 2037 |     xss_safe_sym = ID2SYM(rb_intern("xss_safe"));
      |                           ^~~~~~~~~~~~~~~~~~~~~
/Library/Developer/CommandLineTools/SDKs/MacOSX.sdk/System/Library/Frameworks/Ruby.framework/Versions/2.6/usr/include/ruby-2.6.0/ruby/ruby.h:1826:24: note: expanded from macro 'rb_intern'
 1826 |         __extension__ (RUBY_CONST_ID_CACHE((ID), (str))) : \
      |                        ^~~~~~~~~~~~~~~~~~~~~~~~~~~~~~~~
/Library/Developer/CommandLineTools/SDKs/MacOSX.sdk/System/Library/Frameworks/Ruby.framework/Versions/2.6/usr/include/ruby-2.6.0/ruby/ruby.h:1816:5: note: expanded from macro 'RUBY_CONST_ID_CACHE'
 1816 |     }
      |     ^
/Library/Developer/CommandLineTools/SDKs/MacOSX.sdk/System/Library/Frameworks/Ruby.framework/Versions/2.6/usr/include/ruby-2.6.0/ruby/ruby.h:413:29: note: expanded from macro 'ID2SYM'
  413 | #define ID2SYM(x) RB_ID2SYM(x)
      |                             ^
/Library/Developer/CommandLineTools/SDKs/MacOSX.sdk/System/Library/Frameworks/Ruby.framework/Versions/2.6/usr/include/ruby-2.6.0/ruby/ruby.h:408:33: note: expanded from macro 'RB_ID2SYM'
  408 | #define RB_ID2SYM(x) (rb_id2sym(x))
      |                                 ^
oj.c:2037:27: note: ')' token is here
 2037 |     xss_safe_sym = ID2SYM(rb_intern("xss_safe"));
      |                           ^~~~~~~~~~~~~~~~~~~~~
/Library/Developer/CommandLineTools/SDKs/MacOSX.sdk/System/Library/Frameworks/Ruby.framework/Versions/2.6/usr/include/ruby-2.6.0/ruby/ruby.h:1826:56: note: expanded from macro 'rb_intern'
 1826 |         __extension__ (RUBY_CONST_ID_CACHE((ID), (str))) : \
      |                                                        ^
/Library/Developer/CommandLineTools/SDKs/MacOSX.sdk/System/Library/Frameworks/Ruby.framework/Versions/2.6/usr/include/ruby-2.6.0/ruby/ruby.h:413:29: note: expanded from macro 'ID2SYM'
  413 | #define ID2SYM(x) RB_ID2SYM(x)
      |                             ^
/Library/Developer/CommandLineTools/SDKs/MacOSX.sdk/System/Library/Frameworks/Ruby.framework/Versions/2.6/usr/include/ruby-2.6.0/ruby/ruby.h:408:33: note: expanded from macro 'RB_ID2SYM'
  408 | #define RB_ID2SYM(x) (rb_id2sym(x))
      |                                 ^
250 warnings generated.
compiling parse.c
parse.c:895:41: warning: '(' and '{' tokens introducing statement expression appear in different macro expansion contexts [-Wcompound-token-split-by-macro]
  895 |                 rnum = rb_funcall(rnum, rb_intern("to_f"), 0);
      |                                         ^~~~~~~~~~~~~~~~~
/Library/Developer/CommandLineTools/SDKs/MacOSX.sdk/System/Library/Frameworks/Ruby.framework/Versions/2.6/usr/include/ruby-2.6.0/ruby/ruby.h:1826:23: note: expanded from macro 'rb_intern'
 1826 |         __extension__ (RUBY_CONST_ID_CACHE((ID), (str))) : \
      |                       ^
/Library/Developer/CommandLineTools/SDKs/MacOSX.sdk/System/Library/Frameworks/Ruby.framework/Versions/2.6/usr/include/ruby-2.6.0/ruby/ruby.h:2602:20: note: expanded from macro 'rb_funcall'
 2602 |         rb_funcallv(recv, mid, \
      |                           ^~~
parse.c:895:41: note: '{' token is here
  895 |                 rnum = rb_funcall(rnum, rb_intern("to_f"), 0);
      |                                         ^~~~~~~~~~~~~~~~~
/Library/Developer/CommandLineTools/SDKs/MacOSX.sdk/System/Library/Frameworks/Ruby.framework/Versions/2.6/usr/include/ruby-2.6.0/ruby/ruby.h:1826:24: note: expanded from macro 'rb_intern'
 1826 |         __extension__ (RUBY_CONST_ID_CACHE((ID), (str))) : \
      |                        ^~~~~~~~~~~~~~~~~~~~~~~~~~~~~~~~
/Library/Developer/CommandLineTools/SDKs/MacOSX.sdk/System/Library/Frameworks/Ruby.framework/Versions/2.6/usr/include/ruby-2.6.0/ruby/ruby.h:1811:5: note: expanded from macro 'RUBY_CONST_ID_CACHE'
 1811 |     {                                                   \
      |     ^
/Library/Developer/CommandLineTools/SDKs/MacOSX.sdk/System/Library/Frameworks/Ruby.framework/Versions/2.6/usr/include/ruby-2.6.0/ruby/ruby.h:2602:20: note: expanded from macro 'rb_funcall'
 2602 |         rb_funcallv(recv, mid, \
      |                           ^~~
parse.c:895:41: warning: '}' and ')' tokens terminating statement expression appear in different macro expansion contexts [-Wcompound-token-split-by-macro]
  895 |                 rnum = rb_funcall(rnum, rb_intern("to_f"), 0);
      |                                         ^~~~~~~~~~~~~~~~~
/Library/Developer/CommandLineTools/SDKs/MacOSX.sdk/System/Library/Frameworks/Ruby.framework/Versions/2.6/usr/include/ruby-2.6.0/ruby/ruby.h:1826:24: note: expanded from macro 'rb_intern'
 1826 |         __extension__ (RUBY_CONST_ID_CACHE((ID), (str))) : \
      |                        ^~~~~~~~~~~~~~~~~~~~~~~~~~~~~~~~
/Library/Developer/CommandLineTools/SDKs/MacOSX.sdk/System/Library/Frameworks/Ruby.framework/Versions/2.6/usr/include/ruby-2.6.0/ruby/ruby.h:1816:5: note: expanded from macro 'RUBY_CONST_ID_CACHE'
 1816 |     }
      |     ^
/Library/Developer/CommandLineTools/SDKs/MacOSX.sdk/System/Library/Frameworks/Ruby.framework/Versions/2.6/usr/include/ruby-2.6.0/ruby/ruby.h:2602:20: note: expanded from macro 'rb_funcall'
 2602 |         rb_funcallv(recv, mid, \
      |                           ^~~
parse.c:895:41: note: ')' token is here
  895 |                 rnum = rb_funcall(rnum, rb_intern("to_f"), 0);
      |                                         ^~~~~~~~~~~~~~~~~
/Library/Developer/CommandLineTools/SDKs/MacOSX.sdk/System/Library/Frameworks/Ruby.framework/Versions/2.6/usr/include/ruby-2.6.0/ruby/ruby.h:1826:56: note: expanded from macro 'rb_intern'
 1826 |         __extension__ (RUBY_CONST_ID_CACHE((ID), (str))) : \
      |                                                        ^
/Library/Developer/CommandLineTools/SDKs/MacOSX.sdk/System/Library/Frameworks/Ruby.framework/Versions/2.6/usr/include/ruby-2.6.0/ruby/ruby.h:2602:20: note: expanded from macro 'rb_funcall'
 2602 |         rb_funcallv(recv, mid, \
      |                           ^~~
parse.c:921:35: warning: '(' and '{' tokens introducing statement expression appear in different macro expansion contexts [-Wcompound-token-split-by-macro]
  921 |             rnum = rb_funcall(sv, rb_intern("to_f"), 0);
      |                                   ^~~~~~~~~~~~~~~~~
/Library/Developer/CommandLineTools/SDKs/MacOSX.sdk/System/Library/Frameworks/Ruby.framework/Versions/2.6/usr/include/ruby-2.6.0/ruby/ruby.h:1826:23: note: expanded from macro 'rb_intern'
 1826 |         __extension__ (RUBY_CONST_ID_CACHE((ID), (str))) : \
      |                       ^
/Library/Developer/CommandLineTools/SDKs/MacOSX.sdk/System/Library/Frameworks/Ruby.framework/Versions/2.6/usr/include/ruby-2.6.0/ruby/ruby.h:2602:20: note: expanded from macro 'rb_funcall'
 2602 |         rb_funcallv(recv, mid, \
      |                           ^~~
parse.c:921:35: note: '{' token is here
  921 |             rnum = rb_funcall(sv, rb_intern("to_f"), 0);
      |                                   ^~~~~~~~~~~~~~~~~
/Library/Developer/CommandLineTools/SDKs/MacOSX.sdk/System/Library/Frameworks/Ruby.framework/Versions/2.6/usr/include/ruby-2.6.0/ruby/ruby.h:1826:24: note: expanded from macro 'rb_intern'
 1826 |         __extension__ (RUBY_CONST_ID_CACHE((ID), (str))) : \
      |                        ^~~~~~~~~~~~~~~~~~~~~~~~~~~~~~~~
/Library/Developer/CommandLineTools/SDKs/MacOSX.sdk/System/Library/Frameworks/Ruby.framework/Versions/2.6/usr/include/ruby-2.6.0/ruby/ruby.h:1811:5: note: expanded from macro 'RUBY_CONST_ID_CACHE'
 1811 |     {                                                   \
      |     ^
/Library/Developer/CommandLineTools/SDKs/MacOSX.sdk/System/Library/Frameworks/Ruby.framework/Versions/2.6/usr/include/ruby-2.6.0/ruby/ruby.h:2602:20: note: expanded from macro 'rb_funcall'
 2602 |         rb_funcallv(recv, mid, \
      |                           ^~~
parse.c:921:35: warning: '}' and ')' tokens terminating statement expression appear in different macro expansion contexts [-Wcompound-token-split-by-macro]
  921 |             rnum = rb_funcall(sv, rb_intern("to_f"), 0);
      |                                   ^~~~~~~~~~~~~~~~~
/Library/Developer/CommandLineTools/SDKs/MacOSX.sdk/System/Library/Frameworks/Ruby.framework/Versions/2.6/usr/include/ruby-2.6.0/ruby/ruby.h:1826:24: note: expanded from macro 'rb_intern'
 1826 |         __extension__ (RUBY_CONST_ID_CACHE((ID), (str))) : \
      |                        ^~~~~~~~~~~~~~~~~~~~~~~~~~~~~~~~
/Library/Developer/CommandLineTools/SDKs/MacOSX.sdk/System/Library/Frameworks/Ruby.framework/Versions/2.6/usr/include/ruby-2.6.0/ruby/ruby.h:1816:5: note: expanded from macro 'RUBY_CONST_ID_CACHE'
 1816 |     }
      |     ^
/Library/Developer/CommandLineTools/SDKs/MacOSX.sdk/System/Library/Frameworks/Ruby.framework/Versions/2.6/usr/include/ruby-2.6.0/ruby/ruby.h:2602:20: note: expanded from macro 'rb_funcall'
 2602 |         rb_funcallv(recv, mid, \
      |                           ^~~
parse.c:921:35: note: ')' token is here
  921 |             rnum = rb_funcall(sv, rb_intern("to_f"), 0);
      |                                   ^~~~~~~~~~~~~~~~~
/Library/Developer/CommandLineTools/SDKs/MacOSX.sdk/System/Library/Frameworks/Ruby.framework/Versions/2.6/usr/include/ruby-2.6.0/ruby/ruby.h:1826:56: note: expanded from macro 'rb_intern'
 1826 |         __extension__ (RUBY_CONST_ID_CACHE((ID), (str))) : \
      |                                                        ^
/Library/Developer/CommandLineTools/SDKs/MacOSX.sdk/System/Library/Frameworks/Ruby.framework/Versions/2.6/usr/include/ruby-2.6.0/ruby/ruby.h:2602:20: note: expanded from macro 'rb_funcall'
 2602 |         rb_funcallv(recv, mid, \
      |                           ^~~
4 warnings generated.
compiling parser.c
compiling rails.c
rails.c:196:19: warning: '(' and '{' tokens introducing statement expression appear in different macro expansion contexts [-Wcompound-token-split-by-macro]
  196 |         to_a_id = rb_intern("to_a");
      |                   ^~~~~~~~~~~~~~~~~
/Library/Developer/CommandLineTools/SDKs/MacOSX.sdk/System/Library/Frameworks/Ruby.framework/Versions/2.6/usr/include/ruby-2.6.0/ruby/ruby.h:1826:23: note: expanded from macro 'rb_intern'
 1826 |         __extension__ (RUBY_CONST_ID_CACHE((ID), (str))) : \
      |                       ^
rails.c:196:19: note: '{' token is here
  196 |         to_a_id = rb_intern("to_a");
      |                   ^~~~~~~~~~~~~~~~~
/Library/Developer/CommandLineTools/SDKs/MacOSX.sdk/System/Library/Frameworks/Ruby.framework/Versions/2.6/usr/include/ruby-2.6.0/ruby/ruby.h:1826:24: note: expanded from macro 'rb_intern'
 1826 |         __extension__ (RUBY_CONST_ID_CACHE((ID), (str))) : \
      |                        ^~~~~~~~~~~~~~~~~~~~~~~~~~~~~~~~
/Library/Developer/CommandLineTools/SDKs/MacOSX.sdk/System/Library/Frameworks/Ruby.framework/Versions/2.6/usr/include/ruby-2.6.0/ruby/ruby.h:1811:5: note: expanded from macro 'RUBY_CONST_ID_CACHE'
 1811 |     {                                                   \
      |     ^
rails.c:196:19: warning: '}' and ')' tokens terminating statement expression appear in different macro expansion contexts [-Wcompound-token-split-by-macro]
  196 |         to_a_id = rb_intern("to_a");
      |                   ^~~~~~~~~~~~~~~~~
/Library/Developer/CommandLineTools/SDKs/MacOSX.sdk/System/Library/Frameworks/Ruby.framework/Versions/2.6/usr/include/ruby-2.6.0/ruby/ruby.h:1826:24: note: expanded from macro 'rb_intern'
 1826 |         __extension__ (RUBY_CONST_ID_CACHE((ID), (str))) : \
      |                        ^~~~~~~~~~~~~~~~~~~~~~~~~~~~~~~~
/Library/Developer/CommandLineTools/SDKs/MacOSX.sdk/System/Library/Frameworks/Ruby.framework/Versions/2.6/usr/include/ruby-2.6.0/ruby/ruby.h:1816:5: note: expanded from macro 'RUBY_CONST_ID_CACHE'
 1816 |     }
      |     ^
rails.c:196:19: note: ')' token is here
  196 |         to_a_id = rb_intern("to_a");
      |                   ^~~~~~~~~~~~~~~~~
/Library/Developer/CommandLineTools/SDKs/MacOSX.sdk/System/Library/Frameworks/Ruby.framework/Versions/2.6/usr/include/ruby-2.6.0/ruby/ruby.h:1826:56: note: expanded from macro 'rb_intern'
 1826 |         __extension__ (RUBY_CONST_ID_CACHE((ID), (str))) : \
      |                                                        ^
rails.c:363:25: warning: '(' and '{' tokens introducing statement expression appear in different macro expansion contexts [-Wcompound-token-split-by-macro]
  363 |         parameters_id = rb_intern("@parameters");
      |                         ^~~~~~~~~~~~~~~~~~~~~~~~
/Library/Developer/CommandLineTools/SDKs/MacOSX.sdk/System/Library/Frameworks/Ruby.framework/Versions/2.6/usr/include/ruby-2.6.0/ruby/ruby.h:1826:23: note: expanded from macro 'rb_intern'
 1826 |         __extension__ (RUBY_CONST_ID_CACHE((ID), (str))) : \
      |                       ^
rails.c:363:25: note: '{' token is here
  363 |         parameters_id = rb_intern("@parameters");
      |                         ^~~~~~~~~~~~~~~~~~~~~~~~
/Library/Developer/CommandLineTools/SDKs/MacOSX.sdk/System/Library/Frameworks/Ruby.framework/Versions/2.6/usr/include/ruby-2.6.0/ruby/ruby.h:1826:24: note: expanded from macro 'rb_intern'
 1826 |         __extension__ (RUBY_CONST_ID_CACHE((ID), (str))) : \
      |                        ^~~~~~~~~~~~~~~~~~~~~~~~~~~~~~~~
/Library/Developer/CommandLineTools/SDKs/MacOSX.sdk/System/Library/Frameworks/Ruby.framework/Versions/2.6/usr/include/ruby-2.6.0/ruby/ruby.h:1811:5: note: expanded from macro 'RUBY_CONST_ID_CACHE'
 1811 |     {                                                   \
      |     ^
rails.c:363:25: warning: '}' and ')' tokens terminating statement expression appear in different macro expansion contexts [-Wcompound-token-split-by-macro]
  363 |         parameters_id = rb_intern("@parameters");
      |                         ^~~~~~~~~~~~~~~~~~~~~~~~
/Library/Developer/CommandLineTools/SDKs/MacOSX.sdk/System/Library/Frameworks/Ruby.framework/Versions/2.6/usr/include/ruby-2.6.0/ruby/ruby.h:1826:24: note: expanded from macro 'rb_intern'
 1826 |         __extension__ (RUBY_CONST_ID_CACHE((ID), (str))) : \
      |                        ^~~~~~~~~~~~~~~~~~~~~~~~~~~~~~~~
/Library/Developer/CommandLineTools/SDKs/MacOSX.sdk/System/Library/Frameworks/Ruby.framework/Versions/2.6/usr/include/ruby-2.6.0/ruby/ruby.h:1816:5: note: expanded from macro 'RUBY_CONST_ID_CACHE'
 1816 |     }
      |     ^
rails.c:363:25: note: ')' token is here
  363 |         parameters_id = rb_intern("@parameters");
      |                         ^~~~~~~~~~~~~~~~~~~~~~~~
/Library/Developer/CommandLineTools/SDKs/MacOSX.sdk/System/Library/Frameworks/Ruby.framework/Versions/2.6/usr/include/ruby-2.6.0/ruby/ruby.h:1826:56: note: expanded from macro 'rb_intern'
 1826 |         __extension__ (RUBY_CONST_ID_CACHE((ID), (str))) : \
      |                                                        ^
rails.c:450:22: warning: '(' and '{' tokens introducing statement expression appear in different macro expansion contexts [-Wcompound-token-split-by-macro]
  450 |         rows_id    = rb_intern("@rows");
      |                      ^~~~~~~~~~~~~~~~~~
/Library/Developer/CommandLineTools/SDKs/MacOSX.sdk/System/Library/Frameworks/Ruby.framework/Versions/2.6/usr/include/ruby-2.6.0/ruby/ruby.h:1826:23: note: expanded from macro 'rb_intern'
 1826 |         __extension__ (RUBY_CONST_ID_CACHE((ID), (str))) : \
      |                       ^
rails.c:450:22: note: '{' token is here
  450 |         rows_id    = rb_intern("@rows");
      |                      ^~~~~~~~~~~~~~~~~~
/Library/Developer/CommandLineTools/SDKs/MacOSX.sdk/System/Library/Frameworks/Ruby.framework/Versions/2.6/usr/include/ruby-2.6.0/ruby/ruby.h:1826:24: note: expanded from macro 'rb_intern'
 1826 |         __extension__ (RUBY_CONST_ID_CACHE((ID), (str))) : \
      |                        ^~~~~~~~~~~~~~~~~~~~~~~~~~~~~~~~
/Library/Developer/CommandLineTools/SDKs/MacOSX.sdk/System/Library/Frameworks/Ruby.framework/Versions/2.6/usr/include/ruby-2.6.0/ruby/ruby.h:1811:5: note: expanded from macro 'RUBY_CONST_ID_CACHE'
 1811 |     {                                                   \
      |     ^
rails.c:450:22: warning: '}' and ')' tokens terminating statement expression appear in different macro expansion contexts [-Wcompound-token-split-by-macro]
  450 |         rows_id    = rb_intern("@rows");
      |                      ^~~~~~~~~~~~~~~~~~
/Library/Developer/CommandLineTools/SDKs/MacOSX.sdk/System/Library/Frameworks/Ruby.framework/Versions/2.6/usr/include/ruby-2.6.0/ruby/ruby.h:1826:24: note: expanded from macro 'rb_intern'
 1826 |         __extension__ (RUBY_CONST_ID_CACHE((ID), (str))) : \
      |                        ^~~~~~~~~~~~~~~~~~~~~~~~~~~~~~~~
/Library/Developer/CommandLineTools/SDKs/MacOSX.sdk/System/Library/Frameworks/Ruby.framework/Versions/2.6/usr/include/ruby-2.6.0/ruby/ruby.h:1816:5: note: expanded from macro 'RUBY_CONST_ID_CACHE'
 1816 |     }
      |     ^
rails.c:450:22: note: ')' token is here
  450 |         rows_id    = rb_intern("@rows");
      |                      ^~~~~~~~~~~~~~~~~~
/Library/Developer/CommandLineTools/SDKs/MacOSX.sdk/System/Library/Frameworks/Ruby.framework/Versions/2.6/usr/include/ruby-2.6.0/ruby/ruby.h:1826:56: note: expanded from macro 'rb_intern'
 1826 |         __extension__ (RUBY_CONST_ID_CACHE((ID), (str))) : \
      |                                                        ^
rails.c:451:22: warning: '(' and '{' tokens introducing statement expression appear in different macro expansion contexts [-Wcompound-token-split-by-macro]
  451 |         columns_id = rb_intern("@columns");
      |                      ^~~~~~~~~~~~~~~~~~~~~
/Library/Developer/CommandLineTools/SDKs/MacOSX.sdk/System/Library/Frameworks/Ruby.framework/Versions/2.6/usr/include/ruby-2.6.0/ruby/ruby.h:1826:23: note: expanded from macro 'rb_intern'
 1826 |         __extension__ (RUBY_CONST_ID_CACHE((ID), (str))) : \
      |                       ^
rails.c:451:22: note: '{' token is here
  451 |         columns_id = rb_intern("@columns");
      |                      ^~~~~~~~~~~~~~~~~~~~~
/Library/Developer/CommandLineTools/SDKs/MacOSX.sdk/System/Library/Frameworks/Ruby.framework/Versions/2.6/usr/include/ruby-2.6.0/ruby/ruby.h:1826:24: note: expanded from macro 'rb_intern'
 1826 |         __extension__ (RUBY_CONST_ID_CACHE((ID), (str))) : \
      |                        ^~~~~~~~~~~~~~~~~~~~~~~~~~~~~~~~
/Library/Developer/CommandLineTools/SDKs/MacOSX.sdk/System/Library/Frameworks/Ruby.framework/Versions/2.6/usr/include/ruby-2.6.0/ruby/ruby.h:1811:5: note: expanded from macro 'RUBY_CONST_ID_CACHE'
 1811 |     {                                                   \
      |     ^
rails.c:451:22: warning: '}' and ')' tokens terminating statement expression appear in different macro expansion contexts [-Wcompound-token-split-by-macro]
  451 |         columns_id = rb_intern("@columns");
      |                      ^~~~~~~~~~~~~~~~~~~~~
/Library/Developer/CommandLineTools/SDKs/MacOSX.sdk/System/Library/Frameworks/Ruby.framework/Versions/2.6/usr/include/ruby-2.6.0/ruby/ruby.h:1826:24: note: expanded from macro 'rb_intern'
 1826 |         __extension__ (RUBY_CONST_ID_CACHE((ID), (str))) : \
      |                        ^~~~~~~~~~~~~~~~~~~~~~~~~~~~~~~~
/Library/Developer/CommandLineTools/SDKs/MacOSX.sdk/System/Library/Frameworks/Ruby.framework/Versions/2.6/usr/include/ruby-2.6.0/ruby/ruby.h:1816:5: note: expanded from macro 'RUBY_CONST_ID_CACHE'
 1816 |     }
      |     ^
rails.c:451:22: note: ')' token is here
  451 |         columns_id = rb_intern("@columns");
      |                      ^~~~~~~~~~~~~~~~~~~~~
/Library/Developer/CommandLineTools/SDKs/MacOSX.sdk/System/Library/Frameworks/Ruby.framework/Versions/2.6/usr/include/ruby-2.6.0/ruby/ruby.h:1826:56: note: expanded from macro 'rb_intern'
 1826 |         __extension__ (RUBY_CONST_ID_CACHE((ID), (str))) : \
      |                                                        ^
rails.c:572:25: warning: '(' and '{' tokens introducing statement expression appear in different macro expansion contexts [-Wcompound-token-split-by-macro]
  572 |         attributes_id = rb_intern("@attributes");
      |                         ^~~~~~~~~~~~~~~~~~~~~~~~
/Library/Developer/CommandLineTools/SDKs/MacOSX.sdk/System/Library/Frameworks/Ruby.framework/Versions/2.6/usr/include/ruby-2.6.0/ruby/ruby.h:1826:23: note: expanded from macro 'rb_intern'
 1826 |         __extension__ (RUBY_CONST_ID_CACHE((ID), (str))) : \
      |                       ^
rails.c:572:25: note: '{' token is here
  572 |         attributes_id = rb_intern("@attributes");
      |                         ^~~~~~~~~~~~~~~~~~~~~~~~
/Library/Developer/CommandLineTools/SDKs/MacOSX.sdk/System/Library/Frameworks/Ruby.framework/Versions/2.6/usr/include/ruby-2.6.0/ruby/ruby.h:1826:24: note: expanded from macro 'rb_intern'
 1826 |         __extension__ (RUBY_CONST_ID_CACHE((ID), (str))) : \
      |                        ^~~~~~~~~~~~~~~~~~~~~~~~~~~~~~~~
/Library/Developer/CommandLineTools/SDKs/MacOSX.sdk/System/Library/Frameworks/Ruby.framework/Versions/2.6/usr/include/ruby-2.6.0/ruby/ruby.h:1811:5: note: expanded from macro 'RUBY_CONST_ID_CACHE'
 1811 |     {                                                   \
      |     ^
rails.c:572:25: warning: '}' and ')' tokens terminating statement expression appear in different macro expansion contexts [-Wcompound-token-split-by-macro]
  572 |         attributes_id = rb_intern("@attributes");
      |                         ^~~~~~~~~~~~~~~~~~~~~~~~
/Library/Developer/CommandLineTools/SDKs/MacOSX.sdk/System/Library/Frameworks/Ruby.framework/Versions/2.6/usr/include/ruby-2.6.0/ruby/ruby.h:1826:24: note: expanded from macro 'rb_intern'
 1826 |         __extension__ (RUBY_CONST_ID_CACHE((ID), (str))) : \
      |                        ^~~~~~~~~~~~~~~~~~~~~~~~~~~~~~~~
/Library/Developer/CommandLineTools/SDKs/MacOSX.sdk/System/Library/Frameworks/Ruby.framework/Versions/2.6/usr/include/ruby-2.6.0/ruby/ruby.h:1816:5: note: expanded from macro 'RUBY_CONST_ID_CACHE'
 1816 |     }
      |     ^
rails.c:572:25: note: ')' token is here
  572 |         attributes_id = rb_intern("@attributes");
      |                         ^~~~~~~~~~~~~~~~~~~~~~~~
/Library/Developer/CommandLineTools/SDKs/MacOSX.sdk/System/Library/Frameworks/Ruby.framework/Versions/2.6/usr/include/ruby-2.6.0/ruby/ruby.h:1826:56: note: expanded from macro 'rb_intern'
 1826 |         __extension__ (RUBY_CONST_ID_CACHE((ID), (str))) : \
      |                                                        ^
rails.c:620:52: warning: '(' and '{' tokens introducing statement expression appear in different macro expansion contexts [-Wcompound-token-split-by-macro]
  620 |             VALUE ar = rb_const_get_at(rb_cObject, rb_intern("ActiveRecord"));
      |                                                    ^~~~~~~~~~~~~~~~~~~~~~~~~
/Library/Developer/CommandLineTools/SDKs/MacOSX.sdk/System/Library/Frameworks/Ruby.framework/Versions/2.6/usr/include/ruby-2.6.0/ruby/ruby.h:1826:23: note: expanded from macro 'rb_intern'
 1826 |         __extension__ (RUBY_CONST_ID_CACHE((ID), (str))) : \
      |                       ^
rails.c:620:52: note: '{' token is here
  620 |             VALUE ar = rb_const_get_at(rb_cObject, rb_intern("ActiveRecord"));
      |                                                    ^~~~~~~~~~~~~~~~~~~~~~~~~
/Library/Developer/CommandLineTools/SDKs/MacOSX.sdk/System/Library/Frameworks/Ruby.framework/Versions/2.6/usr/include/ruby-2.6.0/ruby/ruby.h:1826:24: note: expanded from macro 'rb_intern'
 1826 |         __extension__ (RUBY_CONST_ID_CACHE((ID), (str))) : \
      |                        ^~~~~~~~~~~~~~~~~~~~~~~~~~~~~~~~
/Library/Developer/CommandLineTools/SDKs/MacOSX.sdk/System/Library/Frameworks/Ruby.framework/Versions/2.6/usr/include/ruby-2.6.0/ruby/ruby.h:1811:5: note: expanded from macro 'RUBY_CONST_ID_CACHE'
 1811 |     {                                                   \
      |     ^
rails.c:620:52: warning: '}' and ')' tokens terminating statement expression appear in different macro expansion contexts [-Wcompound-token-split-by-macro]
  620 |             VALUE ar = rb_const_get_at(rb_cObject, rb_intern("ActiveRecord"));
      |                                                    ^~~~~~~~~~~~~~~~~~~~~~~~~
/Library/Developer/CommandLineTools/SDKs/MacOSX.sdk/System/Library/Frameworks/Ruby.framework/Versions/2.6/usr/include/ruby-2.6.0/ruby/ruby.h:1826:24: note: expanded from macro 'rb_intern'
 1826 |         __extension__ (RUBY_CONST_ID_CACHE((ID), (str))) : \
      |                        ^~~~~~~~~~~~~~~~~~~~~~~~~~~~~~~~
/Library/Developer/CommandLineTools/SDKs/MacOSX.sdk/System/Library/Frameworks/Ruby.framework/Versions/2.6/usr/include/ruby-2.6.0/ruby/ruby.h:1816:5: note: expanded from macro 'RUBY_CONST_ID_CACHE'
 1816 |     }
      |     ^
rails.c:620:52: note: ')' token is here
  620 |             VALUE ar = rb_const_get_at(rb_cObject, rb_intern("ActiveRecord"));
      |                                                    ^~~~~~~~~~~~~~~~~~~~~~~~~
/Library/Developer/CommandLineTools/SDKs/MacOSX.sdk/System/Library/Frameworks/Ruby.framework/Versions/2.6/usr/include/ruby-2.6.0/ruby/ruby.h:1826:56: note: expanded from macro 'rb_intern'
 1826 |         __extension__ (RUBY_CONST_ID_CACHE((ID), (str))) : \
      |                                                        ^
rails.c:623:57: warning: '(' and '{' tokens introducing statement expression appear in different macro expansion contexts [-Wcompound-token-split-by-macro]
  623 |                 activerecord_base = rb_const_get_at(ar, rb_intern("Base"));
      |                                                         ^~~~~~~~~~~~~~~~~
/Library/Developer/CommandLineTools/SDKs/MacOSX.sdk/System/Library/Frameworks/Ruby.framework/Versions/2.6/usr/include/ruby-2.6.0/ruby/ruby.h:1826:23: note: expanded from macro 'rb_intern'
 1826 |         __extension__ (RUBY_CONST_ID_CACHE((ID), (str))) : \
      |                       ^
rails.c:623:57: note: '{' token is here
  623 |                 activerecord_base = rb_const_get_at(ar, rb_intern("Base"));
      |                                                         ^~~~~~~~~~~~~~~~~
/Library/Developer/CommandLineTools/SDKs/MacOSX.sdk/System/Library/Frameworks/Ruby.framework/Versions/2.6/usr/include/ruby-2.6.0/ruby/ruby.h:1826:24: note: expanded from macro 'rb_intern'
 1826 |         __extension__ (RUBY_CONST_ID_CACHE((ID), (str))) : \
      |                        ^~~~~~~~~~~~~~~~~~~~~~~~~~~~~~~~
/Library/Developer/CommandLineTools/SDKs/MacOSX.sdk/System/Library/Frameworks/Ruby.framework/Versions/2.6/usr/include/ruby-2.6.0/ruby/ruby.h:1811:5: note: expanded from macro 'RUBY_CONST_ID_CACHE'
 1811 |     {                                                   \
      |     ^
rails.c:623:57: warning: '}' and ')' tokens terminating statement expression appear in different macro expansion contexts [-Wcompound-token-split-by-macro]
  623 |                 activerecord_base = rb_const_get_at(ar, rb_intern("Base"));
      |                                                         ^~~~~~~~~~~~~~~~~
/Library/Developer/CommandLineTools/SDKs/MacOSX.sdk/System/Library/Frameworks/Ruby.framework/Versions/2.6/usr/include/ruby-2.6.0/ruby/ruby.h:1826:24: note: expanded from macro 'rb_intern'
 1826 |         __extension__ (RUBY_CONST_ID_CACHE((ID), (str))) : \
      |                        ^~~~~~~~~~~~~~~~~~~~~~~~~~~~~~~~
/Library/Developer/CommandLineTools/SDKs/MacOSX.sdk/System/Library/Frameworks/Ruby.framework/Versions/2.6/usr/include/ruby-2.6.0/ruby/ruby.h:1816:5: note: expanded from macro 'RUBY_CONST_ID_CACHE'
 1816 |     }
      |     ^
rails.c:623:57: note: ')' token is here
  623 |                 activerecord_base = rb_const_get_at(ar, rb_intern("Base"));
      |                                                         ^~~~~~~~~~~~~~~~~
/Library/Developer/CommandLineTools/SDKs/MacOSX.sdk/System/Library/Frameworks/Ruby.framework/Versions/2.6/usr/include/ruby-2.6.0/ruby/ruby.h:1826:56: note: expanded from macro 'rb_intern'
 1826 |         __extension__ (RUBY_CONST_ID_CACHE((ID), (str))) : \
      |                                                        ^
rails.c:696:19: warning: '(' and '{' tokens introducing statement expression appear in different macro expansion contexts [-Wcompound-token-split-by-macro]
  696 |             cid = rb_intern(class_name);
      |                   ^~~~~~~~~~~~~~~~~~~~~
/Library/Developer/CommandLineTools/SDKs/MacOSX.sdk/System/Library/Frameworks/Ruby.framework/Versions/2.6/usr/include/ruby-2.6.0/ruby/ruby.h:1826:23: note: expanded from macro 'rb_intern'
 1826 |         __extension__ (RUBY_CONST_ID_CACHE((ID), (str))) : \
      |                       ^
rails.c:696:19: note: '{' token is here
  696 |             cid = rb_intern(class_name);
      |                   ^~~~~~~~~~~~~~~~~~~~~
/Library/Developer/CommandLineTools/SDKs/MacOSX.sdk/System/Library/Frameworks/Ruby.framework/Versions/2.6/usr/include/ruby-2.6.0/ruby/ruby.h:1826:24: note: expanded from macro 'rb_intern'
 1826 |         __extension__ (RUBY_CONST_ID_CACHE((ID), (str))) : \
      |                        ^~~~~~~~~~~~~~~~~~~~~~~~~~~~~~~~
/Library/Developer/CommandLineTools/SDKs/MacOSX.sdk/System/Library/Frameworks/Ruby.framework/Versions/2.6/usr/include/ruby-2.6.0/ruby/ruby.h:1811:5: note: expanded from macro 'RUBY_CONST_ID_CACHE'
 1811 |     {                                                   \
      |     ^
rails.c:696:19: warning: '}' and ')' tokens terminating statement expression appear in different macro expansion contexts [-Wcompound-token-split-by-macro]
  696 |             cid = rb_intern(class_name);
      |                   ^~~~~~~~~~~~~~~~~~~~~
/Library/Developer/CommandLineTools/SDKs/MacOSX.sdk/System/Library/Frameworks/Ruby.framework/Versions/2.6/usr/include/ruby-2.6.0/ruby/ruby.h:1826:24: note: expanded from macro 'rb_intern'
 1826 |         __extension__ (RUBY_CONST_ID_CACHE((ID), (str))) : \
      |                        ^~~~~~~~~~~~~~~~~~~~~~~~~~~~~~~~
/Library/Developer/CommandLineTools/SDKs/MacOSX.sdk/System/Library/Frameworks/Ruby.framework/Versions/2.6/usr/include/ruby-2.6.0/ruby/ruby.h:1816:5: note: expanded from macro 'RUBY_CONST_ID_CACHE'
 1816 |     }
      |     ^
rails.c:696:19: note: ')' token is here
  696 |             cid = rb_intern(class_name);
      |                   ^~~~~~~~~~~~~~~~~~~~~
/Library/Developer/CommandLineTools/SDKs/MacOSX.sdk/System/Library/Frameworks/Ruby.framework/Versions/2.6/usr/include/ruby-2.6.0/ruby/ruby.h:1826:56: note: expanded from macro 'rb_intern'
 1826 |         __extension__ (RUBY_CONST_ID_CACHE((ID), (str))) : \
      |                                                        ^
rails.c:709:11: warning: '(' and '{' tokens introducing statement expression appear in different macro expansion contexts [-Wcompound-token-split-by-macro]
  709 |     cid = rb_intern(class_name);
      |           ^~~~~~~~~~~~~~~~~~~~~
/Library/Developer/CommandLineTools/SDKs/MacOSX.sdk/System/Library/Frameworks/Ruby.framework/Versions/2.6/usr/include/ruby-2.6.0/ruby/ruby.h:1826:23: note: expanded from macro 'rb_intern'
 1826 |         __extension__ (RUBY_CONST_ID_CACHE((ID), (str))) : \
      |                       ^
rails.c:709:11: note: '{' token is here
  709 |     cid = rb_intern(class_name);
      |           ^~~~~~~~~~~~~~~~~~~~~
/Library/Developer/CommandLineTools/SDKs/MacOSX.sdk/System/Library/Frameworks/Ruby.framework/Versions/2.6/usr/include/ruby-2.6.0/ruby/ruby.h:1826:24: note: expanded from macro 'rb_intern'
 1826 |         __extension__ (RUBY_CONST_ID_CACHE((ID), (str))) : \
      |                        ^~~~~~~~~~~~~~~~~~~~~~~~~~~~~~~~
/Library/Developer/CommandLineTools/SDKs/MacOSX.sdk/System/Library/Frameworks/Ruby.framework/Versions/2.6/usr/include/ruby-2.6.0/ruby/ruby.h:1811:5: note: expanded from macro 'RUBY_CONST_ID_CACHE'
 1811 |     {                                                   \
      |     ^
rails.c:709:11: warning: '}' and ')' tokens terminating statement expression appear in different macro expansion contexts [-Wcompound-token-split-by-macro]
  709 |     cid = rb_intern(class_name);
      |           ^~~~~~~~~~~~~~~~~~~~~
/Library/Developer/CommandLineTools/SDKs/MacOSX.sdk/System/Library/Frameworks/Ruby.framework/Versions/2.6/usr/include/ruby-2.6.0/ruby/ruby.h:1826:24: note: expanded from macro 'rb_intern'
 1826 |         __extension__ (RUBY_CONST_ID_CACHE((ID), (str))) : \
      |                        ^~~~~~~~~~~~~~~~~~~~~~~~~~~~~~~~
/Library/Developer/CommandLineTools/SDKs/MacOSX.sdk/System/Library/Frameworks/Ruby.framework/Versions/2.6/usr/include/ruby-2.6.0/ruby/ruby.h:1816:5: note: expanded from macro 'RUBY_CONST_ID_CACHE'
 1816 |     }
      |     ^
rails.c:709:11: note: ')' token is here
  709 |     cid = rb_intern(class_name);
      |           ^~~~~~~~~~~~~~~~~~~~~
/Library/Developer/CommandLineTools/SDKs/MacOSX.sdk/System/Library/Frameworks/Ruby.framework/Versions/2.6/usr/include/ruby-2.6.0/ruby/ruby.h:1826:56: note: expanded from macro 'rb_intern'
 1826 |         __extension__ (RUBY_CONST_ID_CACHE((ID), (str))) : \
      |                                                        ^
rails.c:806:41: warning: '(' and '{' tokens introducing statement expression appear in different macro expansion contexts [-Wcompound-token-split-by-macro]
  806 |     if (rb_const_defined_at(rb_cObject, rb_intern("JSON"))) {
      |                                         ^~~~~~~~~~~~~~~~~
/Library/Developer/CommandLineTools/SDKs/MacOSX.sdk/System/Library/Frameworks/Ruby.framework/Versions/2.6/usr/include/ruby-2.6.0/ruby/ruby.h:1826:23: note: expanded from macro 'rb_intern'
 1826 |         __extension__ (RUBY_CONST_ID_CACHE((ID), (str))) : \
      |                       ^
rails.c:806:41: note: '{' token is here
  806 |     if (rb_const_defined_at(rb_cObject, rb_intern("JSON"))) {
      |                                         ^~~~~~~~~~~~~~~~~
/Library/Developer/CommandLineTools/SDKs/MacOSX.sdk/System/Library/Frameworks/Ruby.framework/Versions/2.6/usr/include/ruby-2.6.0/ruby/ruby.h:1826:24: note: expanded from macro 'rb_intern'
 1826 |         __extension__ (RUBY_CONST_ID_CACHE((ID), (str))) : \
      |                        ^~~~~~~~~~~~~~~~~~~~~~~~~~~~~~~~
/Library/Developer/CommandLineTools/SDKs/MacOSX.sdk/System/Library/Frameworks/Ruby.framework/Versions/2.6/usr/include/ruby-2.6.0/ruby/ruby.h:1811:5: note: expanded from macro 'RUBY_CONST_ID_CACHE'
 1811 |     {                                                   \
      |     ^
rails.c:806:41: warning: '}' and ')' tokens terminating statement expression appear in different macro expansion contexts [-Wcompound-token-split-by-macro]
  806 |     if (rb_const_defined_at(rb_cObject, rb_intern("JSON"))) {
      |                                         ^~~~~~~~~~~~~~~~~
/Library/Developer/CommandLineTools/SDKs/MacOSX.sdk/System/Library/Frameworks/Ruby.framework/Versions/2.6/usr/include/ruby-2.6.0/ruby/ruby.h:1826:24: note: expanded from macro 'rb_intern'
 1826 |         __extension__ (RUBY_CONST_ID_CACHE((ID), (str))) : \
      |                        ^~~~~~~~~~~~~~~~~~~~~~~~~~~~~~~~
/Library/Developer/CommandLineTools/SDKs/MacOSX.sdk/System/Library/Frameworks/Ruby.framework/Versions/2.6/usr/include/ruby-2.6.0/ruby/ruby.h:1816:5: note: expanded from macro 'RUBY_CONST_ID_CACHE'
 1816 |     }
      |     ^
rails.c:806:41: note: ')' token is here
  806 |     if (rb_const_defined_at(rb_cObject, rb_intern("JSON"))) {
      |                                         ^~~~~~~~~~~~~~~~~
/Library/Developer/CommandLineTools/SDKs/MacOSX.sdk/System/Library/Frameworks/Ruby.framework/Versions/2.6/usr/include/ruby-2.6.0/ruby/ruby.h:1826:56: note: expanded from macro 'rb_intern'
 1826 |         __extension__ (RUBY_CONST_ID_CACHE((ID), (str))) : \
      |                                                        ^
rails.c:807:44: warning: '(' and '{' tokens introducing statement expression appear in different macro expansion contexts [-Wcompound-token-split-by-macro]
  807 |         json = rb_const_get_at(rb_cObject, rb_intern("JSON"));
      |                                            ^~~~~~~~~~~~~~~~~
/Library/Developer/CommandLineTools/SDKs/MacOSX.sdk/System/Library/Frameworks/Ruby.framework/Versions/2.6/usr/include/ruby-2.6.0/ruby/ruby.h:1826:23: note: expanded from macro 'rb_intern'
 1826 |         __extension__ (RUBY_CONST_ID_CACHE((ID), (str))) : \
      |                       ^
rails.c:807:44: note: '{' token is here
  807 |         json = rb_const_get_at(rb_cObject, rb_intern("JSON"));
      |                                            ^~~~~~~~~~~~~~~~~
/Library/Developer/CommandLineTools/SDKs/MacOSX.sdk/System/Library/Frameworks/Ruby.framework/Versions/2.6/usr/include/ruby-2.6.0/ruby/ruby.h:1826:24: note: expanded from macro 'rb_intern'
 1826 |         __extension__ (RUBY_CONST_ID_CACHE((ID), (str))) : \
      |                        ^~~~~~~~~~~~~~~~~~~~~~~~~~~~~~~~
/Library/Developer/CommandLineTools/SDKs/MacOSX.sdk/System/Library/Frameworks/Ruby.framework/Versions/2.6/usr/include/ruby-2.6.0/ruby/ruby.h:1811:5: note: expanded from macro 'RUBY_CONST_ID_CACHE'
 1811 |     {                                                   \
      |     ^
rails.c:807:44: warning: '}' and ')' tokens terminating statement expression appear in different macro expansion contexts [-Wcompound-token-split-by-macro]
  807 |         json = rb_const_get_at(rb_cObject, rb_intern("JSON"));
      |                                            ^~~~~~~~~~~~~~~~~
/Library/Developer/CommandLineTools/SDKs/MacOSX.sdk/System/Library/Frameworks/Ruby.framework/Versions/2.6/usr/include/ruby-2.6.0/ruby/ruby.h:1826:24: note: expanded from macro 'rb_intern'
 1826 |         __extension__ (RUBY_CONST_ID_CACHE((ID), (str))) : \
      |                        ^~~~~~~~~~~~~~~~~~~~~~~~~~~~~~~~
/Library/Developer/CommandLineTools/SDKs/MacOSX.sdk/System/Library/Frameworks/Ruby.framework/Versions/2.6/usr/include/ruby-2.6.0/ruby/ruby.h:1816:5: note: expanded from macro 'RUBY_CONST_ID_CACHE'
 1816 |     }
      |     ^
rails.c:807:44: note: ')' token is here
  807 |         json = rb_const_get_at(rb_cObject, rb_intern("JSON"));
      |                                            ^~~~~~~~~~~~~~~~~
/Library/Developer/CommandLineTools/SDKs/MacOSX.sdk/System/Library/Frameworks/Ruby.framework/Versions/2.6/usr/include/ruby-2.6.0/ruby/ruby.h:1826:56: note: expanded from macro 'rb_intern'
 1826 |         __extension__ (RUBY_CONST_ID_CACHE((ID), (str))) : \
      |                                                        ^
rails.c:1050:41: warning: '(' and '{' tokens introducing statement expression appear in different macro expansion contexts [-Wcompound-token-split-by-macro]
 1050 |     if (rb_const_defined_at(rb_cObject, rb_intern("ActiveSupport"))) {
      |                                         ^~~~~~~~~~~~~~~~~~~~~~~~~~
/Library/Developer/CommandLineTools/SDKs/MacOSX.sdk/System/Library/Frameworks/Ruby.framework/Versions/2.6/usr/include/ruby-2.6.0/ruby/ruby.h:1826:23: note: expanded from macro 'rb_intern'
 1826 |         __extension__ (RUBY_CONST_ID_CACHE((ID), (str))) : \
      |                       ^
rails.c:1050:41: note: '{' token is here
 1050 |     if (rb_const_defined_at(rb_cObject, rb_intern("ActiveSupport"))) {
      |                                         ^~~~~~~~~~~~~~~~~~~~~~~~~~
/Library/Developer/CommandLineTools/SDKs/MacOSX.sdk/System/Library/Frameworks/Ruby.framework/Versions/2.6/usr/include/ruby-2.6.0/ruby/ruby.h:1826:24: note: expanded from macro 'rb_intern'
 1826 |         __extension__ (RUBY_CONST_ID_CACHE((ID), (str))) : \
      |                        ^~~~~~~~~~~~~~~~~~~~~~~~~~~~~~~~
/Library/Developer/CommandLineTools/SDKs/MacOSX.sdk/System/Library/Frameworks/Ruby.framework/Versions/2.6/usr/include/ruby-2.6.0/ruby/ruby.h:1811:5: note: expanded from macro 'RUBY_CONST_ID_CACHE'
 1811 |     {                                                   \
      |     ^
rails.c:1050:41: warning: '}' and ')' tokens terminating statement expression appear in different macro expansion contexts [-Wcompound-token-split-by-macro]
 1050 |     if (rb_const_defined_at(rb_cObject, rb_intern("ActiveSupport"))) {
      |                                         ^~~~~~~~~~~~~~~~~~~~~~~~~~
/Library/Developer/CommandLineTools/SDKs/MacOSX.sdk/System/Library/Frameworks/Ruby.framework/Versions/2.6/usr/include/ruby-2.6.0/ruby/ruby.h:1826:24: note: expanded from macro 'rb_intern'
 1826 |         __extension__ (RUBY_CONST_ID_CACHE((ID), (str))) : \
      |                        ^~~~~~~~~~~~~~~~~~~~~~~~~~~~~~~~
/Library/Developer/CommandLineTools/SDKs/MacOSX.sdk/System/Library/Frameworks/Ruby.framework/Versions/2.6/usr/include/ruby-2.6.0/ruby/ruby.h:1816:5: note: expanded from macro 'RUBY_CONST_ID_CACHE'
 1816 |     }
      |     ^
rails.c:1050:41: note: ')' token is here
 1050 |     if (rb_const_defined_at(rb_cObject, rb_intern("ActiveSupport"))) {
      |                                         ^~~~~~~~~~~~~~~~~~~~~~~~~~
/Library/Developer/CommandLineTools/SDKs/MacOSX.sdk/System/Library/Frameworks/Ruby.framework/Versions/2.6/usr/include/ruby-2.6.0/ruby/ruby.h:1826:56: note: expanded from macro 'rb_intern'
 1826 |         __extension__ (RUBY_CONST_ID_CACHE((ID), (str))) : \
      |                                                        ^
rails.c:1051:46: warning: '(' and '{' tokens introducing statement expression appear in different macro expansion contexts [-Wcompound-token-split-by-macro]
 1051 |         active = rb_const_get_at(rb_cObject, rb_intern("ActiveSupport"));
      |                                              ^~~~~~~~~~~~~~~~~~~~~~~~~~
/Library/Developer/CommandLineTools/SDKs/MacOSX.sdk/System/Library/Frameworks/Ruby.framework/Versions/2.6/usr/include/ruby-2.6.0/ruby/ruby.h:1826:23: note: expanded from macro 'rb_intern'
 1826 |         __extension__ (RUBY_CONST_ID_CACHE((ID), (str))) : \
      |                       ^
rails.c:1051:46: note: '{' token is here
 1051 |         active = rb_const_get_at(rb_cObject, rb_intern("ActiveSupport"));
      |                                              ^~~~~~~~~~~~~~~~~~~~~~~~~~
/Library/Developer/CommandLineTools/SDKs/MacOSX.sdk/System/Library/Frameworks/Ruby.framework/Versions/2.6/usr/include/ruby-2.6.0/ruby/ruby.h:1826:24: note: expanded from macro 'rb_intern'
 1826 |         __extension__ (RUBY_CONST_ID_CACHE((ID), (str))) : \
      |                        ^~~~~~~~~~~~~~~~~~~~~~~~~~~~~~~~
/Library/Developer/CommandLineTools/SDKs/MacOSX.sdk/System/Library/Frameworks/Ruby.framework/Versions/2.6/usr/include/ruby-2.6.0/ruby/ruby.h:1811:5: note: expanded from macro 'RUBY_CONST_ID_CACHE'
 1811 |     {                                                   \
      |     ^
rails.c:1051:46: warning: '}' and ')' tokens terminating statement expression appear in different macro expansion contexts [-Wcompound-token-split-by-macro]
 1051 |         active = rb_const_get_at(rb_cObject, rb_intern("ActiveSupport"));
      |                                              ^~~~~~~~~~~~~~~~~~~~~~~~~~
/Library/Developer/CommandLineTools/SDKs/MacOSX.sdk/System/Library/Frameworks/Ruby.framework/Versions/2.6/usr/include/ruby-2.6.0/ruby/ruby.h:1826:24: note: expanded from macro 'rb_intern'
 1826 |         __extension__ (RUBY_CONST_ID_CACHE((ID), (str))) : \
      |                        ^~~~~~~~~~~~~~~~~~~~~~~~~~~~~~~~
/Library/Developer/CommandLineTools/SDKs/MacOSX.sdk/System/Library/Frameworks/Ruby.framework/Versions/2.6/usr/include/ruby-2.6.0/ruby/ruby.h:1816:5: note: expanded from macro 'RUBY_CONST_ID_CACHE'
 1816 |     }
      |     ^
rails.c:1051:46: note: ')' token is here
 1051 |         active = rb_const_get_at(rb_cObject, rb_intern("ActiveSupport"));
      |                                              ^~~~~~~~~~~~~~~~~~~~~~~~~~
/Library/Developer/CommandLineTools/SDKs/MacOSX.sdk/System/Library/Frameworks/Ruby.framework/Versions/2.6/usr/include/ruby-2.6.0/ruby/ruby.h:1826:56: note: expanded from macro 'rb_intern'
 1826 |         __extension__ (RUBY_CONST_ID_CACHE((ID), (str))) : \
      |                                                        ^
rails.c:1055:24: warning: '(' and '{' tokens introducing statement expression appear in different macro expansion contexts [-Wcompound-token-split-by-macro]
 1055 |     rb_funcall(active, rb_intern("json_encoder="), 1, encoder_class);
      |                        ^~~~~~~~~~~~~~~~~~~~~~~~~~
/Library/Developer/CommandLineTools/SDKs/MacOSX.sdk/System/Library/Frameworks/Ruby.framework/Versions/2.6/usr/include/ruby-2.6.0/ruby/ruby.h:1826:23: note: expanded from macro 'rb_intern'
 1826 |         __extension__ (RUBY_CONST_ID_CACHE((ID), (str))) : \
      |                       ^
/Library/Developer/CommandLineTools/SDKs/MacOSX.sdk/System/Library/Frameworks/Ruby.framework/Versions/2.6/usr/include/ruby-2.6.0/ruby/ruby.h:2602:20: note: expanded from macro 'rb_funcall'
 2602 |         rb_funcallv(recv, mid, \
      |                           ^~~
rails.c:1055:24: note: '{' token is here
 1055 |     rb_funcall(active, rb_intern("json_encoder="), 1, encoder_class);
      |                        ^~~~~~~~~~~~~~~~~~~~~~~~~~
/Library/Developer/CommandLineTools/SDKs/MacOSX.sdk/System/Library/Frameworks/Ruby.framework/Versions/2.6/usr/include/ruby-2.6.0/ruby/ruby.h:1826:24: note: expanded from macro 'rb_intern'
 1826 |         __extension__ (RUBY_CONST_ID_CACHE((ID), (str))) : \
      |                        ^~~~~~~~~~~~~~~~~~~~~~~~~~~~~~~~
/Library/Developer/CommandLineTools/SDKs/MacOSX.sdk/System/Library/Frameworks/Ruby.framework/Versions/2.6/usr/include/ruby-2.6.0/ruby/ruby.h:1811:5: note: expanded from macro 'RUBY_CONST_ID_CACHE'
 1811 |     {                                                   \
      |     ^
/Library/Developer/CommandLineTools/SDKs/MacOSX.sdk/System/Library/Frameworks/Ruby.framework/Versions/2.6/usr/include/ruby-2.6.0/ruby/ruby.h:2602:20: note: expanded from macro 'rb_funcall'
 2602 |         rb_funcallv(recv, mid, \
      |                           ^~~
rails.c:1055:24: warning: '}' and ')' tokens terminating statement expression appear in different macro expansion contexts [-Wcompound-token-split-by-macro]
 1055 |     rb_funcall(active, rb_intern("json_encoder="), 1, encoder_class);
      |                        ^~~~~~~~~~~~~~~~~~~~~~~~~~
/Library/Developer/CommandLineTools/SDKs/MacOSX.sdk/System/Library/Frameworks/Ruby.framework/Versions/2.6/usr/include/ruby-2.6.0/ruby/ruby.h:1826:24: note: expanded from macro 'rb_intern'
 1826 |         __extension__ (RUBY_CONST_ID_CACHE((ID), (str))) : \
      |                        ^~~~~~~~~~~~~~~~~~~~~~~~~~~~~~~~
/Library/Developer/CommandLineTools/SDKs/MacOSX.sdk/System/Library/Frameworks/Ruby.framework/Versions/2.6/usr/include/ruby-2.6.0/ruby/ruby.h:1816:5: note: expanded from macro 'RUBY_CONST_ID_CACHE'
 1816 |     }
      |     ^
/Library/Developer/CommandLineTools/SDKs/MacOSX.sdk/System/Library/Frameworks/Ruby.framework/Versions/2.6/usr/include/ruby-2.6.0/ruby/ruby.h:2602:20: note: expanded from macro 'rb_funcall'
 2602 |         rb_funcallv(recv, mid, \
      |                           ^~~
rails.c:1055:24: note: ')' token is here
 1055 |     rb_funcall(active, rb_intern("json_encoder="), 1, encoder_class);
      |                        ^~~~~~~~~~~~~~~~~~~~~~~~~~
/Library/Developer/CommandLineTools/SDKs/MacOSX.sdk/System/Library/Frameworks/Ruby.framework/Versions/2.6/usr/include/ruby-2.6.0/ruby/ruby.h:1826:56: note: expanded from macro 'rb_intern'
 1826 |         __extension__ (RUBY_CONST_ID_CACHE((ID), (str))) : \
      |                                                        ^
/Library/Developer/CommandLineTools/SDKs/MacOSX.sdk/System/Library/Frameworks/Ruby.framework/Versions/2.6/usr/include/ruby-2.6.0/ruby/ruby.h:2602:20: note: expanded from macro 'rb_funcall'
 2602 |         rb_funcallv(recv, mid, \
      |                           ^~~
rails.c:1057:40: warning: '(' and '{' tokens introducing statement expression appear in different macro expansion contexts [-Wcompound-token-split-by-macro]
 1057 |     json     = rb_const_get_at(active, rb_intern("JSON"));
      |                                        ^~~~~~~~~~~~~~~~~
/Library/Developer/CommandLineTools/SDKs/MacOSX.sdk/System/Library/Frameworks/Ruby.framework/Versions/2.6/usr/include/ruby-2.6.0/ruby/ruby.h:1826:23: note: expanded from macro 'rb_intern'
 1826 |         __extension__ (RUBY_CONST_ID_CACHE((ID), (str))) : \
      |                       ^
rails.c:1057:40: note: '{' token is here
 1057 |     json     = rb_const_get_at(active, rb_intern("JSON"));
      |                                        ^~~~~~~~~~~~~~~~~
/Library/Developer/CommandLineTools/SDKs/MacOSX.sdk/System/Library/Frameworks/Ruby.framework/Versions/2.6/usr/include/ruby-2.6.0/ruby/ruby.h:1826:24: note: expanded from macro 'rb_intern'
 1826 |         __extension__ (RUBY_CONST_ID_CACHE((ID), (str))) : \
      |                        ^~~~~~~~~~~~~~~~~~~~~~~~~~~~~~~~
/Library/Developer/CommandLineTools/SDKs/MacOSX.sdk/System/Library/Frameworks/Ruby.framework/Versions/2.6/usr/include/ruby-2.6.0/ruby/ruby.h:1811:5: note: expanded from macro 'RUBY_CONST_ID_CACHE'
 1811 |     {                                                   \
      |     ^
rails.c:1057:40: warning: '}' and ')' tokens terminating statement expression appear in different macro expansion contexts [-Wcompound-token-split-by-macro]
 1057 |     json     = rb_const_get_at(active, rb_intern("JSON"));
      |                                        ^~~~~~~~~~~~~~~~~
/Library/Developer/CommandLineTools/SDKs/MacOSX.sdk/System/Library/Frameworks/Ruby.framework/Versions/2.6/usr/include/ruby-2.6.0/ruby/ruby.h:1826:24: note: expanded from macro 'rb_intern'
 1826 |         __extension__ (RUBY_CONST_ID_CACHE((ID), (str))) : \
      |                        ^~~~~~~~~~~~~~~~~~~~~~~~~~~~~~~~
/Library/Developer/CommandLineTools/SDKs/MacOSX.sdk/System/Library/Frameworks/Ruby.framework/Versions/2.6/usr/include/ruby-2.6.0/ruby/ruby.h:1816:5: note: expanded from macro 'RUBY_CONST_ID_CACHE'
 1816 |     }
      |     ^
rails.c:1057:40: note: ')' token is here
 1057 |     json     = rb_const_get_at(active, rb_intern("JSON"));
      |                                        ^~~~~~~~~~~~~~~~~
/Library/Developer/CommandLineTools/SDKs/MacOSX.sdk/System/Library/Frameworks/Ruby.framework/Versions/2.6/usr/include/ruby-2.6.0/ruby/ruby.h:1826:56: note: expanded from macro 'rb_intern'
 1826 |         __extension__ (RUBY_CONST_ID_CACHE((ID), (str))) : \
      |                                                        ^
rails.c:1058:38: warning: '(' and '{' tokens introducing statement expression appear in different macro expansion contexts [-Wcompound-token-split-by-macro]
 1058 |     encoding = rb_const_get_at(json, rb_intern("Encoding"));
      |                                      ^~~~~~~~~~~~~~~~~~~~~
/Library/Developer/CommandLineTools/SDKs/MacOSX.sdk/System/Library/Frameworks/Ruby.framework/Versions/2.6/usr/include/ruby-2.6.0/ruby/ruby.h:1826:23: note: expanded from macro 'rb_intern'
 1826 |         __extension__ (RUBY_CONST_ID_CACHE((ID), (str))) : \
      |                       ^
rails.c:1058:38: note: '{' token is here
 1058 |     encoding = rb_const_get_at(json, rb_intern("Encoding"));
      |                                      ^~~~~~~~~~~~~~~~~~~~~
/Library/Developer/CommandLineTools/SDKs/MacOSX.sdk/System/Library/Frameworks/Ruby.framework/Versions/2.6/usr/include/ruby-2.6.0/ruby/ruby.h:1826:24: note: expanded from macro 'rb_intern'
 1826 |         __extension__ (RUBY_CONST_ID_CACHE((ID), (str))) : \
      |                        ^~~~~~~~~~~~~~~~~~~~~~~~~~~~~~~~
/Library/Developer/CommandLineTools/SDKs/MacOSX.sdk/System/Library/Frameworks/Ruby.framework/Versions/2.6/usr/include/ruby-2.6.0/ruby/ruby.h:1811:5: note: expanded from macro 'RUBY_CONST_ID_CACHE'
 1811 |     {                                                   \
      |     ^
rails.c:1058:38: warning: '}' and ')' tokens terminating statement expression appear in different macro expansion contexts [-Wcompound-token-split-by-macro]
 1058 |     encoding = rb_const_get_at(json, rb_intern("Encoding"));
      |                                      ^~~~~~~~~~~~~~~~~~~~~
/Library/Developer/CommandLineTools/SDKs/MacOSX.sdk/System/Library/Frameworks/Ruby.framework/Versions/2.6/usr/include/ruby-2.6.0/ruby/ruby.h:1826:24: note: expanded from macro 'rb_intern'
 1826 |         __extension__ (RUBY_CONST_ID_CACHE((ID), (str))) : \
      |                        ^~~~~~~~~~~~~~~~~~~~~~~~~~~~~~~~
/Library/Developer/CommandLineTools/SDKs/MacOSX.sdk/System/Library/Frameworks/Ruby.framework/Versions/2.6/usr/include/ruby-2.6.0/ruby/ruby.h:1816:5: note: expanded from macro 'RUBY_CONST_ID_CACHE'
 1816 |     }
      |     ^
rails.c:1058:38: note: ')' token is here
 1058 |     encoding = rb_const_get_at(json, rb_intern("Encoding"));
      |                                      ^~~~~~~~~~~~~~~~~~~~~
/Library/Developer/CommandLineTools/SDKs/MacOSX.sdk/System/Library/Frameworks/Ruby.framework/Versions/2.6/usr/include/ruby-2.6.0/ruby/ruby.h:1826:56: note: expanded from macro 'rb_intern'
 1826 |         __extension__ (RUBY_CONST_ID_CACHE((ID), (str))) : \
      |                                                        ^
rails.c:1109:41: warning: '(' and '{' tokens introducing statement expression appear in different macro expansion contexts [-Wcompound-token-split-by-macro]
 1109 |     if (rb_const_defined_at(rb_cObject, rb_intern("JSON"))) {
      |                                         ^~~~~~~~~~~~~~~~~
/Library/Developer/CommandLineTools/SDKs/MacOSX.sdk/System/Library/Frameworks/Ruby.framework/Versions/2.6/usr/include/ruby-2.6.0/ruby/ruby.h:1826:23: note: expanded from macro 'rb_intern'
 1826 |         __extension__ (RUBY_CONST_ID_CACHE((ID), (str))) : \
      |                       ^
rails.c:1109:41: note: '{' token is here
 1109 |     if (rb_const_defined_at(rb_cObject, rb_intern("JSON"))) {
      |                                         ^~~~~~~~~~~~~~~~~
/Library/Developer/CommandLineTools/SDKs/MacOSX.sdk/System/Library/Frameworks/Ruby.framework/Versions/2.6/usr/include/ruby-2.6.0/ruby/ruby.h:1826:24: note: expanded from macro 'rb_intern'
 1826 |         __extension__ (RUBY_CONST_ID_CACHE((ID), (str))) : \
      |                        ^~~~~~~~~~~~~~~~~~~~~~~~~~~~~~~~
/Library/Developer/CommandLineTools/SDKs/MacOSX.sdk/System/Library/Frameworks/Ruby.framework/Versions/2.6/usr/include/ruby-2.6.0/ruby/ruby.h:1811:5: note: expanded from macro 'RUBY_CONST_ID_CACHE'
 1811 |     {                                                   \
      |     ^
rails.c:1109:41: warning: '}' and ')' tokens terminating statement expression appear in different macro expansion contexts [-Wcompound-token-split-by-macro]
 1109 |     if (rb_const_defined_at(rb_cObject, rb_intern("JSON"))) {
      |                                         ^~~~~~~~~~~~~~~~~
/Library/Developer/CommandLineTools/SDKs/MacOSX.sdk/System/Library/Frameworks/Ruby.framework/Versions/2.6/usr/include/ruby-2.6.0/ruby/ruby.h:1826:24: note: expanded from macro 'rb_intern'
 1826 |         __extension__ (RUBY_CONST_ID_CACHE((ID), (str))) : \
      |                        ^~~~~~~~~~~~~~~~~~~~~~~~~~~~~~~~
/Library/Developer/CommandLineTools/SDKs/MacOSX.sdk/System/Library/Frameworks/Ruby.framework/Versions/2.6/usr/include/ruby-2.6.0/ruby/ruby.h:1816:5: note: expanded from macro 'RUBY_CONST_ID_CACHE'
 1816 |     }
      |     ^
rails.c:1109:41: note: ')' token is here
 1109 |     if (rb_const_defined_at(rb_cObject, rb_intern("JSON"))) {
      |                                         ^~~~~~~~~~~~~~~~~
/Library/Developer/CommandLineTools/SDKs/MacOSX.sdk/System/Library/Frameworks/Ruby.framework/Versions/2.6/usr/include/ruby-2.6.0/ruby/ruby.h:1826:56: note: expanded from macro 'rb_intern'
 1826 |         __extension__ (RUBY_CONST_ID_CACHE((ID), (str))) : \
      |                                                        ^
rails.c:1110:44: warning: '(' and '{' tokens introducing statement expression appear in different macro expansion contexts [-Wcompound-token-split-by-macro]
 1110 |         json = rb_const_get_at(rb_cObject, rb_intern("JSON"));
      |                                            ^~~~~~~~~~~~~~~~~
/Library/Developer/CommandLineTools/SDKs/MacOSX.sdk/System/Library/Frameworks/Ruby.framework/Versions/2.6/usr/include/ruby-2.6.0/ruby/ruby.h:1826:23: note: expanded from macro 'rb_intern'
 1826 |         __extension__ (RUBY_CONST_ID_CACHE((ID), (str))) : \
      |                       ^
rails.c:1110:44: note: '{' token is here
 1110 |         json = rb_const_get_at(rb_cObject, rb_intern("JSON"));
      |                                            ^~~~~~~~~~~~~~~~~
/Library/Developer/CommandLineTools/SDKs/MacOSX.sdk/System/Library/Frameworks/Ruby.framework/Versions/2.6/usr/include/ruby-2.6.0/ruby/ruby.h:1826:24: note: expanded from macro 'rb_intern'
 1826 |         __extension__ (RUBY_CONST_ID_CACHE((ID), (str))) : \
      |                        ^~~~~~~~~~~~~~~~~~~~~~~~~~~~~~~~
/Library/Developer/CommandLineTools/SDKs/MacOSX.sdk/System/Library/Frameworks/Ruby.framework/Versions/2.6/usr/include/ruby-2.6.0/ruby/ruby.h:1811:5: note: expanded from macro 'RUBY_CONST_ID_CACHE'
 1811 |     {                                                   \
      |     ^
rails.c:1110:44: warning: '}' and ')' tokens terminating statement expression appear in different macro expansion contexts [-Wcompound-token-split-by-macro]
 1110 |         json = rb_const_get_at(rb_cObject, rb_intern("JSON"));
      |                                            ^~~~~~~~~~~~~~~~~
/Library/Developer/CommandLineTools/SDKs/MacOSX.sdk/System/Library/Frameworks/Ruby.framework/Versions/2.6/usr/include/ruby-2.6.0/ruby/ruby.h:1826:24: note: expanded from macro 'rb_intern'
 1826 |         __extension__ (RUBY_CONST_ID_CACHE((ID), (str))) : \
      |                        ^~~~~~~~~~~~~~~~~~~~~~~~~~~~~~~~
/Library/Developer/CommandLineTools/SDKs/MacOSX.sdk/System/Library/Frameworks/Ruby.framework/Versions/2.6/usr/include/ruby-2.6.0/ruby/ruby.h:1816:5: note: expanded from macro 'RUBY_CONST_ID_CACHE'
 1816 |     }
      |     ^
rails.c:1110:44: note: ')' token is here
 1110 |         json = rb_const_get_at(rb_cObject, rb_intern("JSON"));
      |                                            ^~~~~~~~~~~~~~~~~
/Library/Developer/CommandLineTools/SDKs/MacOSX.sdk/System/Library/Frameworks/Ruby.framework/Versions/2.6/usr/include/ruby-2.6.0/ruby/ruby.h:1826:56: note: expanded from macro 'rb_intern'
 1826 |         __extension__ (RUBY_CONST_ID_CACHE((ID), (str))) : \
      |                                                        ^
rails.c:1114:35: warning: '(' and '{' tokens introducing statement expression appear in different macro expansion contexts [-Wcompound-token-split-by-macro]
 1114 |     if (rb_const_defined_at(json, rb_intern("JSONError"))) {
      |                                   ^~~~~~~~~~~~~~~~~~~~~~
/Library/Developer/CommandLineTools/SDKs/MacOSX.sdk/System/Library/Frameworks/Ruby.framework/Versions/2.6/usr/include/ruby-2.6.0/ruby/ruby.h:1826:23: note: expanded from macro 'rb_intern'
 1826 |         __extension__ (RUBY_CONST_ID_CACHE((ID), (str))) : \
      |                       ^
rails.c:1114:35: note: '{' token is here
 1114 |     if (rb_const_defined_at(json, rb_intern("JSONError"))) {
      |                                   ^~~~~~~~~~~~~~~~~~~~~~
/Library/Developer/CommandLineTools/SDKs/MacOSX.sdk/System/Library/Frameworks/Ruby.framework/Versions/2.6/usr/include/ruby-2.6.0/ruby/ruby.h:1826:24: note: expanded from macro 'rb_intern'
 1826 |         __extension__ (RUBY_CONST_ID_CACHE((ID), (str))) : \
      |                        ^~~~~~~~~~~~~~~~~~~~~~~~~~~~~~~~
/Library/Developer/CommandLineTools/SDKs/MacOSX.sdk/System/Library/Frameworks/Ruby.framework/Versions/2.6/usr/include/ruby-2.6.0/ruby/ruby.h:1811:5: note: expanded from macro 'RUBY_CONST_ID_CACHE'
 1811 |     {                                                   \
      |     ^
rails.c:1114:35: warning: '}' and ')' tokens terminating statement expression appear in different macro expansion contexts [-Wcompound-token-split-by-macro]
 1114 |     if (rb_const_defined_at(json, rb_intern("JSONError"))) {
      |                                   ^~~~~~~~~~~~~~~~~~~~~~
/Library/Developer/CommandLineTools/SDKs/MacOSX.sdk/System/Library/Frameworks/Ruby.framework/Versions/2.6/usr/include/ruby-2.6.0/ruby/ruby.h:1826:24: note: expanded from macro 'rb_intern'
 1826 |         __extension__ (RUBY_CONST_ID_CACHE((ID), (str))) : \
      |                        ^~~~~~~~~~~~~~~~~~~~~~~~~~~~~~~~
/Library/Developer/CommandLineTools/SDKs/MacOSX.sdk/System/Library/Frameworks/Ruby.framework/Versions/2.6/usr/include/ruby-2.6.0/ruby/ruby.h:1816:5: note: expanded from macro 'RUBY_CONST_ID_CACHE'
 1816 |     }
      |     ^
rails.c:1114:35: note: ')' token is here
 1114 |     if (rb_const_defined_at(json, rb_intern("JSONError"))) {
      |                                   ^~~~~~~~~~~~~~~~~~~~~~
/Library/Developer/CommandLineTools/SDKs/MacOSX.sdk/System/Library/Frameworks/Ruby.framework/Versions/2.6/usr/include/ruby-2.6.0/ruby/ruby.h:1826:56: note: expanded from macro 'rb_intern'
 1826 |         __extension__ (RUBY_CONST_ID_CACHE((ID), (str))) : \
      |                                                        ^
rails.c:1115:41: warning: '(' and '{' tokens introducing statement expression appear in different macro expansion contexts [-Wcompound-token-split-by-macro]
 1115 |         json_error = rb_const_get(json, rb_intern("JSONError"));
      |                                         ^~~~~~~~~~~~~~~~~~~~~~
/Library/Developer/CommandLineTools/SDKs/MacOSX.sdk/System/Library/Frameworks/Ruby.framework/Versions/2.6/usr/include/ruby-2.6.0/ruby/ruby.h:1826:23: note: expanded from macro 'rb_intern'
 1826 |         __extension__ (RUBY_CONST_ID_CACHE((ID), (str))) : \
      |                       ^
rails.c:1115:41: note: '{' token is here
 1115 |         json_error = rb_const_get(json, rb_intern("JSONError"));
      |                                         ^~~~~~~~~~~~~~~~~~~~~~
/Library/Developer/CommandLineTools/SDKs/MacOSX.sdk/System/Library/Frameworks/Ruby.framework/Versions/2.6/usr/include/ruby-2.6.0/ruby/ruby.h:1826:24: note: expanded from macro 'rb_intern'
 1826 |         __extension__ (RUBY_CONST_ID_CACHE((ID), (str))) : \
      |                        ^~~~~~~~~~~~~~~~~~~~~~~~~~~~~~~~
/Library/Developer/CommandLineTools/SDKs/MacOSX.sdk/System/Library/Frameworks/Ruby.framework/Versions/2.6/usr/include/ruby-2.6.0/ruby/ruby.h:1811:5: note: expanded from macro 'RUBY_CONST_ID_CACHE'
 1811 |     {                                                   \
      |     ^
rails.c:1115:41: warning: '}' and ')' tokens terminating statement expression appear in different macro expansion contexts [-Wcompound-token-split-by-macro]
 1115 |         json_error = rb_const_get(json, rb_intern("JSONError"));
      |                                         ^~~~~~~~~~~~~~~~~~~~~~
/Library/Developer/CommandLineTools/SDKs/MacOSX.sdk/System/Library/Frameworks/Ruby.framework/Versions/2.6/usr/include/ruby-2.6.0/ruby/ruby.h:1826:24: note: expanded from macro 'rb_intern'
 1826 |         __extension__ (RUBY_CONST_ID_CACHE((ID), (str))) : \
      |                        ^~~~~~~~~~~~~~~~~~~~~~~~~~~~~~~~
/Library/Developer/CommandLineTools/SDKs/MacOSX.sdk/System/Library/Frameworks/Ruby.framework/Versions/2.6/usr/include/ruby-2.6.0/ruby/ruby.h:1816:5: note: expanded from macro 'RUBY_CONST_ID_CACHE'
 1816 |     }
      |     ^
rails.c:1115:41: note: ')' token is here
 1115 |         json_error = rb_const_get(json, rb_intern("JSONError"));
      |                                         ^~~~~~~~~~~~~~~~~~~~~~
/Library/Developer/CommandLineTools/SDKs/MacOSX.sdk/System/Library/Frameworks/Ruby.framework/Versions/2.6/usr/include/ruby-2.6.0/ruby/ruby.h:1826:56: note: expanded from macro 'rb_intern'
 1826 |         __extension__ (RUBY_CONST_ID_CACHE((ID), (str))) : \
      |                                                        ^
rails.c:1119:35: warning: '(' and '{' tokens introducing statement expression appear in different macro expansion contexts [-Wcompound-token-split-by-macro]
 1119 |     if (rb_const_defined_at(json, rb_intern("ParserError"))) {
      |                                   ^~~~~~~~~~~~~~~~~~~~~~~~
/Library/Developer/CommandLineTools/SDKs/MacOSX.sdk/System/Library/Frameworks/Ruby.framework/Versions/2.6/usr/include/ruby-2.6.0/ruby/ruby.h:1826:23: note: expanded from macro 'rb_intern'
 1826 |         __extension__ (RUBY_CONST_ID_CACHE((ID), (str))) : \
      |                       ^
rails.c:1119:35: note: '{' token is here
 1119 |     if (rb_const_defined_at(json, rb_intern("ParserError"))) {
      |                                   ^~~~~~~~~~~~~~~~~~~~~~~~
/Library/Developer/CommandLineTools/SDKs/MacOSX.sdk/System/Library/Frameworks/Ruby.framework/Versions/2.6/usr/include/ruby-2.6.0/ruby/ruby.h:1826:24: note: expanded from macro 'rb_intern'
 1826 |         __extension__ (RUBY_CONST_ID_CACHE((ID), (str))) : \
      |                        ^~~~~~~~~~~~~~~~~~~~~~~~~~~~~~~~
/Library/Developer/CommandLineTools/SDKs/MacOSX.sdk/System/Library/Frameworks/Ruby.framework/Versions/2.6/usr/include/ruby-2.6.0/ruby/ruby.h:1811:5: note: expanded from macro 'RUBY_CONST_ID_CACHE'
 1811 |     {                                                   \
      |     ^
rails.c:1119:35: warning: '}' and ')' tokens terminating statement expression appear in different macro expansion contexts [-Wcompound-token-split-by-macro]
 1119 |     if (rb_const_defined_at(json, rb_intern("ParserError"))) {
      |                                   ^~~~~~~~~~~~~~~~~~~~~~~~
/Library/Developer/CommandLineTools/SDKs/MacOSX.sdk/System/Library/Frameworks/Ruby.framework/Versions/2.6/usr/include/ruby-2.6.0/ruby/ruby.h:1826:24: note: expanded from macro 'rb_intern'
 1826 |         __extension__ (RUBY_CONST_ID_CACHE((ID), (str))) : \
      |                        ^~~~~~~~~~~~~~~~~~~~~~~~~~~~~~~~
/Library/Developer/CommandLineTools/SDKs/MacOSX.sdk/System/Library/Frameworks/Ruby.framework/Versions/2.6/usr/include/ruby-2.6.0/ruby/ruby.h:1816:5: note: expanded from macro 'RUBY_CONST_ID_CACHE'
 1816 |     }
      |     ^
rails.c:1119:35: note: ')' token is here
 1119 |     if (rb_const_defined_at(json, rb_intern("ParserError"))) {
      |                                   ^~~~~~~~~~~~~~~~~~~~~~~~
/Library/Developer/CommandLineTools/SDKs/MacOSX.sdk/System/Library/Frameworks/Ruby.framework/Versions/2.6/usr/include/ruby-2.6.0/ruby/ruby.h:1826:56: note: expanded from macro 'rb_intern'
 1826 |         __extension__ (RUBY_CONST_ID_CACHE((ID), (str))) : \
      |                                                        ^
rails.c:1120:57: warning: '(' and '{' tokens introducing statement expression appear in different macro expansion contexts [-Wcompound-token-split-by-macro]
 1120 |         oj_json_parser_error_class = rb_const_get(json, rb_intern("ParserError"));
      |                                                         ^~~~~~~~~~~~~~~~~~~~~~~~
/Library/Developer/CommandLineTools/SDKs/MacOSX.sdk/System/Library/Frameworks/Ruby.framework/Versions/2.6/usr/include/ruby-2.6.0/ruby/ruby.h:1826:23: note: expanded from macro 'rb_intern'
 1826 |         __extension__ (RUBY_CONST_ID_CACHE((ID), (str))) : \
      |                       ^
rails.c:1120:57: note: '{' token is here
 1120 |         oj_json_parser_error_class = rb_const_get(json, rb_intern("ParserError"));
      |                                                         ^~~~~~~~~~~~~~~~~~~~~~~~
/Library/Developer/CommandLineTools/SDKs/MacOSX.sdk/System/Library/Frameworks/Ruby.framework/Versions/2.6/usr/include/ruby-2.6.0/ruby/ruby.h:1826:24: note: expanded from macro 'rb_intern'
 1826 |         __extension__ (RUBY_CONST_ID_CACHE((ID), (str))) : \
      |                        ^~~~~~~~~~~~~~~~~~~~~~~~~~~~~~~~
/Library/Developer/CommandLineTools/SDKs/MacOSX.sdk/System/Library/Frameworks/Ruby.framework/Versions/2.6/usr/include/ruby-2.6.0/ruby/ruby.h:1811:5: note: expanded from macro 'RUBY_CONST_ID_CACHE'
 1811 |     {                                                   \
      |     ^
rails.c:1120:57: warning: '}' and ')' tokens terminating statement expression appear in different macro expansion contexts [-Wcompound-token-split-by-macro]
 1120 |         oj_json_parser_error_class = rb_const_get(json, rb_intern("ParserError"));
      |                                                         ^~~~~~~~~~~~~~~~~~~~~~~~
/Library/Developer/CommandLineTools/SDKs/MacOSX.sdk/System/Library/Frameworks/Ruby.framework/Versions/2.6/usr/include/ruby-2.6.0/ruby/ruby.h:1826:24: note: expanded from macro 'rb_intern'
 1826 |         __extension__ (RUBY_CONST_ID_CACHE((ID), (str))) : \
      |                        ^~~~~~~~~~~~~~~~~~~~~~~~~~~~~~~~
/Library/Developer/CommandLineTools/SDKs/MacOSX.sdk/System/Library/Frameworks/Ruby.framework/Versions/2.6/usr/include/ruby-2.6.0/ruby/ruby.h:1816:5: note: expanded from macro 'RUBY_CONST_ID_CACHE'
 1816 |     }
      |     ^
rails.c:1120:57: note: ')' token is here
 1120 |         oj_json_parser_error_class = rb_const_get(json, rb_intern("ParserError"));
      |                                                         ^~~~~~~~~~~~~~~~~~~~~~~~
/Library/Developer/CommandLineTools/SDKs/MacOSX.sdk/System/Library/Frameworks/Ruby.framework/Versions/2.6/usr/include/ruby-2.6.0/ruby/ruby.h:1826:56: note: expanded from macro 'rb_intern'
 1826 |         __extension__ (RUBY_CONST_ID_CACHE((ID), (str))) : \
      |                                                        ^
44 warnings generated.
compiling reader.c
compiling resolve.c
resolve.c:18:16: warning: '(' and '{' tokens introducing statement expression appear in different macro expansion contexts [-Wcompound-token-split-by-macro]
   18 |     ID    ci = rb_intern(classname);
      |                ^~~~~~~~~~~~~~~~~~~~
/Library/Developer/CommandLineTools/SDKs/MacOSX.sdk/System/Library/Frameworks/Ruby.framework/Versions/2.6/usr/include/ruby-2.6.0/ruby/ruby.h:1826:23: note: expanded from macro 'rb_intern'
 1826 |         __extension__ (RUBY_CONST_ID_CACHE((ID), (str))) : \
      |                       ^
resolve.c:18:16: note: '{' token is here
   18 |     ID    ci = rb_intern(classname);
      |                ^~~~~~~~~~~~~~~~~~~~
/Library/Developer/CommandLineTools/SDKs/MacOSX.sdk/System/Library/Frameworks/Ruby.framework/Versions/2.6/usr/include/ruby-2.6.0/ruby/ruby.h:1826:24: note: expanded from macro 'rb_intern'
 1826 |         __extension__ (RUBY_CONST_ID_CACHE((ID), (str))) : \
      |                        ^~~~~~~~~~~~~~~~~~~~~~~~~~~~~~~~
/Library/Developer/CommandLineTools/SDKs/MacOSX.sdk/System/Library/Frameworks/Ruby.framework/Versions/2.6/usr/include/ruby-2.6.0/ruby/ruby.h:1811:5: note: expanded from macro 'RUBY_CONST_ID_CACHE'
 1811 |     {                                                   \
      |     ^
resolve.c:18:16: warning: '}' and ')' tokens terminating statement expression appear in different macro expansion contexts [-Wcompound-token-split-by-macro]
   18 |     ID    ci = rb_intern(classname);
      |                ^~~~~~~~~~~~~~~~~~~~
/Library/Developer/CommandLineTools/SDKs/MacOSX.sdk/System/Library/Frameworks/Ruby.framework/Versions/2.6/usr/include/ruby-2.6.0/ruby/ruby.h:1826:24: note: expanded from macro 'rb_intern'
 1826 |         __extension__ (RUBY_CONST_ID_CACHE((ID), (str))) : \
      |                        ^~~~~~~~~~~~~~~~~~~~~~~~~~~~~~~~
/Library/Developer/CommandLineTools/SDKs/MacOSX.sdk/System/Library/Frameworks/Ruby.framework/Versions/2.6/usr/include/ruby-2.6.0/ruby/ruby.h:1816:5: note: expanded from macro 'RUBY_CONST_ID_CACHE'
 1816 |     }
      |     ^
resolve.c:18:16: note: ')' token is here
   18 |     ID    ci = rb_intern(classname);
      |                ^~~~~~~~~~~~~~~~~~~~
/Library/Developer/CommandLineTools/SDKs/MacOSX.sdk/System/Library/Frameworks/Ruby.framework/Versions/2.6/usr/include/ruby-2.6.0/ruby/ruby.h:1826:56: note: expanded from macro 'rb_intern'
 1826 |         __extension__ (RUBY_CONST_ID_CACHE((ID), (str))) : \
      |                                                        ^
2 warnings generated.
compiling rxclass.c
rxclass.c:109:46: warning: '(' and '{' tokens introducing statement expression appear in different macro expansion contexts [-Wcompound-token-split-by-macro]
  109 |             if (Qnil != rb_funcall(rxc->rrx, rb_intern("match"), 1, rstr)) {
      |                                              ^~~~~~~~~~~~~~~~~~
/Library/Developer/CommandLineTools/SDKs/MacOSX.sdk/System/Library/Frameworks/Ruby.framework/Versions/2.6/usr/include/ruby-2.6.0/ruby/ruby.h:1826:23: note: expanded from macro 'rb_intern'
 1826 |         __extension__ (RUBY_CONST_ID_CACHE((ID), (str))) : \
      |                       ^
/Library/Developer/CommandLineTools/SDKs/MacOSX.sdk/System/Library/Frameworks/Ruby.framework/Versions/2.6/usr/include/ruby-2.6.0/ruby/ruby.h:2602:20: note: expanded from macro 'rb_funcall'
 2602 |         rb_funcallv(recv, mid, \
      |                           ^~~
rxclass.c:109:46: note: '{' token is here
  109 |             if (Qnil != rb_funcall(rxc->rrx, rb_intern("match"), 1, rstr)) {
      |                                              ^~~~~~~~~~~~~~~~~~
/Library/Developer/CommandLineTools/SDKs/MacOSX.sdk/System/Library/Frameworks/Ruby.framework/Versions/2.6/usr/include/ruby-2.6.0/ruby/ruby.h:1826:24: note: expanded from macro 'rb_intern'
 1826 |         __extension__ (RUBY_CONST_ID_CACHE((ID), (str))) : \
      |                        ^~~~~~~~~~~~~~~~~~~~~~~~~~~~~~~~
/Library/Developer/CommandLineTools/SDKs/MacOSX.sdk/System/Library/Frameworks/Ruby.framework/Versions/2.6/usr/include/ruby-2.6.0/ruby/ruby.h:1811:5: note: expanded from macro 'RUBY_CONST_ID_CACHE'
 1811 |     {                                                   \
      |     ^
/Library/Developer/CommandLineTools/SDKs/MacOSX.sdk/System/Library/Frameworks/Ruby.framework/Versions/2.6/usr/include/ruby-2.6.0/ruby/ruby.h:2602:20: note: expanded from macro 'rb_funcall'
 2602 |         rb_funcallv(recv, mid, \
      |                           ^~~
rxclass.c:109:46: warning: '}' and ')' tokens terminating statement expression appear in different macro expansion contexts [-Wcompound-token-split-by-macro]
  109 |             if (Qnil != rb_funcall(rxc->rrx, rb_intern("match"), 1, rstr)) {
      |                                              ^~~~~~~~~~~~~~~~~~
/Library/Developer/CommandLineTools/SDKs/MacOSX.sdk/System/Library/Frameworks/Ruby.framework/Versions/2.6/usr/include/ruby-2.6.0/ruby/ruby.h:1826:24: note: expanded from macro 'rb_intern'
 1826 |         __extension__ (RUBY_CONST_ID_CACHE((ID), (str))) : \
      |                        ^~~~~~~~~~~~~~~~~~~~~~~~~~~~~~~~
/Library/Developer/CommandLineTools/SDKs/MacOSX.sdk/System/Library/Frameworks/Ruby.framework/Versions/2.6/usr/include/ruby-2.6.0/ruby/ruby.h:1816:5: note: expanded from macro 'RUBY_CONST_ID_CACHE'
 1816 |     }
      |     ^
/Library/Developer/CommandLineTools/SDKs/MacOSX.sdk/System/Library/Frameworks/Ruby.framework/Versions/2.6/usr/include/ruby-2.6.0/ruby/ruby.h:2602:20: note: expanded from macro 'rb_funcall'
 2602 |         rb_funcallv(recv, mid, \
      |                           ^~~
rxclass.c:109:46: note: ')' token is here
  109 |             if (Qnil != rb_funcall(rxc->rrx, rb_intern("match"), 1, rstr)) {
      |                                              ^~~~~~~~~~~~~~~~~~
/Library/Developer/CommandLineTools/SDKs/MacOSX.sdk/System/Library/Frameworks/Ruby.framework/Versions/2.6/usr/include/ruby-2.6.0/ruby/ruby.h:1826:56: note: expanded from macro 'rb_intern'
 1826 |         __extension__ (RUBY_CONST_ID_CACHE((ID), (str))) : \
      |                                                        ^
/Library/Developer/CommandLineTools/SDKs/MacOSX.sdk/System/Library/Frameworks/Ruby.framework/Versions/2.6/usr/include/ruby-2.6.0/ruby/ruby.h:2602:20: note: expanded from macro 'rb_funcall'
 2602 |         rb_funcallv(recv, mid, \
      |                           ^~~
2 warnings generated.
compiling saj.c
compiling saj2.c
compiling scp.c
compiling sparse.c
compiling stream_writer.c
stream_writer.c:101:38: warning: '(' and '{' tokens introducing statement expression appear in different macro expansion contexts [-Wcompound-token-split-by-macro]
  101 |             buffer_size_sym = ID2SYM(rb_intern("buffer_size"));
      |                                      ^~~~~~~~~~~~~~~~~~~~~~~~
/Library/Developer/CommandLineTools/SDKs/MacOSX.sdk/System/Library/Frameworks/Ruby.framework/Versions/2.6/usr/include/ruby-2.6.0/ruby/ruby.h:1826:23: note: expanded from macro 'rb_intern'
 1826 |         __extension__ (RUBY_CONST_ID_CACHE((ID), (str))) : \
      |                       ^
/Library/Developer/CommandLineTools/SDKs/MacOSX.sdk/System/Library/Frameworks/Ruby.framework/Versions/2.6/usr/include/ruby-2.6.0/ruby/ruby.h:413:29: note: expanded from macro 'ID2SYM'
  413 | #define ID2SYM(x) RB_ID2SYM(x)
      |                             ^
/Library/Developer/CommandLineTools/SDKs/MacOSX.sdk/System/Library/Frameworks/Ruby.framework/Versions/2.6/usr/include/ruby-2.6.0/ruby/ruby.h:408:33: note: expanded from macro 'RB_ID2SYM'
  408 | #define RB_ID2SYM(x) (rb_id2sym(x))
      |                                 ^
stream_writer.c:101:38: note: '{' token is here
  101 |             buffer_size_sym = ID2SYM(rb_intern("buffer_size"));
      |                                      ^~~~~~~~~~~~~~~~~~~~~~~~
/Library/Developer/CommandLineTools/SDKs/MacOSX.sdk/System/Library/Frameworks/Ruby.framework/Versions/2.6/usr/include/ruby-2.6.0/ruby/ruby.h:1826:24: note: expanded from macro 'rb_intern'
 1826 |         __extension__ (RUBY_CONST_ID_CACHE((ID), (str))) : \
      |                        ^~~~~~~~~~~~~~~~~~~~~~~~~~~~~~~~
/Library/Developer/CommandLineTools/SDKs/MacOSX.sdk/System/Library/Frameworks/Ruby.framework/Versions/2.6/usr/include/ruby-2.6.0/ruby/ruby.h:1811:5: note: expanded from macro 'RUBY_CONST_ID_CACHE'
 1811 |     {                                                   \
      |     ^
/Library/Developer/CommandLineTools/SDKs/MacOSX.sdk/System/Library/Frameworks/Ruby.framework/Versions/2.6/usr/include/ruby-2.6.0/ruby/ruby.h:413:29: note: expanded from macro 'ID2SYM'
  413 | #define ID2SYM(x) RB_ID2SYM(x)
      |                             ^
/Library/Developer/CommandLineTools/SDKs/MacOSX.sdk/System/Library/Frameworks/Ruby.framework/Versions/2.6/usr/include/ruby-2.6.0/ruby/ruby.h:408:33: note: expanded from macro 'RB_ID2SYM'
  408 | #define RB_ID2SYM(x) (rb_id2sym(x))
      |                                 ^
stream_writer.c:101:38: warning: '}' and ')' tokens terminating statement expression appear in different macro expansion contexts [-Wcompound-token-split-by-macro]
  101 |             buffer_size_sym = ID2SYM(rb_intern("buffer_size"));
      |                                      ^~~~~~~~~~~~~~~~~~~~~~~~
/Library/Developer/CommandLineTools/SDKs/MacOSX.sdk/System/Library/Frameworks/Ruby.framework/Versions/2.6/usr/include/ruby-2.6.0/ruby/ruby.h:1826:24: note: expanded from macro 'rb_intern'
 1826 |         __extension__ (RUBY_CONST_ID_CACHE((ID), (str))) : \
      |                        ^~~~~~~~~~~~~~~~~~~~~~~~~~~~~~~~
/Library/Developer/CommandLineTools/SDKs/MacOSX.sdk/System/Library/Frameworks/Ruby.framework/Versions/2.6/usr/include/ruby-2.6.0/ruby/ruby.h:1816:5: note: expanded from macro 'RUBY_CONST_ID_CACHE'
 1816 |     }
      |     ^
/Library/Developer/CommandLineTools/SDKs/MacOSX.sdk/System/Library/Frameworks/Ruby.framework/Versions/2.6/usr/include/ruby-2.6.0/ruby/ruby.h:413:29: note: expanded from macro 'ID2SYM'
  413 | #define ID2SYM(x) RB_ID2SYM(x)
      |                             ^
/Library/Developer/CommandLineTools/SDKs/MacOSX.sdk/System/Library/Frameworks/Ruby.framework/Versions/2.6/usr/include/ruby-2.6.0/ruby/ruby.h:408:33: note: expanded from macro 'RB_ID2SYM'
  408 | #define RB_ID2SYM(x) (rb_id2sym(x))
      |                                 ^
stream_writer.c:101:38: note: ')' token is here
  101 |             buffer_size_sym = ID2SYM(rb_intern("buffer_size"));
      |                                      ^~~~~~~~~~~~~~~~~~~~~~~~
/Library/Developer/CommandLineTools/SDKs/MacOSX.sdk/System/Library/Frameworks/Ruby.framework/Versions/2.6/usr/include/ruby-2.6.0/ruby/ruby.h:1826:56: note: expanded from macro 'rb_intern'
 1826 |         __extension__ (RUBY_CONST_ID_CACHE((ID), (str))) : \
      |                                                        ^
/Library/Developer/CommandLineTools/SDKs/MacOSX.sdk/System/Library/Frameworks/Ruby.framework/Versions/2.6/usr/include/ruby-2.6.0/ruby/ruby.h:413:29: note: expanded from macro 'ID2SYM'
  413 | #define ID2SYM(x) RB_ID2SYM(x)
      |                             ^
/Library/Developer/CommandLineTools/SDKs/MacOSX.sdk/System/Library/Frameworks/Ruby.framework/Versions/2.6/usr/include/ruby-2.6.0/ruby/ruby.h:408:33: note: expanded from macro 'RB_ID2SYM'
  408 | #define RB_ID2SYM(x) (rb_id2sym(x))
      |                                 ^
2 warnings generated.
compiling strict.c
compiling string_writer.c
compiling trace.c
compiling usual.c
usual.c:78:16: warning: '(' and '{' tokens introducing statement expression appear in different macro expansion contexts [-Wcompound-token-split-by-macro]
   78 |     ID    ci = rb_intern(classname);
      |                ^~~~~~~~~~~~~~~~~~~~
/Library/Developer/CommandLineTools/SDKs/MacOSX.sdk/System/Library/Frameworks/Ruby.framework/Versions/2.6/usr/include/ruby-2.6.0/ruby/ruby.h:1826:23: note: expanded from macro 'rb_intern'
 1826 |         __extension__ (RUBY_CONST_ID_CACHE((ID), (str))) : \
      |                       ^
usual.c:78:16: note: '{' token is here
   78 |     ID    ci = rb_intern(classname);
      |                ^~~~~~~~~~~~~~~~~~~~
/Library/Developer/CommandLineTools/SDKs/MacOSX.sdk/System/Library/Frameworks/Ruby.framework/Versions/2.6/usr/include/ruby-2.6.0/ruby/ruby.h:1826:24: note: expanded from macro 'rb_intern'
 1826 |         __extension__ (RUBY_CONST_ID_CACHE((ID), (str))) : \
      |                        ^~~~~~~~~~~~~~~~~~~~~~~~~~~~~~~~
/Library/Developer/CommandLineTools/SDKs/MacOSX.sdk/System/Library/Frameworks/Ruby.framework/Versions/2.6/usr/include/ruby-2.6.0/ruby/ruby.h:1811:5: note: expanded from macro 'RUBY_CONST_ID_CACHE'
 1811 |     {                                                   \
      |     ^
usual.c:78:16: warning: '}' and ')' tokens terminating statement expression appear in different macro expansion contexts [-Wcompound-token-split-by-macro]
   78 |     ID    ci = rb_intern(classname);
      |                ^~~~~~~~~~~~~~~~~~~~
/Library/Developer/CommandLineTools/SDKs/MacOSX.sdk/System/Library/Frameworks/Ruby.framework/Versions/2.6/usr/include/ruby-2.6.0/ruby/ruby.h:1826:24: note: expanded from macro 'rb_intern'
 1826 |         __extension__ (RUBY_CONST_ID_CACHE((ID), (str))) : \
      |                        ^~~~~~~~~~~~~~~~~~~~~~~~~~~~~~~~
/Library/Developer/CommandLineTools/SDKs/MacOSX.sdk/System/Library/Frameworks/Ruby.framework/Versions/2.6/usr/include/ruby-2.6.0/ruby/ruby.h:1816:5: note: expanded from macro 'RUBY_CONST_ID_CACHE'
 1816 |     }
      |     ^
usual.c:78:16: note: ')' token is here
   78 |     ID    ci = rb_intern(classname);
      |                ^~~~~~~~~~~~~~~~~~~~
/Library/Developer/CommandLineTools/SDKs/MacOSX.sdk/System/Library/Frameworks/Ruby.framework/Versions/2.6/usr/include/ruby-2.6.0/ruby/ruby.h:1826:56: note: expanded from macro 'rb_intern'
 1826 |         __extension__ (RUBY_CONST_ID_CACHE((ID), (str))) : \
      |                                                        ^
usual.c:859:23: warning: '(' and '{' tokens introducing statement expression appear in different macro expansion contexts [-Wcompound-token-split-by-macro]
  859 |         return ID2SYM(rb_intern("bigdecimal"));
      |                       ^~~~~~~~~~~~~~~~~~~~~~~
/Library/Developer/CommandLineTools/SDKs/MacOSX.sdk/System/Library/Frameworks/Ruby.framework/Versions/2.6/usr/include/ruby-2.6.0/ruby/ruby.h:1826:23: note: expanded from macro 'rb_intern'
 1826 |         __extension__ (RUBY_CONST_ID_CACHE((ID), (str))) : \
      |                       ^
/Library/Developer/CommandLineTools/SDKs/MacOSX.sdk/System/Library/Frameworks/Ruby.framework/Versions/2.6/usr/include/ruby-2.6.0/ruby/ruby.h:413:29: note: expanded from macro 'ID2SYM'
  413 | #define ID2SYM(x) RB_ID2SYM(x)
      |                             ^
/Library/Developer/CommandLineTools/SDKs/MacOSX.sdk/System/Library/Frameworks/Ruby.framework/Versions/2.6/usr/include/ruby-2.6.0/ruby/ruby.h:408:33: note: expanded from macro 'RB_ID2SYM'
  408 | #define RB_ID2SYM(x) (rb_id2sym(x))
      |                                 ^
usual.c:859:23: note: '{' token is here
  859 |         return ID2SYM(rb_intern("bigdecimal"));
      |                       ^~~~~~~~~~~~~~~~~~~~~~~
/Library/Developer/CommandLineTools/SDKs/MacOSX.sdk/System/Library/Frameworks/Ruby.framework/Versions/2.6/usr/include/ruby-2.6.0/ruby/ruby.h:1826:24: note: expanded from macro 'rb_intern'
 1826 |         __extension__ (RUBY_CONST_ID_CACHE((ID), (str))) : \
      |                        ^~~~~~~~~~~~~~~~~~~~~~~~~~~~~~~~
/Library/Developer/CommandLineTools/SDKs/MacOSX.sdk/System/Library/Frameworks/Ruby.framework/Versions/2.6/usr/include/ruby-2.6.0/ruby/ruby.h:1811:5: note: expanded from macro 'RUBY_CONST_ID_CACHE'
 1811 |     {                                                   \
      |     ^
/Library/Developer/CommandLineTools/SDKs/MacOSX.sdk/System/Library/Frameworks/Ruby.framework/Versions/2.6/usr/include/ruby-2.6.0/ruby/ruby.h:413:29: note: expanded from macro 'ID2SYM'
  413 | #define ID2SYM(x) RB_ID2SYM(x)
      |                             ^
/Library/Developer/CommandLineTools/SDKs/MacOSX.sdk/System/Library/Frameworks/Ruby.framework/Versions/2.6/usr/include/ruby-2.6.0/ruby/ruby.h:408:33: note: expanded from macro 'RB_ID2SYM'
  408 | #define RB_ID2SYM(x) (rb_id2sym(x))
      |                                 ^
usual.c:859:23: warning: '}' and ')' tokens terminating statement expression appear in different macro expansion contexts [-Wcompound-token-split-by-macro]
  859 |         return ID2SYM(rb_intern("bigdecimal"));
      |                       ^~~~~~~~~~~~~~~~~~~~~~~
/Library/Developer/CommandLineTools/SDKs/MacOSX.sdk/System/Library/Frameworks/Ruby.framework/Versions/2.6/usr/include/ruby-2.6.0/ruby/ruby.h:1826:24: note: expanded from macro 'rb_intern'
 1826 |         __extension__ (RUBY_CONST_ID_CACHE((ID), (str))) : \
      |                        ^~~~~~~~~~~~~~~~~~~~~~~~~~~~~~~~
/Library/Developer/CommandLineTools/SDKs/MacOSX.sdk/System/Library/Frameworks/Ruby.framework/Versions/2.6/usr/include/ruby-2.6.0/ruby/ruby.h:1816:5: note: expanded from macro 'RUBY_CONST_ID_CACHE'
 1816 |     }
      |     ^
/Library/Developer/CommandLineTools/SDKs/MacOSX.sdk/System/Library/Frameworks/Ruby.framework/Versions/2.6/usr/include/ruby-2.6.0/ruby/ruby.h:413:29: note: expanded from macro 'ID2SYM'
  413 | #define ID2SYM(x) RB_ID2SYM(x)
      |                             ^
/Library/Developer/CommandLineTools/SDKs/MacOSX.sdk/System/Library/Frameworks/Ruby.framework/Versions/2.6/usr/include/ruby-2.6.0/ruby/ruby.h:408:33: note: expanded from macro 'RB_ID2SYM'
  408 | #define RB_ID2SYM(x) (rb_id2sym(x))
      |                                 ^
usual.c:859:23: note: ')' token is here
  859 |         return ID2SYM(rb_intern("bigdecimal"));
      |                       ^~~~~~~~~~~~~~~~~~~~~~~
/Library/Developer/CommandLineTools/SDKs/MacOSX.sdk/System/Library/Frameworks/Ruby.framework/Versions/2.6/usr/include/ruby-2.6.0/ruby/ruby.h:1826:56: note: expanded from macro 'rb_intern'
 1826 |         __extension__ (RUBY_CONST_ID_CACHE((ID), (str))) : \
      |                                                        ^
/Library/Developer/CommandLineTools/SDKs/MacOSX.sdk/System/Library/Frameworks/Ruby.framework/Versions/2.6/usr/include/ruby-2.6.0/ruby/ruby.h:413:29: note: expanded from macro 'ID2SYM'
  413 | #define ID2SYM(x) RB_ID2SYM(x)
      |                             ^
/Library/Developer/CommandLineTools/SDKs/MacOSX.sdk/System/Library/Frameworks/Ruby.framework/Versions/2.6/usr/include/ruby-2.6.0/ruby/ruby.h:408:33: note: expanded from macro 'RB_ID2SYM'
  408 | #define RB_ID2SYM(x) (rb_id2sym(x))
      |                                 ^
usual.c:862:23: warning: '(' and '{' tokens introducing statement expression appear in different macro expansion contexts [-Wcompound-token-split-by-macro]
  862 |         return ID2SYM(rb_intern("auto"));
      |                       ^~~~~~~~~~~~~~~~~
/Library/Developer/CommandLineTools/SDKs/MacOSX.sdk/System/Library/Frameworks/Ruby.framework/Versions/2.6/usr/include/ruby-2.6.0/ruby/ruby.h:1826:23: note: expanded from macro 'rb_intern'
 1826 |         __extension__ (RUBY_CONST_ID_CACHE((ID), (str))) : \
      |                       ^
/Library/Developer/CommandLineTools/SDKs/MacOSX.sdk/System/Library/Frameworks/Ruby.framework/Versions/2.6/usr/include/ruby-2.6.0/ruby/ruby.h:413:29: note: expanded from macro 'ID2SYM'
  413 | #define ID2SYM(x) RB_ID2SYM(x)
      |                             ^
/Library/Developer/CommandLineTools/SDKs/MacOSX.sdk/System/Library/Frameworks/Ruby.framework/Versions/2.6/usr/include/ruby-2.6.0/ruby/ruby.h:408:33: note: expanded from macro 'RB_ID2SYM'
  408 | #define RB_ID2SYM(x) (rb_id2sym(x))
      |                                 ^
usual.c:862:23: note: '{' token is here
  862 |         return ID2SYM(rb_intern("auto"));
      |                       ^~~~~~~~~~~~~~~~~
/Library/Developer/CommandLineTools/SDKs/MacOSX.sdk/System/Library/Frameworks/Ruby.framework/Versions/2.6/usr/include/ruby-2.6.0/ruby/ruby.h:1826:24: note: expanded from macro 'rb_intern'
 1826 |         __extension__ (RUBY_CONST_ID_CACHE((ID), (str))) : \
      |                        ^~~~~~~~~~~~~~~~~~~~~~~~~~~~~~~~
/Library/Developer/CommandLineTools/SDKs/MacOSX.sdk/System/Library/Frameworks/Ruby.framework/Versions/2.6/usr/include/ruby-2.6.0/ruby/ruby.h:1811:5: note: expanded from macro 'RUBY_CONST_ID_CACHE'
 1811 |     {                                                   \
      |     ^
/Library/Developer/CommandLineTools/SDKs/MacOSX.sdk/System/Library/Frameworks/Ruby.framework/Versions/2.6/usr/include/ruby-2.6.0/ruby/ruby.h:413:29: note: expanded from macro 'ID2SYM'
  413 | #define ID2SYM(x) RB_ID2SYM(x)
      |                             ^
/Library/Developer/CommandLineTools/SDKs/MacOSX.sdk/System/Library/Frameworks/Ruby.framework/Versions/2.6/usr/include/ruby-2.6.0/ruby/ruby.h:408:33: note: expanded from macro 'RB_ID2SYM'
  408 | #define RB_ID2SYM(x) (rb_id2sym(x))
      |                                 ^
usual.c:862:23: warning: '}' and ')' tokens terminating statement expression appear in different macro expansion contexts [-Wcompound-token-split-by-macro]
  862 |         return ID2SYM(rb_intern("auto"));
      |                       ^~~~~~~~~~~~~~~~~
/Library/Developer/CommandLineTools/SDKs/MacOSX.sdk/System/Library/Frameworks/Ruby.framework/Versions/2.6/usr/include/ruby-2.6.0/ruby/ruby.h:1826:24: note: expanded from macro 'rb_intern'
 1826 |         __extension__ (RUBY_CONST_ID_CACHE((ID), (str))) : \
      |                        ^~~~~~~~~~~~~~~~~~~~~~~~~~~~~~~~
/Library/Developer/CommandLineTools/SDKs/MacOSX.sdk/System/Library/Frameworks/Ruby.framework/Versions/2.6/usr/include/ruby-2.6.0/ruby/ruby.h:1816:5: note: expanded from macro 'RUBY_CONST_ID_CACHE'
 1816 |     }
      |     ^
/Library/Developer/CommandLineTools/SDKs/MacOSX.sdk/System/Library/Frameworks/Ruby.framework/Versions/2.6/usr/include/ruby-2.6.0/ruby/ruby.h:413:29: note: expanded from macro 'ID2SYM'
  413 | #define ID2SYM(x) RB_ID2SYM(x)
      |                             ^
/Library/Developer/CommandLineTools/SDKs/MacOSX.sdk/System/Library/Frameworks/Ruby.framework/Versions/2.6/usr/include/ruby-2.6.0/ruby/ruby.h:408:33: note: expanded from macro 'RB_ID2SYM'
  408 | #define RB_ID2SYM(x) (rb_id2sym(x))
      |                                 ^
usual.c:862:23: note: ')' token is here
  862 |         return ID2SYM(rb_intern("auto"));
      |                       ^~~~~~~~~~~~~~~~~
/Library/Developer/CommandLineTools/SDKs/MacOSX.sdk/System/Library/Frameworks/Ruby.framework/Versions/2.6/usr/include/ruby-2.6.0/ruby/ruby.h:1826:56: note: expanded from macro 'rb_intern'
 1826 |         __extension__ (RUBY_CONST_ID_CACHE((ID), (str))) : \
      |                                                        ^
/Library/Developer/CommandLineTools/SDKs/MacOSX.sdk/System/Library/Frameworks/Ruby.framework/Versions/2.6/usr/include/ruby-2.6.0/ruby/ruby.h:413:29: note: expanded from macro 'ID2SYM'
  413 | #define ID2SYM(x) RB_ID2SYM(x)
      |                             ^
/Library/Developer/CommandLineTools/SDKs/MacOSX.sdk/System/Library/Frameworks/Ruby.framework/Versions/2.6/usr/include/ruby-2.6.0/ruby/ruby.h:408:33: note: expanded from macro 'RB_ID2SYM'
  408 | #define RB_ID2SYM(x) (rb_id2sym(x))
      |                                 ^
usual.c:865:23: warning: '(' and '{' tokens introducing statement expression appear in different macro expansion contexts [-Wcompound-token-split-by-macro]
  865 |         return ID2SYM(rb_intern("float"));
      |                       ^~~~~~~~~~~~~~~~~~
/Library/Developer/CommandLineTools/SDKs/MacOSX.sdk/System/Library/Frameworks/Ruby.framework/Versions/2.6/usr/include/ruby-2.6.0/ruby/ruby.h:1826:23: note: expanded from macro 'rb_intern'
 1826 |         __extension__ (RUBY_CONST_ID_CACHE((ID), (str))) : \
      |                       ^
/Library/Developer/CommandLineTools/SDKs/MacOSX.sdk/System/Library/Frameworks/Ruby.framework/Versions/2.6/usr/include/ruby-2.6.0/ruby/ruby.h:413:29: note: expanded from macro 'ID2SYM'
  413 | #define ID2SYM(x) RB_ID2SYM(x)
      |                             ^
/Library/Developer/CommandLineTools/SDKs/MacOSX.sdk/System/Library/Frameworks/Ruby.framework/Versions/2.6/usr/include/ruby-2.6.0/ruby/ruby.h:408:33: note: expanded from macro 'RB_ID2SYM'
  408 | #define RB_ID2SYM(x) (rb_id2sym(x))
      |                                 ^
usual.c:865:23: note: '{' token is here
  865 |         return ID2SYM(rb_intern("float"));
      |                       ^~~~~~~~~~~~~~~~~~
/Library/Developer/CommandLineTools/SDKs/MacOSX.sdk/System/Library/Frameworks/Ruby.framework/Versions/2.6/usr/include/ruby-2.6.0/ruby/ruby.h:1826:24: note: expanded from macro 'rb_intern'
 1826 |         __extension__ (RUBY_CONST_ID_CACHE((ID), (str))) : \
      |                        ^~~~~~~~~~~~~~~~~~~~~~~~~~~~~~~~
/Library/Developer/CommandLineTools/SDKs/MacOSX.sdk/System/Library/Frameworks/Ruby.framework/Versions/2.6/usr/include/ruby-2.6.0/ruby/ruby.h:1811:5: note: expanded from macro 'RUBY_CONST_ID_CACHE'
 1811 |     {                                                   \
      |     ^
/Library/Developer/CommandLineTools/SDKs/MacOSX.sdk/System/Library/Frameworks/Ruby.framework/Versions/2.6/usr/include/ruby-2.6.0/ruby/ruby.h:413:29: note: expanded from macro 'ID2SYM'
  413 | #define ID2SYM(x) RB_ID2SYM(x)
      |                             ^
/Library/Developer/CommandLineTools/SDKs/MacOSX.sdk/System/Library/Frameworks/Ruby.framework/Versions/2.6/usr/include/ruby-2.6.0/ruby/ruby.h:408:33: note: expanded from macro 'RB_ID2SYM'
  408 | #define RB_ID2SYM(x) (rb_id2sym(x))
      |                                 ^
usual.c:865:23: warning: '}' and ')' tokens terminating statement expression appear in different macro expansion contexts [-Wcompound-token-split-by-macro]
  865 |         return ID2SYM(rb_intern("float"));
      |                       ^~~~~~~~~~~~~~~~~~
/Library/Developer/CommandLineTools/SDKs/MacOSX.sdk/System/Library/Frameworks/Ruby.framework/Versions/2.6/usr/include/ruby-2.6.0/ruby/ruby.h:1826:24: note: expanded from macro 'rb_intern'
 1826 |         __extension__ (RUBY_CONST_ID_CACHE((ID), (str))) : \
      |                        ^~~~~~~~~~~~~~~~~~~~~~~~~~~~~~~~
/Library/Developer/CommandLineTools/SDKs/MacOSX.sdk/System/Library/Frameworks/Ruby.framework/Versions/2.6/usr/include/ruby-2.6.0/ruby/ruby.h:1816:5: note: expanded from macro 'RUBY_CONST_ID_CACHE'
 1816 |     }
      |     ^
/Library/Developer/CommandLineTools/SDKs/MacOSX.sdk/System/Library/Frameworks/Ruby.framework/Versions/2.6/usr/include/ruby-2.6.0/ruby/ruby.h:413:29: note: expanded from macro 'ID2SYM'
  413 | #define ID2SYM(x) RB_ID2SYM(x)
      |                             ^
/Library/Developer/CommandLineTools/SDKs/MacOSX.sdk/System/Library/Frameworks/Ruby.framework/Versions/2.6/usr/include/ruby-2.6.0/ruby/ruby.h:408:33: note: expanded from macro 'RB_ID2SYM'
  408 | #define RB_ID2SYM(x) (rb_id2sym(x))
      |                                 ^
usual.c:865:23: note: ')' token is here
  865 |         return ID2SYM(rb_intern("float"));
      |                       ^~~~~~~~~~~~~~~~~~
/Library/Developer/CommandLineTools/SDKs/MacOSX.sdk/System/Library/Frameworks/Ruby.framework/Versions/2.6/usr/include/ruby-2.6.0/ruby/ruby.h:1826:56: note: expanded from macro 'rb_intern'
 1826 |         __extension__ (RUBY_CONST_ID_CACHE((ID), (str))) : \
      |                                                        ^
/Library/Developer/CommandLineTools/SDKs/MacOSX.sdk/System/Library/Frameworks/Ruby.framework/Versions/2.6/usr/include/ruby-2.6.0/ruby/ruby.h:413:29: note: expanded from macro 'ID2SYM'
  413 | #define ID2SYM(x) RB_ID2SYM(x)
      |                             ^
/Library/Developer/CommandLineTools/SDKs/MacOSX.sdk/System/Library/Frameworks/Ruby.framework/Versions/2.6/usr/include/ruby-2.6.0/ruby/ruby.h:408:33: note: expanded from macro 'RB_ID2SYM'
  408 | #define RB_ID2SYM(x) (rb_id2sym(x))
      |                                 ^
usual.c:868:23: warning: '(' and '{' tokens introducing statement expression appear in different macro expansion contexts [-Wcompound-token-split-by-macro]
  868 |         return ID2SYM(rb_intern("ruby"));
      |                       ^~~~~~~~~~~~~~~~~
/Library/Developer/CommandLineTools/SDKs/MacOSX.sdk/System/Library/Frameworks/Ruby.framework/Versions/2.6/usr/include/ruby-2.6.0/ruby/ruby.h:1826:23: note: expanded from macro 'rb_intern'
 1826 |         __extension__ (RUBY_CONST_ID_CACHE((ID), (str))) : \
      |                       ^
/Library/Developer/CommandLineTools/SDKs/MacOSX.sdk/System/Library/Frameworks/Ruby.framework/Versions/2.6/usr/include/ruby-2.6.0/ruby/ruby.h:413:29: note: expanded from macro 'ID2SYM'
  413 | #define ID2SYM(x) RB_ID2SYM(x)
      |                             ^
/Library/Developer/CommandLineTools/SDKs/MacOSX.sdk/System/Library/Frameworks/Ruby.framework/Versions/2.6/usr/include/ruby-2.6.0/ruby/ruby.h:408:33: note: expanded from macro 'RB_ID2SYM'
  408 | #define RB_ID2SYM(x) (rb_id2sym(x))
      |                                 ^
usual.c:868:23: note: '{' token is here
  868 |         return ID2SYM(rb_intern("ruby"));
      |                       ^~~~~~~~~~~~~~~~~
/Library/Developer/CommandLineTools/SDKs/MacOSX.sdk/System/Library/Frameworks/Ruby.framework/Versions/2.6/usr/include/ruby-2.6.0/ruby/ruby.h:1826:24: note: expanded from macro 'rb_intern'
 1826 |         __extension__ (RUBY_CONST_ID_CACHE((ID), (str))) : \
      |                        ^~~~~~~~~~~~~~~~~~~~~~~~~~~~~~~~
/Library/Developer/CommandLineTools/SDKs/MacOSX.sdk/System/Library/Frameworks/Ruby.framework/Versions/2.6/usr/include/ruby-2.6.0/ruby/ruby.h:1811:5: note: expanded from macro 'RUBY_CONST_ID_CACHE'
 1811 |     {                                                   \
      |     ^
/Library/Developer/CommandLineTools/SDKs/MacOSX.sdk/System/Library/Frameworks/Ruby.framework/Versions/2.6/usr/include/ruby-2.6.0/ruby/ruby.h:413:29: note: expanded from macro 'ID2SYM'
  413 | #define ID2SYM(x) RB_ID2SYM(x)
      |                             ^
/Library/Developer/CommandLineTools/SDKs/MacOSX.sdk/System/Library/Frameworks/Ruby.framework/Versions/2.6/usr/include/ruby-2.6.0/ruby/ruby.h:408:33: note: expanded from macro 'RB_ID2SYM'
  408 | #define RB_ID2SYM(x) (rb_id2sym(x))
      |                                 ^
usual.c:868:23: warning: '}' and ')' tokens terminating statement expression appear in different macro expansion contexts [-Wcompound-token-split-by-macro]
  868 |         return ID2SYM(rb_intern("ruby"));
      |                       ^~~~~~~~~~~~~~~~~
/Library/Developer/CommandLineTools/SDKs/MacOSX.sdk/System/Library/Frameworks/Ruby.framework/Versions/2.6/usr/include/ruby-2.6.0/ruby/ruby.h:1826:24: note: expanded from macro 'rb_intern'
 1826 |         __extension__ (RUBY_CONST_ID_CACHE((ID), (str))) : \
      |                        ^~~~~~~~~~~~~~~~~~~~~~~~~~~~~~~~
/Library/Developer/CommandLineTools/SDKs/MacOSX.sdk/System/Library/Frameworks/Ruby.framework/Versions/2.6/usr/include/ruby-2.6.0/ruby/ruby.h:1816:5: note: expanded from macro 'RUBY_CONST_ID_CACHE'
 1816 |     }
      |     ^
/Library/Developer/CommandLineTools/SDKs/MacOSX.sdk/System/Library/Frameworks/Ruby.framework/Versions/2.6/usr/include/ruby-2.6.0/ruby/ruby.h:413:29: note: expanded from macro 'ID2SYM'
  413 | #define ID2SYM(x) RB_ID2SYM(x)
      |                             ^
/Library/Developer/CommandLineTools/SDKs/MacOSX.sdk/System/Library/Frameworks/Ruby.framework/Versions/2.6/usr/include/ruby-2.6.0/ruby/ruby.h:408:33: note: expanded from macro 'RB_ID2SYM'
  408 | #define RB_ID2SYM(x) (rb_id2sym(x))
      |                                 ^
usual.c:868:23: note: ')' token is here
  868 |         return ID2SYM(rb_intern("ruby"));
      |                       ^~~~~~~~~~~~~~~~~
/Library/Developer/CommandLineTools/SDKs/MacOSX.sdk/System/Library/Frameworks/Ruby.framework/Versions/2.6/usr/include/ruby-2.6.0/ruby/ruby.h:1826:56: note: expanded from macro 'rb_intern'
 1826 |         __extension__ (RUBY_CONST_ID_CACHE((ID), (str))) : \
      |                                                        ^
/Library/Developer/CommandLineTools/SDKs/MacOSX.sdk/System/Library/Frameworks/Ruby.framework/Versions/2.6/usr/include/ruby-2.6.0/ruby/ruby.h:413:29: note: expanded from macro 'ID2SYM'
  413 | #define ID2SYM(x) RB_ID2SYM(x)
      |                             ^
/Library/Developer/CommandLineTools/SDKs/MacOSX.sdk/System/Library/Frameworks/Ruby.framework/Versions/2.6/usr/include/ruby-2.6.0/ruby/ruby.h:408:33: note: expanded from macro 'RB_ID2SYM'
  408 | #define RB_ID2SYM(x) (rb_id2sym(x))
      |                                 ^
usual.c:982:35: warning: '(' and '{' tokens introducing statement expression appear in different macro expansion contexts [-Wcompound-token-split-by-macro]
  982 |     case MISS_AUTO: return ID2SYM(rb_intern("auto"));
      |                                   ^~~~~~~~~~~~~~~~~
/Library/Developer/CommandLineTools/SDKs/MacOSX.sdk/System/Library/Frameworks/Ruby.framework/Versions/2.6/usr/include/ruby-2.6.0/ruby/ruby.h:1826:23: note: expanded from macro 'rb_intern'
 1826 |         __extension__ (RUBY_CONST_ID_CACHE((ID), (str))) : \
      |                       ^
/Library/Developer/CommandLineTools/SDKs/MacOSX.sdk/System/Library/Frameworks/Ruby.framework/Versions/2.6/usr/include/ruby-2.6.0/ruby/ruby.h:413:29: note: expanded from macro 'ID2SYM'
  413 | #define ID2SYM(x) RB_ID2SYM(x)
      |                             ^
/Library/Developer/CommandLineTools/SDKs/MacOSX.sdk/System/Library/Frameworks/Ruby.framework/Versions/2.6/usr/include/ruby-2.6.0/ruby/ruby.h:408:33: note: expanded from macro 'RB_ID2SYM'
  408 | #define RB_ID2SYM(x) (rb_id2sym(x))
      |                                 ^
usual.c:982:35: note: '{' token is here
  982 |     case MISS_AUTO: return ID2SYM(rb_intern("auto"));
      |                                   ^~~~~~~~~~~~~~~~~
/Library/Developer/CommandLineTools/SDKs/MacOSX.sdk/System/Library/Frameworks/Ruby.framework/Versions/2.6/usr/include/ruby-2.6.0/ruby/ruby.h:1826:24: note: expanded from macro 'rb_intern'
 1826 |         __extension__ (RUBY_CONST_ID_CACHE((ID), (str))) : \
      |                        ^~~~~~~~~~~~~~~~~~~~~~~~~~~~~~~~
/Library/Developer/CommandLineTools/SDKs/MacOSX.sdk/System/Library/Frameworks/Ruby.framework/Versions/2.6/usr/include/ruby-2.6.0/ruby/ruby.h:1811:5: note: expanded from macro 'RUBY_CONST_ID_CACHE'
 1811 |     {                                                   \
      |     ^
/Library/Developer/CommandLineTools/SDKs/MacOSX.sdk/System/Library/Frameworks/Ruby.framework/Versions/2.6/usr/include/ruby-2.6.0/ruby/ruby.h:413:29: note: expanded from macro 'ID2SYM'
  413 | #define ID2SYM(x) RB_ID2SYM(x)
      |                             ^
/Library/Developer/CommandLineTools/SDKs/MacOSX.sdk/System/Library/Frameworks/Ruby.framework/Versions/2.6/usr/include/ruby-2.6.0/ruby/ruby.h:408:33: note: expanded from macro 'RB_ID2SYM'
  408 | #define RB_ID2SYM(x) (rb_id2sym(x))
      |                                 ^
usual.c:982:35: warning: '}' and ')' tokens terminating statement expression appear in different macro expansion contexts [-Wcompound-token-split-by-macro]
  982 |     case MISS_AUTO: return ID2SYM(rb_intern("auto"));
      |                                   ^~~~~~~~~~~~~~~~~
/Library/Developer/CommandLineTools/SDKs/MacOSX.sdk/System/Library/Frameworks/Ruby.framework/Versions/2.6/usr/include/ruby-2.6.0/ruby/ruby.h:1826:24: note: expanded from macro 'rb_intern'
 1826 |         __extension__ (RUBY_CONST_ID_CACHE((ID), (str))) : \
      |                        ^~~~~~~~~~~~~~~~~~~~~~~~~~~~~~~~
/Library/Developer/CommandLineTools/SDKs/MacOSX.sdk/System/Library/Frameworks/Ruby.framework/Versions/2.6/usr/include/ruby-2.6.0/ruby/ruby.h:1816:5: note: expanded from macro 'RUBY_CONST_ID_CACHE'
 1816 |     }
      |     ^
/Library/Developer/CommandLineTools/SDKs/MacOSX.sdk/System/Library/Frameworks/Ruby.framework/Versions/2.6/usr/include/ruby-2.6.0/ruby/ruby.h:413:29: note: expanded from macro 'ID2SYM'
  413 | #define ID2SYM(x) RB_ID2SYM(x)
      |                             ^
/Library/Developer/CommandLineTools/SDKs/MacOSX.sdk/System/Library/Frameworks/Ruby.framework/Versions/2.6/usr/include/ruby-2.6.0/ruby/ruby.h:408:33: note: expanded from macro 'RB_ID2SYM'
  408 | #define RB_ID2SYM(x) (rb_id2sym(x))
      |                                 ^
usual.c:982:35: note: ')' token is here
  982 |     case MISS_AUTO: return ID2SYM(rb_intern("auto"));
      |                                   ^~~~~~~~~~~~~~~~~
/Library/Developer/CommandLineTools/SDKs/MacOSX.sdk/System/Library/Frameworks/Ruby.framework/Versions/2.6/usr/include/ruby-2.6.0/ruby/ruby.h:1826:56: note: expanded from macro 'rb_intern'
 1826 |         __extension__ (RUBY_CONST_ID_CACHE((ID), (str))) : \
      |                                                        ^
/Library/Developer/CommandLineTools/SDKs/MacOSX.sdk/System/Library/Frameworks/Ruby.framework/Versions/2.6/usr/include/ruby-2.6.0/ruby/ruby.h:413:29: note: expanded from macro 'ID2SYM'
  413 | #define ID2SYM(x) RB_ID2SYM(x)
      |                             ^
/Library/Developer/CommandLineTools/SDKs/MacOSX.sdk/System/Library/Frameworks/Ruby.framework/Versions/2.6/usr/include/ruby-2.6.0/ruby/ruby.h:408:33: note: expanded from macro 'RB_ID2SYM'
  408 | #define RB_ID2SYM(x) (rb_id2sym(x))
      |                                 ^
usual.c:983:36: warning: '(' and '{' tokens introducing statement expression appear in different macro expansion contexts [-Wcompound-token-split-by-macro]
  983 |     case MISS_RAISE: return ID2SYM(rb_intern("raise"));
      |                                    ^~~~~~~~~~~~~~~~~~
/Library/Developer/CommandLineTools/SDKs/MacOSX.sdk/System/Library/Frameworks/Ruby.framework/Versions/2.6/usr/include/ruby-2.6.0/ruby/ruby.h:1826:23: note: expanded from macro 'rb_intern'
 1826 |         __extension__ (RUBY_CONST_ID_CACHE((ID), (str))) : \
      |                       ^
/Library/Developer/CommandLineTools/SDKs/MacOSX.sdk/System/Library/Frameworks/Ruby.framework/Versions/2.6/usr/include/ruby-2.6.0/ruby/ruby.h:413:29: note: expanded from macro 'ID2SYM'
  413 | #define ID2SYM(x) RB_ID2SYM(x)
      |                             ^
/Library/Developer/CommandLineTools/SDKs/MacOSX.sdk/System/Library/Frameworks/Ruby.framework/Versions/2.6/usr/include/ruby-2.6.0/ruby/ruby.h:408:33: note: expanded from macro 'RB_ID2SYM'
  408 | #define RB_ID2SYM(x) (rb_id2sym(x))
      |                                 ^
usual.c:983:36: note: '{' token is here
  983 |     case MISS_RAISE: return ID2SYM(rb_intern("raise"));
      |                                    ^~~~~~~~~~~~~~~~~~
/Library/Developer/CommandLineTools/SDKs/MacOSX.sdk/System/Library/Frameworks/Ruby.framework/Versions/2.6/usr/include/ruby-2.6.0/ruby/ruby.h:1826:24: note: expanded from macro 'rb_intern'
 1826 |         __extension__ (RUBY_CONST_ID_CACHE((ID), (str))) : \
      |                        ^~~~~~~~~~~~~~~~~~~~~~~~~~~~~~~~
/Library/Developer/CommandLineTools/SDKs/MacOSX.sdk/System/Library/Frameworks/Ruby.framework/Versions/2.6/usr/include/ruby-2.6.0/ruby/ruby.h:1811:5: note: expanded from macro 'RUBY_CONST_ID_CACHE'
 1811 |     {                                                   \
      |     ^
/Library/Developer/CommandLineTools/SDKs/MacOSX.sdk/System/Library/Frameworks/Ruby.framework/Versions/2.6/usr/include/ruby-2.6.0/ruby/ruby.h:413:29: note: expanded from macro 'ID2SYM'
  413 | #define ID2SYM(x) RB_ID2SYM(x)
      |                             ^
/Library/Developer/CommandLineTools/SDKs/MacOSX.sdk/System/Library/Frameworks/Ruby.framework/Versions/2.6/usr/include/ruby-2.6.0/ruby/ruby.h:408:33: note: expanded from macro 'RB_ID2SYM'
  408 | #define RB_ID2SYM(x) (rb_id2sym(x))
      |                                 ^
usual.c:983:36: warning: '}' and ')' tokens terminating statement expression appear in different macro expansion contexts [-Wcompound-token-split-by-macro]
  983 |     case MISS_RAISE: return ID2SYM(rb_intern("raise"));
      |                                    ^~~~~~~~~~~~~~~~~~
/Library/Developer/CommandLineTools/SDKs/MacOSX.sdk/System/Library/Frameworks/Ruby.framework/Versions/2.6/usr/include/ruby-2.6.0/ruby/ruby.h:1826:24: note: expanded from macro 'rb_intern'
 1826 |         __extension__ (RUBY_CONST_ID_CACHE((ID), (str))) : \
      |                        ^~~~~~~~~~~~~~~~~~~~~~~~~~~~~~~~
/Library/Developer/CommandLineTools/SDKs/MacOSX.sdk/System/Library/Frameworks/Ruby.framework/Versions/2.6/usr/include/ruby-2.6.0/ruby/ruby.h:1816:5: note: expanded from macro 'RUBY_CONST_ID_CACHE'
 1816 |     }
      |     ^
/Library/Developer/CommandLineTools/SDKs/MacOSX.sdk/System/Library/Frameworks/Ruby.framework/Versions/2.6/usr/include/ruby-2.6.0/ruby/ruby.h:413:29: note: expanded from macro 'ID2SYM'
  413 | #define ID2SYM(x) RB_ID2SYM(x)
      |                             ^
/Library/Developer/CommandLineTools/SDKs/MacOSX.sdk/System/Library/Frameworks/Ruby.framework/Versions/2.6/usr/include/ruby-2.6.0/ruby/ruby.h:408:33: note: expanded from macro 'RB_ID2SYM'
  408 | #define RB_ID2SYM(x) (rb_id2sym(x))
      |                                 ^
usual.c:983:36: note: ')' token is here
  983 |     case MISS_RAISE: return ID2SYM(rb_intern("raise"));
      |                                    ^~~~~~~~~~~~~~~~~~
/Library/Developer/CommandLineTools/SDKs/MacOSX.sdk/System/Library/Frameworks/Ruby.framework/Versions/2.6/usr/include/ruby-2.6.0/ruby/ruby.h:1826:56: note: expanded from macro 'rb_intern'
 1826 |         __extension__ (RUBY_CONST_ID_CACHE((ID), (str))) : \
      |                                                        ^
/Library/Developer/CommandLineTools/SDKs/MacOSX.sdk/System/Library/Frameworks/Ruby.framework/Versions/2.6/usr/include/ruby-2.6.0/ruby/ruby.h:413:29: note: expanded from macro 'ID2SYM'
  413 | #define ID2SYM(x) RB_ID2SYM(x)
      |                             ^
/Library/Developer/CommandLineTools/SDKs/MacOSX.sdk/System/Library/Frameworks/Ruby.framework/Versions/2.6/usr/include/ruby-2.6.0/ruby/ruby.h:408:33: note: expanded from macro 'RB_ID2SYM'
  408 | #define RB_ID2SYM(x) (rb_id2sym(x))
      |                                 ^
usual.c:985:28: warning: '(' and '{' tokens introducing statement expression appear in different macro expansion contexts [-Wcompound-token-split-by-macro]
  985 |     default: return ID2SYM(rb_intern("ignore"));
      |                            ^~~~~~~~~~~~~~~~~~~
/Library/Developer/CommandLineTools/SDKs/MacOSX.sdk/System/Library/Frameworks/Ruby.framework/Versions/2.6/usr/include/ruby-2.6.0/ruby/ruby.h:1826:23: note: expanded from macro 'rb_intern'
 1826 |         __extension__ (RUBY_CONST_ID_CACHE((ID), (str))) : \
      |                       ^
/Library/Developer/CommandLineTools/SDKs/MacOSX.sdk/System/Library/Frameworks/Ruby.framework/Versions/2.6/usr/include/ruby-2.6.0/ruby/ruby.h:413:29: note: expanded from macro 'ID2SYM'
  413 | #define ID2SYM(x) RB_ID2SYM(x)
      |                             ^
/Library/Developer/CommandLineTools/SDKs/MacOSX.sdk/System/Library/Frameworks/Ruby.framework/Versions/2.6/usr/include/ruby-2.6.0/ruby/ruby.h:408:33: note: expanded from macro 'RB_ID2SYM'
  408 | #define RB_ID2SYM(x) (rb_id2sym(x))
      |                                 ^
usual.c:985:28: note: '{' token is here
  985 |     default: return ID2SYM(rb_intern("ignore"));
      |                            ^~~~~~~~~~~~~~~~~~~
/Library/Developer/CommandLineTools/SDKs/MacOSX.sdk/System/Library/Frameworks/Ruby.framework/Versions/2.6/usr/include/ruby-2.6.0/ruby/ruby.h:1826:24: note: expanded from macro 'rb_intern'
 1826 |         __extension__ (RUBY_CONST_ID_CACHE((ID), (str))) : \
      |                        ^~~~~~~~~~~~~~~~~~~~~~~~~~~~~~~~
/Library/Developer/CommandLineTools/SDKs/MacOSX.sdk/System/Library/Frameworks/Ruby.framework/Versions/2.6/usr/include/ruby-2.6.0/ruby/ruby.h:1811:5: note: expanded from macro 'RUBY_CONST_ID_CACHE'
 1811 |     {                                                   \
      |     ^
/Library/Developer/CommandLineTools/SDKs/MacOSX.sdk/System/Library/Frameworks/Ruby.framework/Versions/2.6/usr/include/ruby-2.6.0/ruby/ruby.h:413:29: note: expanded from macro 'ID2SYM'
  413 | #define ID2SYM(x) RB_ID2SYM(x)
      |                             ^
/Library/Developer/CommandLineTools/SDKs/MacOSX.sdk/System/Library/Frameworks/Ruby.framework/Versions/2.6/usr/include/ruby-2.6.0/ruby/ruby.h:408:33: note: expanded from macro 'RB_ID2SYM'
  408 | #define RB_ID2SYM(x) (rb_id2sym(x))
      |                                 ^
usual.c:985:28: warning: '}' and ')' tokens terminating statement expression appear in different macro expansion contexts [-Wcompound-token-split-by-macro]
  985 |     default: return ID2SYM(rb_intern("ignore"));
      |                            ^~~~~~~~~~~~~~~~~~~
/Library/Developer/CommandLineTools/SDKs/MacOSX.sdk/System/Library/Frameworks/Ruby.framework/Versions/2.6/usr/include/ruby-2.6.0/ruby/ruby.h:1826:24: note: expanded from macro 'rb_intern'
 1826 |         __extension__ (RUBY_CONST_ID_CACHE((ID), (str))) : \
      |                        ^~~~~~~~~~~~~~~~~~~~~~~~~~~~~~~~
/Library/Developer/CommandLineTools/SDKs/MacOSX.sdk/System/Library/Frameworks/Ruby.framework/Versions/2.6/usr/include/ruby-2.6.0/ruby/ruby.h:1816:5: note: expanded from macro 'RUBY_CONST_ID_CACHE'
 1816 |     }
      |     ^
/Library/Developer/CommandLineTools/SDKs/MacOSX.sdk/System/Library/Frameworks/Ruby.framework/Versions/2.6/usr/include/ruby-2.6.0/ruby/ruby.h:413:29: note: expanded from macro 'ID2SYM'
  413 | #define ID2SYM(x) RB_ID2SYM(x)
      |                             ^
/Library/Developer/CommandLineTools/SDKs/MacOSX.sdk/System/Library/Frameworks/Ruby.framework/Versions/2.6/usr/include/ruby-2.6.0/ruby/ruby.h:408:33: note: expanded from macro 'RB_ID2SYM'
  408 | #define RB_ID2SYM(x) (rb_id2sym(x))
      |                                 ^
usual.c:985:28: note: ')' token is here
  985 |     default: return ID2SYM(rb_intern("ignore"));
      |                            ^~~~~~~~~~~~~~~~~~~
/Library/Developer/CommandLineTools/SDKs/MacOSX.sdk/System/Library/Frameworks/Ruby.framework/Versions/2.6/usr/include/ruby-2.6.0/ruby/ruby.h:1826:56: note: expanded from macro 'rb_intern'
 1826 |         __extension__ (RUBY_CONST_ID_CACHE((ID), (str))) : \
      |                                                        ^
/Library/Developer/CommandLineTools/SDKs/MacOSX.sdk/System/Library/Frameworks/Ruby.framework/Versions/2.6/usr/include/ruby-2.6.0/ruby/ruby.h:413:29: note: expanded from macro 'ID2SYM'
  413 | #define ID2SYM(x) RB_ID2SYM(x)
      |                             ^
/Library/Developer/CommandLineTools/SDKs/MacOSX.sdk/System/Library/Frameworks/Ruby.framework/Versions/2.6/usr/include/ruby-2.6.0/ruby/ruby.h:408:33: note: expanded from macro 'RB_ID2SYM'
  408 | #define RB_ID2SYM(x) (rb_id2sym(x))
      |                                 ^
usual.c:1194:19: warning: '(' and '{' tokens introducing statement expression appear in different macro expansion contexts [-Wcompound-token-split-by-macro]
 1194 |         to_f_id = rb_intern("to_f");
      |                   ^~~~~~~~~~~~~~~~~
/Library/Developer/CommandLineTools/SDKs/MacOSX.sdk/System/Library/Frameworks/Ruby.framework/Versions/2.6/usr/include/ruby-2.6.0/ruby/ruby.h:1826:23: note: expanded from macro 'rb_intern'
 1826 |         __extension__ (RUBY_CONST_ID_CACHE((ID), (str))) : \
      |                       ^
usual.c:1194:19: note: '{' token is here
 1194 |         to_f_id = rb_intern("to_f");
      |                   ^~~~~~~~~~~~~~~~~
/Library/Developer/CommandLineTools/SDKs/MacOSX.sdk/System/Library/Frameworks/Ruby.framework/Versions/2.6/usr/include/ruby-2.6.0/ruby/ruby.h:1826:24: note: expanded from macro 'rb_intern'
 1826 |         __extension__ (RUBY_CONST_ID_CACHE((ID), (str))) : \
      |                        ^~~~~~~~~~~~~~~~~~~~~~~~~~~~~~~~
/Library/Developer/CommandLineTools/SDKs/MacOSX.sdk/System/Library/Frameworks/Ruby.framework/Versions/2.6/usr/include/ruby-2.6.0/ruby/ruby.h:1811:5: note: expanded from macro 'RUBY_CONST_ID_CACHE'
 1811 |     {                                                   \
      |     ^
usual.c:1194:19: warning: '}' and ')' tokens terminating statement expression appear in different macro expansion contexts [-Wcompound-token-split-by-macro]
 1194 |         to_f_id = rb_intern("to_f");
      |                   ^~~~~~~~~~~~~~~~~
/Library/Developer/CommandLineTools/SDKs/MacOSX.sdk/System/Library/Frameworks/Ruby.framework/Versions/2.6/usr/include/ruby-2.6.0/ruby/ruby.h:1826:24: note: expanded from macro 'rb_intern'
 1826 |         __extension__ (RUBY_CONST_ID_CACHE((ID), (str))) : \
      |                        ^~~~~~~~~~~~~~~~~~~~~~~~~~~~~~~~
/Library/Developer/CommandLineTools/SDKs/MacOSX.sdk/System/Library/Frameworks/Ruby.framework/Versions/2.6/usr/include/ruby-2.6.0/ruby/ruby.h:1816:5: note: expanded from macro 'RUBY_CONST_ID_CACHE'
 1816 |     }
      |     ^
usual.c:1194:19: note: ')' token is here
 1194 |         to_f_id = rb_intern("to_f");
      |                   ^~~~~~~~~~~~~~~~~
/Library/Developer/CommandLineTools/SDKs/MacOSX.sdk/System/Library/Frameworks/Ruby.framework/Versions/2.6/usr/include/ruby-2.6.0/ruby/ruby.h:1826:56: note: expanded from macro 'rb_intern'
 1826 |         __extension__ (RUBY_CONST_ID_CACHE((ID), (str))) : \
      |                                                        ^
usual.c:1197:19: warning: '(' and '{' tokens introducing statement expression appear in different macro expansion contexts [-Wcompound-token-split-by-macro]
 1197 |         ltlt_id = rb_intern("<<");
      |                   ^~~~~~~~~~~~~~~
/Library/Developer/CommandLineTools/SDKs/MacOSX.sdk/System/Library/Frameworks/Ruby.framework/Versions/2.6/usr/include/ruby-2.6.0/ruby/ruby.h:1826:23: note: expanded from macro 'rb_intern'
 1826 |         __extension__ (RUBY_CONST_ID_CACHE((ID), (str))) : \
      |                       ^
usual.c:1197:19: note: '{' token is here
 1197 |         ltlt_id = rb_intern("<<");
      |                   ^~~~~~~~~~~~~~~
/Library/Developer/CommandLineTools/SDKs/MacOSX.sdk/System/Library/Frameworks/Ruby.framework/Versions/2.6/usr/include/ruby-2.6.0/ruby/ruby.h:1826:24: note: expanded from macro 'rb_intern'
 1826 |         __extension__ (RUBY_CONST_ID_CACHE((ID), (str))) : \
      |                        ^~~~~~~~~~~~~~~~~~~~~~~~~~~~~~~~
/Library/Developer/CommandLineTools/SDKs/MacOSX.sdk/System/Library/Frameworks/Ruby.framework/Versions/2.6/usr/include/ruby-2.6.0/ruby/ruby.h:1811:5: note: expanded from macro 'RUBY_CONST_ID_CACHE'
 1811 |     {                                                   \
      |     ^
usual.c:1197:19: warning: '}' and ')' tokens terminating statement expression appear in different macro expansion contexts [-Wcompound-token-split-by-macro]
 1197 |         ltlt_id = rb_intern("<<");
      |                   ^~~~~~~~~~~~~~~
/Library/Developer/CommandLineTools/SDKs/MacOSX.sdk/System/Library/Frameworks/Ruby.framework/Versions/2.6/usr/include/ruby-2.6.0/ruby/ruby.h:1826:24: note: expanded from macro 'rb_intern'
 1826 |         __extension__ (RUBY_CONST_ID_CACHE((ID), (str))) : \
      |                        ^~~~~~~~~~~~~~~~~~~~~~~~~~~~~~~~
/Library/Developer/CommandLineTools/SDKs/MacOSX.sdk/System/Library/Frameworks/Ruby.framework/Versions/2.6/usr/include/ruby-2.6.0/ruby/ruby.h:1816:5: note: expanded from macro 'RUBY_CONST_ID_CACHE'
 1816 |     }
      |     ^
usual.c:1197:19: note: ')' token is here
 1197 |         ltlt_id = rb_intern("<<");
      |                   ^~~~~~~~~~~~~~~
/Library/Developer/CommandLineTools/SDKs/MacOSX.sdk/System/Library/Frameworks/Ruby.framework/Versions/2.6/usr/include/ruby-2.6.0/ruby/ruby.h:1826:56: note: expanded from macro 'rb_intern'
 1826 |         __extension__ (RUBY_CONST_ID_CACHE((ID), (str))) : \
      |                                                        ^
usual.c:1200:19: warning: '(' and '{' tokens introducing statement expression appear in different macro expansion contexts [-Wcompound-token-split-by-macro]
 1200 |         hset_id = rb_intern("[]=");
      |                   ^~~~~~~~~~~~~~~~
/Library/Developer/CommandLineTools/SDKs/MacOSX.sdk/System/Library/Frameworks/Ruby.framework/Versions/2.6/usr/include/ruby-2.6.0/ruby/ruby.h:1826:23: note: expanded from macro 'rb_intern'
 1826 |         __extension__ (RUBY_CONST_ID_CACHE((ID), (str))) : \
      |                       ^
usual.c:1200:19: note: '{' token is here
 1200 |         hset_id = rb_intern("[]=");
      |                   ^~~~~~~~~~~~~~~~
/Library/Developer/CommandLineTools/SDKs/MacOSX.sdk/System/Library/Frameworks/Ruby.framework/Versions/2.6/usr/include/ruby-2.6.0/ruby/ruby.h:1826:24: note: expanded from macro 'rb_intern'
 1826 |         __extension__ (RUBY_CONST_ID_CACHE((ID), (str))) : \
      |                        ^~~~~~~~~~~~~~~~~~~~~~~~~~~~~~~~
/Library/Developer/CommandLineTools/SDKs/MacOSX.sdk/System/Library/Frameworks/Ruby.framework/Versions/2.6/usr/include/ruby-2.6.0/ruby/ruby.h:1811:5: note: expanded from macro 'RUBY_CONST_ID_CACHE'
 1811 |     {                                                   \
      |     ^
usual.c:1200:19: warning: '}' and ')' tokens terminating statement expression appear in different macro expansion contexts [-Wcompound-token-split-by-macro]
 1200 |         hset_id = rb_intern("[]=");
      |                   ^~~~~~~~~~~~~~~~
/Library/Developer/CommandLineTools/SDKs/MacOSX.sdk/System/Library/Frameworks/Ruby.framework/Versions/2.6/usr/include/ruby-2.6.0/ruby/ruby.h:1826:24: note: expanded from macro 'rb_intern'
 1826 |         __extension__ (RUBY_CONST_ID_CACHE((ID), (str))) : \
      |                        ^~~~~~~~~~~~~~~~~~~~~~~~~~~~~~~~
/Library/Developer/CommandLineTools/SDKs/MacOSX.sdk/System/Library/Frameworks/Ruby.framework/Versions/2.6/usr/include/ruby-2.6.0/ruby/ruby.h:1816:5: note: expanded from macro 'RUBY_CONST_ID_CACHE'
 1816 |     }
      |     ^
usual.c:1200:19: note: ')' token is here
 1200 |         hset_id = rb_intern("[]=");
      |                   ^~~~~~~~~~~~~~~~
/Library/Developer/CommandLineTools/SDKs/MacOSX.sdk/System/Library/Frameworks/Ruby.framework/Versions/2.6/usr/include/ruby-2.6.0/ruby/ruby.h:1826:56: note: expanded from macro 'rb_intern'
 1826 |         __extension__ (RUBY_CONST_ID_CACHE((ID), (str))) : \
      |                                                        ^
22 warnings generated.
compiling util.c
compiling val_stack.c
compiling validate.c
compiling wab.c
wab.c:43:45: warning: '(' and '{' tokens introducing statement expression appear in different macro expansion contexts [-Wcompound-token-split-by-macro]
   43 |         if (rb_const_defined_at(rb_cObject, rb_intern("WAB"))) {
      |                                             ^~~~~~~~~~~~~~~~
/Library/Developer/CommandLineTools/SDKs/MacOSX.sdk/System/Library/Frameworks/Ruby.framework/Versions/2.6/usr/include/ruby-2.6.0/ruby/ruby.h:1826:23: note: expanded from macro 'rb_intern'
 1826 |         __extension__ (RUBY_CONST_ID_CACHE((ID), (str))) : \
      |                       ^
wab.c:43:45: note: '{' token is here
   43 |         if (rb_const_defined_at(rb_cObject, rb_intern("WAB"))) {
      |                                             ^~~~~~~~~~~~~~~~
/Library/Developer/CommandLineTools/SDKs/MacOSX.sdk/System/Library/Frameworks/Ruby.framework/Versions/2.6/usr/include/ruby-2.6.0/ruby/ruby.h:1826:24: note: expanded from macro 'rb_intern'
 1826 |         __extension__ (RUBY_CONST_ID_CACHE((ID), (str))) : \
      |                        ^~~~~~~~~~~~~~~~~~~~~~~~~~~~~~~~
/Library/Developer/CommandLineTools/SDKs/MacOSX.sdk/System/Library/Frameworks/Ruby.framework/Versions/2.6/usr/include/ruby-2.6.0/ruby/ruby.h:1811:5: note: expanded from macro 'RUBY_CONST_ID_CACHE'
 1811 |     {                                                   \
      |     ^
wab.c:43:45: warning: '}' and ')' tokens terminating statement expression appear in different macro expansion contexts [-Wcompound-token-split-by-macro]
   43 |         if (rb_const_defined_at(rb_cObject, rb_intern("WAB"))) {
      |                                             ^~~~~~~~~~~~~~~~
/Library/Developer/CommandLineTools/SDKs/MacOSX.sdk/System/Library/Frameworks/Ruby.framework/Versions/2.6/usr/include/ruby-2.6.0/ruby/ruby.h:1826:24: note: expanded from macro 'rb_intern'
 1826 |         __extension__ (RUBY_CONST_ID_CACHE((ID), (str))) : \
      |                        ^~~~~~~~~~~~~~~~~~~~~~~~~~~~~~~~
/Library/Developer/CommandLineTools/SDKs/MacOSX.sdk/System/Library/Frameworks/Ruby.framework/Versions/2.6/usr/include/ruby-2.6.0/ruby/ruby.h:1816:5: note: expanded from macro 'RUBY_CONST_ID_CACHE'
 1816 |     }
      |     ^
wab.c:43:45: note: ')' token is here
   43 |         if (rb_const_defined_at(rb_cObject, rb_intern("WAB"))) {
      |                                             ^~~~~~~~~~~~~~~~
/Library/Developer/CommandLineTools/SDKs/MacOSX.sdk/System/Library/Frameworks/Ruby.framework/Versions/2.6/usr/include/ruby-2.6.0/ruby/ruby.h:1826:56: note: expanded from macro 'rb_intern'
 1826 |         __extension__ (RUBY_CONST_ID_CACHE((ID), (str))) : \
      |                                                        ^
wab.c:44:54: warning: '(' and '{' tokens introducing statement expression appear in different macro expansion contexts [-Wcompound-token-split-by-macro]
   44 |             wab_module = rb_const_get_at(rb_cObject, rb_intern("WAB"));
      |                                                      ^~~~~~~~~~~~~~~~
/Library/Developer/CommandLineTools/SDKs/MacOSX.sdk/System/Library/Frameworks/Ruby.framework/Versions/2.6/usr/include/ruby-2.6.0/ruby/ruby.h:1826:23: note: expanded from macro 'rb_intern'
 1826 |         __extension__ (RUBY_CONST_ID_CACHE((ID), (str))) : \
      |                       ^
wab.c:44:54: note: '{' token is here
   44 |             wab_module = rb_const_get_at(rb_cObject, rb_intern("WAB"));
      |                                                      ^~~~~~~~~~~~~~~~
/Library/Developer/CommandLineTools/SDKs/MacOSX.sdk/System/Library/Frameworks/Ruby.framework/Versions/2.6/usr/include/ruby-2.6.0/ruby/ruby.h:1826:24: note: expanded from macro 'rb_intern'
 1826 |         __extension__ (RUBY_CONST_ID_CACHE((ID), (str))) : \
      |                        ^~~~~~~~~~~~~~~~~~~~~~~~~~~~~~~~
/Library/Developer/CommandLineTools/SDKs/MacOSX.sdk/System/Library/Frameworks/Ruby.framework/Versions/2.6/usr/include/ruby-2.6.0/ruby/ruby.h:1811:5: note: expanded from macro 'RUBY_CONST_ID_CACHE'
 1811 |     {                                                   \
      |     ^
wab.c:44:54: warning: '}' and ')' tokens terminating statement expression appear in different macro expansion contexts [-Wcompound-token-split-by-macro]
   44 |             wab_module = rb_const_get_at(rb_cObject, rb_intern("WAB"));
      |                                                      ^~~~~~~~~~~~~~~~
/Library/Developer/CommandLineTools/SDKs/MacOSX.sdk/System/Library/Frameworks/Ruby.framework/Versions/2.6/usr/include/ruby-2.6.0/ruby/ruby.h:1826:24: note: expanded from macro 'rb_intern'
 1826 |         __extension__ (RUBY_CONST_ID_CACHE((ID), (str))) : \
      |                        ^~~~~~~~~~~~~~~~~~~~~~~~~~~~~~~~
/Library/Developer/CommandLineTools/SDKs/MacOSX.sdk/System/Library/Frameworks/Ruby.framework/Versions/2.6/usr/include/ruby-2.6.0/ruby/ruby.h:1816:5: note: expanded from macro 'RUBY_CONST_ID_CACHE'
 1816 |     }
      |     ^
wab.c:44:54: note: ')' token is here
   44 |             wab_module = rb_const_get_at(rb_cObject, rb_intern("WAB"));
      |                                                      ^~~~~~~~~~~~~~~~
/Library/Developer/CommandLineTools/SDKs/MacOSX.sdk/System/Library/Frameworks/Ruby.framework/Versions/2.6/usr/include/ruby-2.6.0/ruby/ruby.h:1826:56: note: expanded from macro 'rb_intern'
 1826 |         __extension__ (RUBY_CONST_ID_CACHE((ID), (str))) : \
      |                                                        ^
wab.c:45:49: warning: '(' and '{' tokens introducing statement expression appear in different macro expansion contexts [-Wcompound-token-split-by-macro]
   45 |             if (rb_const_defined_at(wab_module, rb_intern("UUID"))) {
      |                                                 ^~~~~~~~~~~~~~~~~
/Library/Developer/CommandLineTools/SDKs/MacOSX.sdk/System/Library/Frameworks/Ruby.framework/Versions/2.6/usr/include/ruby-2.6.0/ruby/ruby.h:1826:23: note: expanded from macro 'rb_intern'
 1826 |         __extension__ (RUBY_CONST_ID_CACHE((ID), (str))) : \
      |                       ^
wab.c:45:49: note: '{' token is here
   45 |             if (rb_const_defined_at(wab_module, rb_intern("UUID"))) {
      |                                                 ^~~~~~~~~~~~~~~~~
/Library/Developer/CommandLineTools/SDKs/MacOSX.sdk/System/Library/Frameworks/Ruby.framework/Versions/2.6/usr/include/ruby-2.6.0/ruby/ruby.h:1826:24: note: expanded from macro 'rb_intern'
 1826 |         __extension__ (RUBY_CONST_ID_CACHE((ID), (str))) : \
      |                        ^~~~~~~~~~~~~~~~~~~~~~~~~~~~~~~~
/Library/Developer/CommandLineTools/SDKs/MacOSX.sdk/System/Library/Frameworks/Ruby.framework/Versions/2.6/usr/include/ruby-2.6.0/ruby/ruby.h:1811:5: note: expanded from macro 'RUBY_CONST_ID_CACHE'
 1811 |     {                                                   \
      |     ^
wab.c:45:49: warning: '}' and ')' tokens terminating statement expression appear in different macro expansion contexts [-Wcompound-token-split-by-macro]
   45 |             if (rb_const_defined_at(wab_module, rb_intern("UUID"))) {
      |                                                 ^~~~~~~~~~~~~~~~~
/Library/Developer/CommandLineTools/SDKs/MacOSX.sdk/System/Library/Frameworks/Ruby.framework/Versions/2.6/usr/include/ruby-2.6.0/ruby/ruby.h:1826:24: note: expanded from macro 'rb_intern'
 1826 |         __extension__ (RUBY_CONST_ID_CACHE((ID), (str))) : \
      |                        ^~~~~~~~~~~~~~~~~~~~~~~~~~~~~~~~
/Library/Developer/CommandLineTools/SDKs/MacOSX.sdk/System/Library/Frameworks/Ruby.framework/Versions/2.6/usr/include/ruby-2.6.0/ruby/ruby.h:1816:5: note: expanded from macro 'RUBY_CONST_ID_CACHE'
 1816 |     }
      |     ^
wab.c:45:49: note: ')' token is here
   45 |             if (rb_const_defined_at(wab_module, rb_intern("UUID"))) {
      |                                                 ^~~~~~~~~~~~~~~~~
/Library/Developer/CommandLineTools/SDKs/MacOSX.sdk/System/Library/Frameworks/Ruby.framework/Versions/2.6/usr/include/ruby-2.6.0/ruby/ruby.h:1826:56: note: expanded from macro 'rb_intern'
 1826 |         __extension__ (RUBY_CONST_ID_CACHE((ID), (str))) : \
      |                                                        ^
wab.c:46:58: warning: '(' and '{' tokens introducing statement expression appear in different macro expansion contexts [-Wcompound-token-split-by-macro]
   46 |                 wab_uuid_clas = rb_const_get(wab_module, rb_intern("UUID"));
      |                                                          ^~~~~~~~~~~~~~~~~
/Library/Developer/CommandLineTools/SDKs/MacOSX.sdk/System/Library/Frameworks/Ruby.framework/Versions/2.6/usr/include/ruby-2.6.0/ruby/ruby.h:1826:23: note: expanded from macro 'rb_intern'
 1826 |         __extension__ (RUBY_CONST_ID_CACHE((ID), (str))) : \
      |                       ^
wab.c:46:58: note: '{' token is here
   46 |                 wab_uuid_clas = rb_const_get(wab_module, rb_intern("UUID"));
      |                                                          ^~~~~~~~~~~~~~~~~
/Library/Developer/CommandLineTools/SDKs/MacOSX.sdk/System/Library/Frameworks/Ruby.framework/Versions/2.6/usr/include/ruby-2.6.0/ruby/ruby.h:1826:24: note: expanded from macro 'rb_intern'
 1826 |         __extension__ (RUBY_CONST_ID_CACHE((ID), (str))) : \
      |                        ^~~~~~~~~~~~~~~~~~~~~~~~~~~~~~~~
/Library/Developer/CommandLineTools/SDKs/MacOSX.sdk/System/Library/Frameworks/Ruby.framework/Versions/2.6/usr/include/ruby-2.6.0/ruby/ruby.h:1811:5: note: expanded from macro 'RUBY_CONST_ID_CACHE'
 1811 |     {                                                   \
      |     ^
wab.c:46:58: warning: '}' and ')' tokens terminating statement expression appear in different macro expansion contexts [-Wcompound-token-split-by-macro]
   46 |                 wab_uuid_clas = rb_const_get(wab_module, rb_intern("UUID"));
      |                                                          ^~~~~~~~~~~~~~~~~
/Library/Developer/CommandLineTools/SDKs/MacOSX.sdk/System/Library/Frameworks/Ruby.framework/Versions/2.6/usr/include/ruby-2.6.0/ruby/ruby.h:1826:24: note: expanded from macro 'rb_intern'
 1826 |         __extension__ (RUBY_CONST_ID_CACHE((ID), (str))) : \
      |                        ^~~~~~~~~~~~~~~~~~~~~~~~~~~~~~~~
/Library/Developer/CommandLineTools/SDKs/MacOSX.sdk/System/Library/Frameworks/Ruby.framework/Versions/2.6/usr/include/ruby-2.6.0/ruby/ruby.h:1816:5: note: expanded from macro 'RUBY_CONST_ID_CACHE'
 1816 |     }
      |     ^
wab.c:46:58: note: ')' token is here
   46 |                 wab_uuid_clas = rb_const_get(wab_module, rb_intern("UUID"));
      |                                                          ^~~~~~~~~~~~~~~~~
/Library/Developer/CommandLineTools/SDKs/MacOSX.sdk/System/Library/Frameworks/Ruby.framework/Versions/2.6/usr/include/ruby-2.6.0/ruby/ruby.h:1826:56: note: expanded from macro 'rb_intern'
 1826 |         __extension__ (RUBY_CONST_ID_CACHE((ID), (str))) : \
      |                                                        ^
wab.c:56:45: warning: '(' and '{' tokens introducing statement expression appear in different macro expansion contexts [-Wcompound-token-split-by-macro]
   56 |         if (rb_const_defined_at(rb_cObject, rb_intern("URI"))) {
      |                                             ^~~~~~~~~~~~~~~~
/Library/Developer/CommandLineTools/SDKs/MacOSX.sdk/System/Library/Frameworks/Ruby.framework/Versions/2.6/usr/include/ruby-2.6.0/ruby/ruby.h:1826:23: note: expanded from macro 'rb_intern'
 1826 |         __extension__ (RUBY_CONST_ID_CACHE((ID), (str))) : \
      |                       ^
wab.c:56:45: note: '{' token is here
   56 |         if (rb_const_defined_at(rb_cObject, rb_intern("URI"))) {
      |                                             ^~~~~~~~~~~~~~~~
/Library/Developer/CommandLineTools/SDKs/MacOSX.sdk/System/Library/Frameworks/Ruby.framework/Versions/2.6/usr/include/ruby-2.6.0/ruby/ruby.h:1826:24: note: expanded from macro 'rb_intern'
 1826 |         __extension__ (RUBY_CONST_ID_CACHE((ID), (str))) : \
      |                        ^~~~~~~~~~~~~~~~~~~~~~~~~~~~~~~~
/Library/Developer/CommandLineTools/SDKs/MacOSX.sdk/System/Library/Frameworks/Ruby.framework/Versions/2.6/usr/include/ruby-2.6.0/ruby/ruby.h:1811:5: note: expanded from macro 'RUBY_CONST_ID_CACHE'
 1811 |     {                                                   \
      |     ^
wab.c:56:45: warning: '}' and ')' tokens terminating statement expression appear in different macro expansion contexts [-Wcompound-token-split-by-macro]
   56 |         if (rb_const_defined_at(rb_cObject, rb_intern("URI"))) {
      |                                             ^~~~~~~~~~~~~~~~
/Library/Developer/CommandLineTools/SDKs/MacOSX.sdk/System/Library/Frameworks/Ruby.framework/Versions/2.6/usr/include/ruby-2.6.0/ruby/ruby.h:1826:24: note: expanded from macro 'rb_intern'
 1826 |         __extension__ (RUBY_CONST_ID_CACHE((ID), (str))) : \
      |                        ^~~~~~~~~~~~~~~~~~~~~~~~~~~~~~~~
/Library/Developer/CommandLineTools/SDKs/MacOSX.sdk/System/Library/Frameworks/Ruby.framework/Versions/2.6/usr/include/ruby-2.6.0/ruby/ruby.h:1816:5: note: expanded from macro 'RUBY_CONST_ID_CACHE'
 1816 |     }
      |     ^
wab.c:56:45: note: ')' token is here
   56 |         if (rb_const_defined_at(rb_cObject, rb_intern("URI"))) {
      |                                             ^~~~~~~~~~~~~~~~
/Library/Developer/CommandLineTools/SDKs/MacOSX.sdk/System/Library/Frameworks/Ruby.framework/Versions/2.6/usr/include/ruby-2.6.0/ruby/ruby.h:1826:56: note: expanded from macro 'rb_intern'
 1826 |         __extension__ (RUBY_CONST_ID_CACHE((ID), (str))) : \
      |                                                        ^
wab.c:57:52: warning: '(' and '{' tokens introducing statement expression appear in different macro expansion contexts [-Wcompound-token-split-by-macro]
   57 |             uri_clas = rb_const_get_at(rb_cObject, rb_intern("URI"));
      |                                                    ^~~~~~~~~~~~~~~~
/Library/Developer/CommandLineTools/SDKs/MacOSX.sdk/System/Library/Frameworks/Ruby.framework/Versions/2.6/usr/include/ruby-2.6.0/ruby/ruby.h:1826:23: note: expanded from macro 'rb_intern'
 1826 |         __extension__ (RUBY_CONST_ID_CACHE((ID), (str))) : \
      |                       ^
wab.c:57:52: note: '{' token is here
   57 |             uri_clas = rb_const_get_at(rb_cObject, rb_intern("URI"));
      |                                                    ^~~~~~~~~~~~~~~~
/Library/Developer/CommandLineTools/SDKs/MacOSX.sdk/System/Library/Frameworks/Ruby.framework/Versions/2.6/usr/include/ruby-2.6.0/ruby/ruby.h:1826:24: note: expanded from macro 'rb_intern'
 1826 |         __extension__ (RUBY_CONST_ID_CACHE((ID), (str))) : \
      |                        ^~~~~~~~~~~~~~~~~~~~~~~~~~~~~~~~
/Library/Developer/CommandLineTools/SDKs/MacOSX.sdk/System/Library/Frameworks/Ruby.framework/Versions/2.6/usr/include/ruby-2.6.0/ruby/ruby.h:1811:5: note: expanded from macro 'RUBY_CONST_ID_CACHE'
 1811 |     {                                                   \
      |     ^
wab.c:57:52: warning: '}' and ')' tokens terminating statement expression appear in different macro expansion contexts [-Wcompound-token-split-by-macro]
   57 |             uri_clas = rb_const_get_at(rb_cObject, rb_intern("URI"));
      |                                                    ^~~~~~~~~~~~~~~~
/Library/Developer/CommandLineTools/SDKs/MacOSX.sdk/System/Library/Frameworks/Ruby.framework/Versions/2.6/usr/include/ruby-2.6.0/ruby/ruby.h:1826:24: note: expanded from macro 'rb_intern'
 1826 |         __extension__ (RUBY_CONST_ID_CACHE((ID), (str))) : \
      |                        ^~~~~~~~~~~~~~~~~~~~~~~~~~~~~~~~
/Library/Developer/CommandLineTools/SDKs/MacOSX.sdk/System/Library/Frameworks/Ruby.framework/Versions/2.6/usr/include/ruby-2.6.0/ruby/ruby.h:1816:5: note: expanded from macro 'RUBY_CONST_ID_CACHE'
 1816 |     }
      |     ^
wab.c:57:52: note: ')' token is here
   57 |             uri_clas = rb_const_get_at(rb_cObject, rb_intern("URI"));
      |                                                    ^~~~~~~~~~~~~~~~
/Library/Developer/CommandLineTools/SDKs/MacOSX.sdk/System/Library/Frameworks/Ruby.framework/Versions/2.6/usr/include/ruby-2.6.0/ruby/ruby.h:1826:56: note: expanded from macro 'rb_intern'
 1826 |         __extension__ (RUBY_CONST_ID_CACHE((ID), (str))) : \
      |                                                        ^
wab.c:68:45: warning: '(' and '{' tokens introducing statement expression appear in different macro expansion contexts [-Wcompound-token-split-by-macro]
   68 |         if (rb_const_defined_at(rb_cObject, rb_intern("URI"))) {
      |                                             ^~~~~~~~~~~~~~~~
/Library/Developer/CommandLineTools/SDKs/MacOSX.sdk/System/Library/Frameworks/Ruby.framework/Versions/2.6/usr/include/ruby-2.6.0/ruby/ruby.h:1826:23: note: expanded from macro 'rb_intern'
 1826 |         __extension__ (RUBY_CONST_ID_CACHE((ID), (str))) : \
      |                       ^
wab.c:68:45: note: '{' token is here
   68 |         if (rb_const_defined_at(rb_cObject, rb_intern("URI"))) {
      |                                             ^~~~~~~~~~~~~~~~
/Library/Developer/CommandLineTools/SDKs/MacOSX.sdk/System/Library/Frameworks/Ruby.framework/Versions/2.6/usr/include/ruby-2.6.0/ruby/ruby.h:1826:24: note: expanded from macro 'rb_intern'
 1826 |         __extension__ (RUBY_CONST_ID_CACHE((ID), (str))) : \
      |                        ^~~~~~~~~~~~~~~~~~~~~~~~~~~~~~~~
/Library/Developer/CommandLineTools/SDKs/MacOSX.sdk/System/Library/Frameworks/Ruby.framework/Versions/2.6/usr/include/ruby-2.6.0/ruby/ruby.h:1811:5: note: expanded from macro 'RUBY_CONST_ID_CACHE'
 1811 |     {                                                   \
      |     ^
wab.c:68:45: warning: '}' and ')' tokens terminating statement expression appear in different macro expansion contexts [-Wcompound-token-split-by-macro]
   68 |         if (rb_const_defined_at(rb_cObject, rb_intern("URI"))) {
      |                                             ^~~~~~~~~~~~~~~~
/Library/Developer/CommandLineTools/SDKs/MacOSX.sdk/System/Library/Frameworks/Ruby.framework/Versions/2.6/usr/include/ruby-2.6.0/ruby/ruby.h:1826:24: note: expanded from macro 'rb_intern'
 1826 |         __extension__ (RUBY_CONST_ID_CACHE((ID), (str))) : \
      |                        ^~~~~~~~~~~~~~~~~~~~~~~~~~~~~~~~
/Library/Developer/CommandLineTools/SDKs/MacOSX.sdk/System/Library/Frameworks/Ruby.framework/Versions/2.6/usr/include/ruby-2.6.0/ruby/ruby.h:1816:5: note: expanded from macro 'RUBY_CONST_ID_CACHE'
 1816 |     }
      |     ^
wab.c:68:45: note: ')' token is here
   68 |         if (rb_const_defined_at(rb_cObject, rb_intern("URI"))) {
      |                                             ^~~~~~~~~~~~~~~~
/Library/Developer/CommandLineTools/SDKs/MacOSX.sdk/System/Library/Frameworks/Ruby.framework/Versions/2.6/usr/include/ruby-2.6.0/ruby/ruby.h:1826:56: note: expanded from macro 'rb_intern'
 1826 |         __extension__ (RUBY_CONST_ID_CACHE((ID), (str))) : \
      |                                                        ^
wab.c:69:54: warning: '(' and '{' tokens introducing statement expression appear in different macro expansion contexts [-Wcompound-token-split-by-macro]
   69 |             uri_module = rb_const_get_at(rb_cObject, rb_intern("URI"));
      |                                                      ^~~~~~~~~~~~~~~~
/Library/Developer/CommandLineTools/SDKs/MacOSX.sdk/System/Library/Frameworks/Ruby.framework/Versions/2.6/usr/include/ruby-2.6.0/ruby/ruby.h:1826:23: note: expanded from macro 'rb_intern'
 1826 |         __extension__ (RUBY_CONST_ID_CACHE((ID), (str))) : \
      |                       ^
wab.c:69:54: note: '{' token is here
   69 |             uri_module = rb_const_get_at(rb_cObject, rb_intern("URI"));
      |                                                      ^~~~~~~~~~~~~~~~
/Library/Developer/CommandLineTools/SDKs/MacOSX.sdk/System/Library/Frameworks/Ruby.framework/Versions/2.6/usr/include/ruby-2.6.0/ruby/ruby.h:1826:24: note: expanded from macro 'rb_intern'
 1826 |         __extension__ (RUBY_CONST_ID_CACHE((ID), (str))) : \
      |                        ^~~~~~~~~~~~~~~~~~~~~~~~~~~~~~~~
/Library/Developer/CommandLineTools/SDKs/MacOSX.sdk/System/Library/Frameworks/Ruby.framework/Versions/2.6/usr/include/ruby-2.6.0/ruby/ruby.h:1811:5: note: expanded from macro 'RUBY_CONST_ID_CACHE'
 1811 |     {                                                   \
      |     ^
wab.c:69:54: warning: '}' and ')' tokens terminating statement expression appear in different macro expansion contexts [-Wcompound-token-split-by-macro]
   69 |             uri_module = rb_const_get_at(rb_cObject, rb_intern("URI"));
      |                                                      ^~~~~~~~~~~~~~~~
/Library/Developer/CommandLineTools/SDKs/MacOSX.sdk/System/Library/Frameworks/Ruby.framework/Versions/2.6/usr/include/ruby-2.6.0/ruby/ruby.h:1826:24: note: expanded from macro 'rb_intern'
 1826 |         __extension__ (RUBY_CONST_ID_CACHE((ID), (str))) : \
      |                        ^~~~~~~~~~~~~~~~~~~~~~~~~~~~~~~~
/Library/Developer/CommandLineTools/SDKs/MacOSX.sdk/System/Library/Frameworks/Ruby.framework/Versions/2.6/usr/include/ruby-2.6.0/ruby/ruby.h:1816:5: note: expanded from macro 'RUBY_CONST_ID_CACHE'
 1816 |     }
      |     ^
wab.c:69:54: note: ')' token is here
   69 |             uri_module = rb_const_get_at(rb_cObject, rb_intern("URI"));
      |                                                      ^~~~~~~~~~~~~~~~
/Library/Developer/CommandLineTools/SDKs/MacOSX.sdk/System/Library/Frameworks/Ruby.framework/Versions/2.6/usr/include/ruby-2.6.0/ruby/ruby.h:1826:56: note: expanded from macro 'rb_intern'
 1826 |         __extension__ (RUBY_CONST_ID_CACHE((ID), (str))) : \
      |                                                        ^
wab.c:70:49: warning: '(' and '{' tokens introducing statement expression appear in different macro expansion contexts [-Wcompound-token-split-by-macro]
   70 |             if (rb_const_defined_at(uri_module, rb_intern("HTTP"))) {
      |                                                 ^~~~~~~~~~~~~~~~~
/Library/Developer/CommandLineTools/SDKs/MacOSX.sdk/System/Library/Frameworks/Ruby.framework/Versions/2.6/usr/include/ruby-2.6.0/ruby/ruby.h:1826:23: note: expanded from macro 'rb_intern'
 1826 |         __extension__ (RUBY_CONST_ID_CACHE((ID), (str))) : \
      |                       ^
wab.c:70:49: note: '{' token is here
   70 |             if (rb_const_defined_at(uri_module, rb_intern("HTTP"))) {
      |                                                 ^~~~~~~~~~~~~~~~~
/Library/Developer/CommandLineTools/SDKs/MacOSX.sdk/System/Library/Frameworks/Ruby.framework/Versions/2.6/usr/include/ruby-2.6.0/ruby/ruby.h:1826:24: note: expanded from macro 'rb_intern'
 1826 |         __extension__ (RUBY_CONST_ID_CACHE((ID), (str))) : \
      |                        ^~~~~~~~~~~~~~~~~~~~~~~~~~~~~~~~
/Library/Developer/CommandLineTools/SDKs/MacOSX.sdk/System/Library/Frameworks/Ruby.framework/Versions/2.6/usr/include/ruby-2.6.0/ruby/ruby.h:1811:5: note: expanded from macro 'RUBY_CONST_ID_CACHE'
 1811 |     {                                                   \
      |     ^
wab.c:70:49: warning: '}' and ')' tokens terminating statement expression appear in different macro expansion contexts [-Wcompound-token-split-by-macro]
   70 |             if (rb_const_defined_at(uri_module, rb_intern("HTTP"))) {
      |                                                 ^~~~~~~~~~~~~~~~~
/Library/Developer/CommandLineTools/SDKs/MacOSX.sdk/System/Library/Frameworks/Ruby.framework/Versions/2.6/usr/include/ruby-2.6.0/ruby/ruby.h:1826:24: note: expanded from macro 'rb_intern'
 1826 |         __extension__ (RUBY_CONST_ID_CACHE((ID), (str))) : \
      |                        ^~~~~~~~~~~~~~~~~~~~~~~~~~~~~~~~
/Library/Developer/CommandLineTools/SDKs/MacOSX.sdk/System/Library/Frameworks/Ruby.framework/Versions/2.6/usr/include/ruby-2.6.0/ruby/ruby.h:1816:5: note: expanded from macro 'RUBY_CONST_ID_CACHE'
 1816 |     }
      |     ^
wab.c:70:49: note: ')' token is here
   70 |             if (rb_const_defined_at(uri_module, rb_intern("HTTP"))) {
      |                                                 ^~~~~~~~~~~~~~~~~
/Library/Developer/CommandLineTools/SDKs/MacOSX.sdk/System/Library/Frameworks/Ruby.framework/Versions/2.6/usr/include/ruby-2.6.0/ruby/ruby.h:1826:56: note: expanded from macro 'rb_intern'
 1826 |         __extension__ (RUBY_CONST_ID_CACHE((ID), (str))) : \
      |                                                        ^
wab.c:71:58: warning: '(' and '{' tokens introducing statement expression appear in different macro expansion contexts [-Wcompound-token-split-by-macro]
   71 |                 uri_http_clas = rb_const_get(uri_module, rb_intern("HTTP"));
      |                                                          ^~~~~~~~~~~~~~~~~
/Library/Developer/CommandLineTools/SDKs/MacOSX.sdk/System/Library/Frameworks/Ruby.framework/Versions/2.6/usr/include/ruby-2.6.0/ruby/ruby.h:1826:23: note: expanded from macro 'rb_intern'
 1826 |         __extension__ (RUBY_CONST_ID_CACHE((ID), (str))) : \
      |                       ^
wab.c:71:58: note: '{' token is here
   71 |                 uri_http_clas = rb_const_get(uri_module, rb_intern("HTTP"));
      |                                                          ^~~~~~~~~~~~~~~~~
/Library/Developer/CommandLineTools/SDKs/MacOSX.sdk/System/Library/Frameworks/Ruby.framework/Versions/2.6/usr/include/ruby-2.6.0/ruby/ruby.h:1826:24: note: expanded from macro 'rb_intern'
 1826 |         __extension__ (RUBY_CONST_ID_CACHE((ID), (str))) : \
      |                        ^~~~~~~~~~~~~~~~~~~~~~~~~~~~~~~~
/Library/Developer/CommandLineTools/SDKs/MacOSX.sdk/System/Library/Frameworks/Ruby.framework/Versions/2.6/usr/include/ruby-2.6.0/ruby/ruby.h:1811:5: note: expanded from macro 'RUBY_CONST_ID_CACHE'
 1811 |     {                                                   \
      |     ^
wab.c:71:58: warning: '}' and ')' tokens terminating statement expression appear in different macro expansion contexts [-Wcompound-token-split-by-macro]
   71 |                 uri_http_clas = rb_const_get(uri_module, rb_intern("HTTP"));
      |                                                          ^~~~~~~~~~~~~~~~~
/Library/Developer/CommandLineTools/SDKs/MacOSX.sdk/System/Library/Frameworks/Ruby.framework/Versions/2.6/usr/include/ruby-2.6.0/ruby/ruby.h:1826:24: note: expanded from macro 'rb_intern'
 1826 |         __extension__ (RUBY_CONST_ID_CACHE((ID), (str))) : \
      |                        ^~~~~~~~~~~~~~~~~~~~~~~~~~~~~~~~
/Library/Developer/CommandLineTools/SDKs/MacOSX.sdk/System/Library/Frameworks/Ruby.framework/Versions/2.6/usr/include/ruby-2.6.0/ruby/ruby.h:1816:5: note: expanded from macro 'RUBY_CONST_ID_CACHE'
 1816 |     }
      |     ^
wab.c:71:58: note: ')' token is here
   71 |                 uri_http_clas = rb_const_get(uri_module, rb_intern("HTTP"));
      |                                                          ^~~~~~~~~~~~~~~~~
/Library/Developer/CommandLineTools/SDKs/MacOSX.sdk/System/Library/Frameworks/Ruby.framework/Versions/2.6/usr/include/ruby-2.6.0/ruby/ruby.h:1826:56: note: expanded from macro 'rb_intern'
 1826 |         __extension__ (RUBY_CONST_ID_CACHE((ID), (str))) : \
      |                                                        ^
20 warnings generated.
linking shared-object oj/oj.bundle
ld: warning: search path '/AppleInternal/Library/BuildRoots/d187755d-b9a3-11ef-83e5-aabfac210453/Applications/Xcode.app/Contents/Developer/Platforms/MacOSX.platform/Developer/SDKs/MacOSX15.3.Internal.sdk/usr/local/lib' not found

current directory: /Users/dalm1-tt/Downloads/hermes-frontend-old/STORM/vendor/bundle/ruby/2.6.0/gems/oj-3.14.2/ext/oj
make "DESTDIR=" install
/usr/bin/install -c -m 0755 oj.bundle ./.gem.20250817-64949-6dwj5q/oj
